trace_id,experiment_id,request_id,layer,left_kv_head,right_kv_head,drop_jaccard,keep_jaccard
kvzap-predictor-trace-20260817T085505Z::builtin_retrieval_trace,kvzap-predictor-trace-20260817T085505Z,builtin_retrieval_trace,0,0,1,0.9459459459459459,0.0
kvzap-predictor-trace-20260817T085505Z::builtin_retrieval_trace,kvzap-predictor-trace-20260817T085505Z,builtin_retrieval_trace,0,0,2,0.9716859716859717,0.0
kvzap-predictor-trace-20260817T085505Z::builtin_retrieval_trace,kvzap-predictor-trace-20260817T085505Z,builtin_retrieval_trace,0,0,3,0.9317010309278351,0.018518518518518517
kvzap-predictor-trace-20260817T085505Z::builtin_retrieval_trace,kvzap-predictor-trace-20260817T085505Z,builtin_retrieval_trace,0,0,4,0.9716859716859717,0.0
kvzap-predictor-trace-20260817T085505Z::builtin_retrieval_trace,kvzap-predictor-trace-20260817T085505Z,builtin_retrieval_trace,0,0,5,0.9856396866840731,0.5
kvzap-predictor-trace-20260817T085505Z::builtin_retrieval_trace,kvzap-predictor-trace-20260817T085505Z,builtin_retrieval_trace,0,0,6,0.7841059602649006,0.11891891891891893
kvzap-predictor-trace-20260817T085505Z::builtin_retrieval_trace,kvzap-predictor-trace-20260817T085505Z,builtin_retrieval_trace,0,0,7,0.9716859716859717,0.0
kvzap-predictor-trace-20260817T085505Z::builtin_retrieval_trace,kvzap-predictor-trace-20260817T085505Z,builtin_retrieval_trace,0,1,2,0.9742599742599742,0.0
kvzap-predictor-trace-20260817T085505Z::builtin_retrieval_trace,kvzap-predictor-trace-20260817T085505Z,builtin_retrieval_trace,0,1,3,0.9317889317889317,0.0
kvzap-predictor-trace-20260817T085505Z::builtin_retrieval_trace,kvzap-predictor-trace-20260817T085505Z,builtin_retrieval_trace,0,1,4,0.9742599742599742,0.0
kvzap-predictor-trace-20260817T085505Z::builtin_retrieval_trace,kvzap-predictor-trace-20260817T085505Z,builtin_retrieval_trace,0,1,5,0.9601029601029601,0.0
kvzap-predictor-trace-20260817T085505Z::builtin_retrieval_trace,kvzap-predictor-trace-20260817T085505Z,builtin_retrieval_trace,0,1,6,0.758800521512386,0.05128205128205128
kvzap-predictor-trace-20260817T085505Z::builtin_retrieval_trace,kvzap-predictor-trace-20260817T085505Z,builtin_retrieval_trace,0,1,7,0.9742599742599742,0.0
kvzap-predictor-trace-20260817T085505Z::builtin_retrieval_trace,kvzap-predictor-trace-20260817T085505Z,builtin_retrieval_trace,0,2,3,0.9575289575289575,0.0
kvzap-predictor-trace-20260817T085505Z::builtin_retrieval_trace,kvzap-predictor-trace-20260817T085505Z,builtin_retrieval_trace,0,2,4,1.0,1.0
kvzap-predictor-trace-20260817T085505Z::builtin_retrieval_trace,kvzap-predictor-trace-20260817T085505Z,builtin_retrieval_trace,0,2,5,0.9858429858429858,0.0
kvzap-predictor-trace-20260817T085505Z::builtin_retrieval_trace,kvzap-predictor-trace-20260817T085505Z,builtin_retrieval_trace,0,2,6,0.7619047619047619,0.0
kvzap-predictor-trace-20260817T085505Z::builtin_retrieval_trace,kvzap-predictor-trace-20260817T085505Z,builtin_retrieval_trace,0,2,7,1.0,1.0
kvzap-predictor-trace-20260817T085505Z::builtin_retrieval_trace,kvzap-predictor-trace-20260817T085505Z,builtin_retrieval_trace,0,3,4,0.9575289575289575,0.0
kvzap-predictor-trace-20260817T085505Z::builtin_retrieval_trace,kvzap-predictor-trace-20260817T085505Z,builtin_retrieval_trace,0,3,5,0.9433719433719434,0.0
kvzap-predictor-trace-20260817T085505Z::builtin_retrieval_trace,kvzap-predictor-trace-20260817T085505Z,builtin_retrieval_trace,0,3,6,0.7238709677419355,0.009259259259259259
kvzap-predictor-trace-20260817T085505Z::builtin_retrieval_trace,kvzap-predictor-trace-20260817T085505Z,builtin_retrieval_trace,0,3,7,0.9575289575289575,0.0
kvzap-predictor-trace-20260817T085505Z::builtin_retrieval_trace,kvzap-predictor-trace-20260817T085505Z,builtin_retrieval_trace,0,4,5,0.9858429858429858,0.0
kvzap-predictor-trace-20260817T085505Z::builtin_retrieval_trace,kvzap-predictor-trace-20260817T085505Z,builtin_retrieval_trace,0,4,6,0.7619047619047619,0.0
kvzap-predictor-trace-20260817T085505Z::builtin_retrieval_trace,kvzap-predictor-trace-20260817T085505Z,builtin_retrieval_trace,0,4,7,1.0,1.0
kvzap-predictor-trace-20260817T085505Z::builtin_retrieval_trace,kvzap-predictor-trace-20260817T085505Z,builtin_retrieval_trace,0,5,6,0.7728459530026109,0.05945945945945946
kvzap-predictor-trace-20260817T085505Z::builtin_retrieval_trace,kvzap-predictor-trace-20260817T085505Z,builtin_retrieval_trace,0,5,7,0.9858429858429858,0.0
kvzap-predictor-trace-20260817T085505Z::builtin_retrieval_trace,kvzap-predictor-trace-20260817T085505Z,builtin_retrieval_trace,0,6,7,0.7619047619047619,0.0
kvzap-predictor-trace-20260817T085505Z::builtin_retrieval_trace,kvzap-predictor-trace-20260817T085505Z,builtin_retrieval_trace,1,0,1,1.0,1.0
kvzap-predictor-trace-20260817T085505Z::builtin_retrieval_trace,kvzap-predictor-trace-20260817T085505Z,builtin_retrieval_trace,1,0,2,0.954954954954955,0.0
kvzap-predictor-trace-20260817T085505Z::builtin_retrieval_trace,kvzap-predictor-trace-20260817T085505Z,builtin_retrieval_trace,1,0,3,1.0,1.0
kvzap-predictor-trace-20260817T085505Z::builtin_retrieval_trace,kvzap-predictor-trace-20260817T085505Z,builtin_retrieval_trace,1,0,4,0.9794079794079794,0.0
kvzap-predictor-trace-20260817T085505Z::builtin_retrieval_trace,kvzap-predictor-trace-20260817T085505Z,builtin_retrieval_trace,1,0,5,0.9691119691119691,0.0
kvzap-predictor-trace-20260817T085505Z::builtin_retrieval_trace,kvzap-predictor-trace-20260817T085505Z,builtin_retrieval_trace,1,0,6,1.0,1.0
kvzap-predictor-trace-20260817T085505Z::builtin_retrieval_trace,kvzap-predictor-trace-20260817T085505Z,builtin_retrieval_trace,1,0,7,0.11711711711711711,0.0
kvzap-predictor-trace-20260817T085505Z::builtin_retrieval_trace,kvzap-predictor-trace-20260817T085505Z,builtin_retrieval_trace,1,1,2,0.954954954954955,0.0
kvzap-predictor-trace-20260817T085505Z::builtin_retrieval_trace,kvzap-predictor-trace-20260817T085505Z,builtin_retrieval_trace,1,1,3,1.0,1.0
kvzap-predictor-trace-20260817T085505Z::builtin_retrieval_trace,kvzap-predictor-trace-20260817T085505Z,builtin_retrieval_trace,1,1,4,0.9794079794079794,0.0
kvzap-predictor-trace-20260817T085505Z::builtin_retrieval_trace,kvzap-predictor-trace-20260817T085505Z,builtin_retrieval_trace,1,1,5,0.9691119691119691,0.0
kvzap-predictor-trace-20260817T085505Z::builtin_retrieval_trace,kvzap-predictor-trace-20260817T085505Z,builtin_retrieval_trace,1,1,6,1.0,1.0
kvzap-predictor-trace-20260817T085505Z::builtin_retrieval_trace,kvzap-predictor-trace-20260817T085505Z,builtin_retrieval_trace,1,1,7,0.11711711711711711,0.0
kvzap-predictor-trace-20260817T085505Z::builtin_retrieval_trace,kvzap-predictor-trace-20260817T085505Z,builtin_retrieval_trace,1,2,3,0.954954954954955,0.0
kvzap-predictor-trace-20260817T085505Z::builtin_retrieval_trace,kvzap-predictor-trace-20260817T085505Z,builtin_retrieval_trace,1,2,4,0.944372574385511,0.0851063829787234
kvzap-predictor-trace-20260817T085505Z::builtin_retrieval_trace,kvzap-predictor-trace-20260817T085505Z,builtin_retrieval_trace,1,2,5,0.9491525423728814,0.20408163265306123
kvzap-predictor-trace-20260817T085505Z::builtin_retrieval_trace,kvzap-predictor-trace-20260817T085505Z,builtin_retrieval_trace,1,2,6,0.954954954954955,0.0
kvzap-predictor-trace-20260817T085505Z::builtin_retrieval_trace,kvzap-predictor-trace-20260817T085505Z,builtin_retrieval_trace,1,2,7,0.12264150943396226,0.05102040816326531
kvzap-predictor-trace-20260817T085505Z::builtin_retrieval_trace,kvzap-predictor-trace-20260817T085505Z,builtin_retrieval_trace,1,3,4,0.9794079794079794,0.0
kvzap-predictor-trace-20260817T085505Z::builtin_retrieval_trace,kvzap-predictor-trace-20260817T085505Z,builtin_retrieval_trace,1,3,5,0.9691119691119691,0.0
kvzap-predictor-trace-20260817T085505Z::builtin_retrieval_trace,kvzap-predictor-trace-20260817T085505Z,builtin_retrieval_trace,1,3,6,1.0,1.0
kvzap-predictor-trace-20260817T085505Z::builtin_retrieval_trace,kvzap-predictor-trace-20260817T085505Z,builtin_retrieval_trace,1,3,7,0.11711711711711711,0.0
kvzap-predictor-trace-20260817T085505Z::builtin_retrieval_trace,kvzap-predictor-trace-20260817T085505Z,builtin_retrieval_trace,1,4,5,0.9485199485199485,0.0
kvzap-predictor-trace-20260817T085505Z::builtin_retrieval_trace,kvzap-predictor-trace-20260817T085505Z,builtin_retrieval_trace,1,4,6,0.9794079794079794,0.0
kvzap-predictor-trace-20260817T085505Z::builtin_retrieval_trace,kvzap-predictor-trace-20260817T085505Z,builtin_retrieval_trace,1,4,7,0.1122715404699739,0.015918958031837915
kvzap-predictor-trace-20260817T085505Z::builtin_retrieval_trace,kvzap-predictor-trace-20260817T085505Z,builtin_retrieval_trace,1,5,6,0.9691119691119691,0.0
kvzap-predictor-trace-20260817T085505Z::builtin_retrieval_trace,kvzap-predictor-trace-20260817T085505Z,builtin_retrieval_trace,1,5,7,0.10761154855643044,0.02158273381294964
kvzap-predictor-trace-20260817T085505Z::builtin_retrieval_trace,kvzap-predictor-trace-20260817T085505Z,builtin_retrieval_trace,1,6,7,0.11711711711711711,0.0
kvzap-predictor-trace-20260817T085505Z::builtin_retrieval_trace,kvzap-predictor-trace-20260817T085505Z,builtin_retrieval_trace,2,0,1,0.9691119691119691,0.0
kvzap-predictor-trace-20260817T085505Z::builtin_retrieval_trace,kvzap-predictor-trace-20260817T085505Z,builtin_retrieval_trace,2,0,2,0.9330759330759331,0.0
kvzap-predictor-trace-20260817T085505Z::builtin_retrieval_trace,kvzap-predictor-trace-20260817T085505Z,builtin_retrieval_trace,2,0,3,0.9665379665379665,0.0
kvzap-predictor-trace-20260817T085505Z::builtin_retrieval_trace,kvzap-predictor-trace-20260817T085505Z,builtin_retrieval_trace,2,0,4,0.9948519948519948,0.0
kvzap-predictor-trace-20260817T085505Z::builtin_retrieval_trace,kvzap-predictor-trace-20260817T085505Z,builtin_retrieval_trace,2,0,5,0.8983268983268984,0.0
kvzap-predictor-trace-20260817T085505Z::builtin_retrieval_trace,kvzap-predictor-trace-20260817T085505Z,builtin_retrieval_trace,2,0,6,0.9858429858429858,0.0
kvzap-predictor-trace-20260817T085505Z::builtin_retrieval_trace,kvzap-predictor-trace-20260817T085505Z,builtin_retrieval_trace,2,0,7,0.023166023166023165,0.0
kvzap-predictor-trace-20260817T085505Z::builtin_retrieval_trace,kvzap-predictor-trace-20260817T085505Z,builtin_retrieval_trace,2,1,2,0.9021879021879022,0.0
kvzap-predictor-trace-20260817T085505Z::builtin_retrieval_trace,kvzap-predictor-trace-20260817T085505Z,builtin_retrieval_trace,2,1,3,0.9789473684210527,0.5151515151515151
kvzap-predictor-trace-20260817T085505Z::builtin_retrieval_trace,kvzap-predictor-trace-20260817T085505Z,builtin_retrieval_trace,2,1,4,0.9664948453608248,0.037037037037037035
kvzap-predictor-trace-20260817T085505Z::builtin_retrieval_trace,kvzap-predictor-trace-20260817T085505Z,builtin_retrieval_trace,2,1,5,0.8698453608247423,0.00980392156862745
kvzap-predictor-trace-20260817T085505Z::builtin_retrieval_trace,kvzap-predictor-trace-20260817T085505Z,builtin_retrieval_trace,2,1,6,0.9701686121919585,0.20689655172413793
kvzap-predictor-trace-20260817T085505Z::builtin_retrieval_trace,kvzap-predictor-trace-20260817T085505Z,builtin_retrieval_trace,2,1,7,0.02390438247011952,0.03162055335968379
kvzap-predictor-trace-20260817T085505Z::builtin_retrieval_trace,kvzap-predictor-trace-20260817T085505Z,builtin_retrieval_trace,2,2,3,0.8996138996138996,0.0
kvzap-predictor-trace-20260817T085505Z::builtin_retrieval_trace,kvzap-predictor-trace-20260817T085505Z,builtin_retrieval_trace,2,2,4,0.9279279279279279,0.0
kvzap-predictor-trace-20260817T085505Z::builtin_retrieval_trace,kvzap-predictor-trace-20260817T085505Z,builtin_retrieval_trace,2,2,5,0.8337628865979382,0.007692307692307693
kvzap-predictor-trace-20260817T085505Z::builtin_retrieval_trace,kvzap-predictor-trace-20260817T085505Z,builtin_retrieval_trace,2,2,6,0.918918918918919,0.0
kvzap-predictor-trace-20260817T085505Z::builtin_retrieval_trace,kvzap-predictor-trace-20260817T085505Z,builtin_retrieval_trace,2,2,7,0.0,0.043758043758043756
kvzap-predictor-trace-20260817T085505Z::builtin_retrieval_trace,kvzap-predictor-trace-20260817T085505Z,builtin_retrieval_trace,2,3,4,0.9639175257731959,0.034482758620689655
kvzap-predictor-trace-20260817T085505Z::builtin_retrieval_trace,kvzap-predictor-trace-20260817T085505Z,builtin_retrieval_trace,2,3,5,0.8672680412371134,0.009615384615384616
kvzap-predictor-trace-20260817T085505Z::builtin_retrieval_trace,kvzap-predictor-trace-20260817T085505Z,builtin_retrieval_trace,2,3,6,0.9752604166666666,0.32142857142857145
kvzap-predictor-trace-20260817T085505Z::builtin_retrieval_trace,kvzap-predictor-trace-20260817T085505Z,builtin_retrieval_trace,2,3,7,0.023968042609853527,0.034255599472990776
kvzap-predictor-trace-20260817T085505Z::builtin_retrieval_trace,kvzap-predictor-trace-20260817T085505Z,builtin_retrieval_trace,2,4,5,0.895618556701031,0.012195121951219513
kvzap-predictor-trace-20260817T085505Z::builtin_retrieval_trace,kvzap-predictor-trace-20260817T085505Z,builtin_retrieval_trace,2,4,6,0.9806949806949807,0.0
kvzap-predictor-trace-20260817T085505Z::builtin_retrieval_trace,kvzap-predictor-trace-20260817T085505Z,builtin_retrieval_trace,2,4,7,0.02328589909443726,0.005270092226613966
kvzap-predictor-trace-20260817T085505Z::builtin_retrieval_trace,kvzap-predictor-trace-20260817T085505Z,builtin_retrieval_trace,2,5,6,0.8865979381443299,0.011235955056179775
kvzap-predictor-trace-20260817T085505Z::builtin_retrieval_trace,kvzap-predictor-trace-20260817T085505Z,builtin_retrieval_trace,2,5,7,0.025787965616045846,0.10408432147562582
kvzap-predictor-trace-20260817T085505Z::builtin_retrieval_trace,kvzap-predictor-trace-20260817T085505Z,builtin_retrieval_trace,2,6,7,0.02349869451697128,0.014492753623188406
kvzap-predictor-trace-20260817T085505Z::builtin_retrieval_trace,kvzap-predictor-trace-20260817T085505Z,builtin_retrieval_trace,3,0,1,0.31136950904392763,0.005597014925373134
kvzap-predictor-trace-20260817T085505Z::builtin_retrieval_trace,kvzap-predictor-trace-20260817T085505Z,builtin_retrieval_trace,3,0,2,0.9394329896907216,0.020833333333333332
kvzap-predictor-trace-20260817T085505Z::builtin_retrieval_trace,kvzap-predictor-trace-20260817T085505Z,builtin_retrieval_trace,3,0,3,0.32087628865979384,0.001893939393939394
kvzap-predictor-trace-20260817T085505Z::builtin_retrieval_trace,kvzap-predictor-trace-20260817T085505Z,builtin_retrieval_trace,3,0,4,0.961340206185567,0.03225806451612903
kvzap-predictor-trace-20260817T085505Z::builtin_retrieval_trace,kvzap-predictor-trace-20260817T085505Z,builtin_retrieval_trace,3,0,5,0.9845360824742269,0.07692307692307693
kvzap-predictor-trace-20260817T085505Z::builtin_retrieval_trace,kvzap-predictor-trace-20260817T085505Z,builtin_retrieval_trace,3,0,6,0.9961389961389961,0.0
kvzap-predictor-trace-20260817T085505Z::builtin_retrieval_trace,kvzap-predictor-trace-20260817T085505Z,builtin_retrieval_trace,3,0,7,0.9948453608247423,0.2
kvzap-predictor-trace-20260817T085505Z::builtin_retrieval_trace,kvzap-predictor-trace-20260817T085505Z,builtin_retrieval_trace,3,1,2,0.31886024423337855,0.07380073800738007
kvzap-predictor-trace-20260817T085505Z::builtin_retrieval_trace,kvzap-predictor-trace-20260817T085505Z,builtin_retrieval_trace,3,1,3,0.43859649122807015,0.69377990430622
kvzap-predictor-trace-20260817T085505Z::builtin_retrieval_trace,kvzap-predictor-trace-20260817T085505Z,builtin_retrieval_trace,3,1,4,0.32219251336898397,0.054104477611940295
kvzap-predictor-trace-20260817T085505Z::builtin_retrieval_trace,kvzap-predictor-trace-20260817T085505Z,builtin_retrieval_trace,3,1,5,0.31462140992167104,0.020522388059701493
kvzap-predictor-trace-20260817T085505Z::builtin_retrieval_trace,kvzap-predictor-trace-20260817T085505Z,builtin_retrieval_trace,3,1,6,0.31016731016731014,0.0
kvzap-predictor-trace-20260817T085505Z::builtin_retrieval_trace,kvzap-predictor-trace-20260817T085505Z,builtin_retrieval_trace,3,1,7,0.31136950904392763,0.005597014925373134
kvzap-predictor-trace-20260817T085505Z::builtin_retrieval_trace,kvzap-predictor-trace-20260817T085505Z,builtin_retrieval_trace,3,2,3,0.30066225165562915,0.04
kvzap-predictor-trace-20260817T085505Z::builtin_retrieval_trace,kvzap-predictor-trace-20260817T085505Z,builtin_retrieval_trace,3,2,4,0.9308093994778068,0.171875
kvzap-predictor-trace-20260817T085505Z::builtin_retrieval_trace,kvzap-predictor-trace-20260817T085505Z,builtin_retrieval_trace,3,2,5,0.9466840052015605,0.16326530612244897
kvzap-predictor-trace-20260817T085505Z::builtin_retrieval_trace,kvzap-predictor-trace-20260817T085505Z,builtin_retrieval_trace,3,2,6,0.9407979407979408,0.0
kvzap-predictor-trace-20260817T085505Z::builtin_retrieval_trace,kvzap-predictor-trace-20260817T085505Z,builtin_retrieval_trace,3,2,7,0.9444444444444444,0.06521739130434782
kvzap-predictor-trace-20260817T085505Z::builtin_retrieval_trace,kvzap-predictor-trace-20260817T085505Z,builtin_retrieval_trace,3,3,4,0.3355614973262032,0.055133079847908745
kvzap-predictor-trace-20260817T085505Z::builtin_retrieval_trace,kvzap-predictor-trace-20260817T085505Z,builtin_retrieval_trace,3,3,5,0.31906614785992216,0.011299435028248588
kvzap-predictor-trace-20260817T085505Z::builtin_retrieval_trace,kvzap-predictor-trace-20260817T085505Z,builtin_retrieval_trace,3,3,6,0.323037323037323,0.0
kvzap-predictor-trace-20260817T085505Z::builtin_retrieval_trace,kvzap-predictor-trace-20260817T085505Z,builtin_retrieval_trace,3,3,7,0.3242894056847545,0.005703422053231939
kvzap-predictor-trace-20260817T085505Z::builtin_retrieval_trace,kvzap-predictor-trace-20260817T085505Z,builtin_retrieval_trace,3,4,5,0.961139896373057,0.14285714285714285
kvzap-predictor-trace-20260817T085505Z::builtin_retrieval_trace,kvzap-predictor-trace-20260817T085505Z,builtin_retrieval_trace,3,4,6,0.9626769626769627,0.0
kvzap-predictor-trace-20260817T085505Z::builtin_retrieval_trace,kvzap-predictor-trace-20260817T085505Z,builtin_retrieval_trace,3,4,7,0.9638709677419355,0.06666666666666667
kvzap-predictor-trace-20260817T085505Z::builtin_retrieval_trace,kvzap-predictor-trace-20260817T085505Z,builtin_retrieval_trace,3,5,6,0.9858429858429858,0.0
kvzap-predictor-trace-20260817T085505Z::builtin_retrieval_trace,kvzap-predictor-trace-20260817T085505Z,builtin_retrieval_trace,3,5,7,0.9845360824742269,0.07692307692307693
kvzap-predictor-trace-20260817T085505Z::builtin_retrieval_trace,kvzap-predictor-trace-20260817T085505Z,builtin_retrieval_trace,3,6,7,0.9961389961389961,0.0
kvzap-predictor-trace-20260817T085505Z::builtin_retrieval_trace,kvzap-predictor-trace-20260817T085505Z,builtin_retrieval_trace,4,0,1,0.21419185282522996,0.026058631921824105
kvzap-predictor-trace-20260817T085505Z::builtin_retrieval_trace,kvzap-predictor-trace-20260817T085505Z,builtin_retrieval_trace,4,0,2,0.9716494845360825,0.043478260869565216
kvzap-predictor-trace-20260817T085505Z::builtin_retrieval_trace,kvzap-predictor-trace-20260817T085505Z,builtin_retrieval_trace,4,0,3,0.9767741935483871,0.1
kvzap-predictor-trace-20260817T085505Z::builtin_retrieval_trace,kvzap-predictor-trace-20260817T085505Z,builtin_retrieval_trace,4,0,4,0.9768041237113402,0.05263157894736842
kvzap-predictor-trace-20260817T085505Z::builtin_retrieval_trace,kvzap-predictor-trace-20260817T085505Z,builtin_retrieval_trace,4,0,5,0.9768041237113402,0.05263157894736842
kvzap-predictor-trace-20260817T085505Z::builtin_retrieval_trace,kvzap-predictor-trace-20260817T085505Z,builtin_retrieval_trace,4,0,6,0.9742268041237113,0.047619047619047616
kvzap-predictor-trace-20260817T085505Z::builtin_retrieval_trace,kvzap-predictor-trace-20260817T085505Z,builtin_retrieval_trace,4,0,7,0.9281045751633987,0.1791044776119403
kvzap-predictor-trace-20260817T085505Z::builtin_retrieval_trace,kvzap-predictor-trace-20260817T085505Z,builtin_retrieval_trace,4,1,2,0.21243523316062177,0.008156606851549755
kvzap-predictor-trace-20260817T085505Z::builtin_retrieval_trace,kvzap-predictor-trace-20260817T085505Z,builtin_retrieval_trace,4,1,3,0.21345407503234154,0.006535947712418301
kvzap-predictor-trace-20260817T085505Z::builtin_retrieval_trace,kvzap-predictor-trace-20260817T085505Z,builtin_retrieval_trace,4,1,4,0.2129032258064516,0.0032679738562091504
kvzap-predictor-trace-20260817T085505Z::builtin_retrieval_trace,kvzap-predictor-trace-20260817T085505Z,builtin_retrieval_trace,4,1,5,0.2129032258064516,0.0032679738562091504
kvzap-predictor-trace-20260817T085505Z::builtin_retrieval_trace,kvzap-predictor-trace-20260817T085505Z,builtin_retrieval_trace,4,1,6,0.21188630490956073,0.004893964110929853
kvzap-predictor-trace-20260817T085505Z::builtin_retrieval_trace,kvzap-predictor-trace-20260817T085505Z,builtin_retrieval_trace,4,1,7,0.22361111111111112,0.09253246753246754
kvzap-predictor-trace-20260817T085505Z::builtin_retrieval_trace,kvzap-predictor-trace-20260817T085505Z,builtin_retrieval_trace,4,2,3,0.9922580645161291,0.25
kvzap-predictor-trace-20260817T085505Z::builtin_retrieval_trace,kvzap-predictor-trace-20260817T085505Z,builtin_retrieval_trace,4,2,4,0.9922680412371134,0.14285714285714285
kvzap-predictor-trace-20260817T085505Z::builtin_retrieval_trace,kvzap-predictor-trace-20260817T085505Z,builtin_retrieval_trace,4,2,5,0.9948387096774194,0.3333333333333333
kvzap-predictor-trace-20260817T085505Z::builtin_retrieval_trace,kvzap-predictor-trace-20260817T085505Z,builtin_retrieval_trace,4,2,6,0.9922580645161291,0.25
kvzap-predictor-trace-20260817T085505Z::builtin_retrieval_trace,kvzap-predictor-trace-20260817T085505Z,builtin_retrieval_trace,4,2,7,0.9187096774193548,0.03076923076923077
kvzap-predictor-trace-20260817T085505Z::builtin_retrieval_trace,kvzap-predictor-trace-20260817T085505Z,builtin_retrieval_trace,4,3,4,0.9948453608247423,0.2
kvzap-predictor-trace-20260817T085505Z::builtin_retrieval_trace,kvzap-predictor-trace-20260817T085505Z,builtin_retrieval_trace,4,3,5,0.9974193548387097,0.5
kvzap-predictor-trace-20260817T085505Z::builtin_retrieval_trace,kvzap-predictor-trace-20260817T085505Z,builtin_retrieval_trace,4,3,6,0.9974160206718347,0.6
kvzap-predictor-trace-20260817T085505Z::builtin_retrieval_trace,kvzap-predictor-trace-20260817T085505Z,builtin_retrieval_trace,4,3,7,0.9212903225806451,0.031746031746031744
kvzap-predictor-trace-20260817T085505Z::builtin_retrieval_trace,kvzap-predictor-trace-20260817T085505Z,builtin_retrieval_trace,4,4,5,0.9974226804123711,0.3333333333333333
kvzap-predictor-trace-20260817T085505Z::builtin_retrieval_trace,kvzap-predictor-trace-20260817T085505Z,builtin_retrieval_trace,4,4,6,0.9948453608247423,0.2
kvzap-predictor-trace-20260817T085505Z::builtin_retrieval_trace,kvzap-predictor-trace-20260817T085505Z,builtin_retrieval_trace,4,4,7,0.9213917525773195,0.016129032258064516
kvzap-predictor-trace-20260817T085505Z::builtin_retrieval_trace,kvzap-predictor-trace-20260817T085505Z,builtin_retrieval_trace,4,5,6,0.9974193548387097,0.5
kvzap-predictor-trace-20260817T085505Z::builtin_retrieval_trace,kvzap-predictor-trace-20260817T085505Z,builtin_retrieval_trace,4,5,7,0.9238709677419354,0.03278688524590164
kvzap-predictor-trace-20260817T085505Z::builtin_retrieval_trace,kvzap-predictor-trace-20260817T085505Z,builtin_retrieval_trace,4,6,7,0.9237726098191215,0.04838709677419355
kvzap-predictor-trace-20260817T085505Z::builtin_retrieval_trace,kvzap-predictor-trace-20260817T085505Z,builtin_retrieval_trace,5,0,1,0.8877284595300261,0.1134020618556701
kvzap-predictor-trace-20260817T085505Z::builtin_retrieval_trace,kvzap-predictor-trace-20260817T085505Z,builtin_retrieval_trace,5,0,2,0.9404915912031048,0.08
kvzap-predictor-trace-20260817T085505Z::builtin_retrieval_trace,kvzap-predictor-trace-20260817T085505Z,builtin_retrieval_trace,5,0,3,0.33738191632928477,0.0683111954459203
kvzap-predictor-trace-20260817T085505Z::builtin_retrieval_trace,kvzap-predictor-trace-20260817T085505Z,builtin_retrieval_trace,5,0,4,0.9392764857881137,0.06
kvzap-predictor-trace-20260817T085505Z::builtin_retrieval_trace,kvzap-predictor-trace-20260817T085505Z,builtin_retrieval_trace,5,0,5,0.937984496124031,0.058823529411764705
kvzap-predictor-trace-20260817T085505Z::builtin_retrieval_trace,kvzap-predictor-trace-20260817T085505Z,builtin_retrieval_trace,5,0,6,0.9303225806451613,0.03571428571428571
kvzap-predictor-trace-20260817T085505Z::builtin_retrieval_trace,kvzap-predictor-trace-20260817T085505Z,builtin_retrieval_trace,5,0,7,0.9404915912031048,0.08
kvzap-predictor-trace-20260817T085505Z::builtin_retrieval_trace,kvzap-predictor-trace-20260817T085505Z,builtin_retrieval_trace,5,1,2,0.9301423027166882,0.06896551724137931
kvzap-predictor-trace-20260817T085505Z::builtin_retrieval_trace,kvzap-predictor-trace-20260817T085505Z,builtin_retrieval_trace,5,1,3,0.31769436997319034,0.05740740740740741
kvzap-predictor-trace-20260817T085505Z::builtin_retrieval_trace,kvzap-predictor-trace-20260817T085505Z,builtin_retrieval_trace,5,1,4,0.9289405684754521,0.05172413793103448
kvzap-predictor-trace-20260817T085505Z::builtin_retrieval_trace,kvzap-predictor-trace-20260817T085505Z,builtin_retrieval_trace,5,1,5,0.9276485788113695,0.05084745762711865
kvzap-predictor-trace-20260817T085505Z::builtin_retrieval_trace,kvzap-predictor-trace-20260817T085505Z,builtin_retrieval_trace,5,1,6,0.92496765847348,0.06451612903225806
kvzap-predictor-trace-20260817T085505Z::builtin_retrieval_trace,kvzap-predictor-trace-20260817T085505Z,builtin_retrieval_trace,5,1,7,0.9251612903225807,0.03333333333333333
kvzap-predictor-trace-20260817T085505Z::builtin_retrieval_trace,kvzap-predictor-trace-20260817T085505Z,builtin_retrieval_trace,5,2,3,0.34152652005174644,0.007797270955165692
kvzap-predictor-trace-20260817T085505Z::builtin_retrieval_trace,kvzap-predictor-trace-20260817T085505Z,builtin_retrieval_trace,5,2,4,0.9987080103359173,0.75
kvzap-predictor-trace-20260817T085505Z::builtin_retrieval_trace,kvzap-predictor-trace-20260817T085505Z,builtin_retrieval_trace,5,2,5,0.9974160206718347,0.6
kvzap-predictor-trace-20260817T085505Z::builtin_retrieval_trace,kvzap-predictor-trace-20260817T085505Z,builtin_retrieval_trace,5,2,6,0.9896774193548387,0.2
kvzap-predictor-trace-20260817T085505Z::builtin_retrieval_trace,kvzap-predictor-trace-20260817T085505Z,builtin_retrieval_trace,5,2,7,0.9948387096774194,0.3333333333333333
kvzap-predictor-trace-20260817T085505Z::builtin_retrieval_trace,kvzap-predictor-trace-20260817T085505Z,builtin_retrieval_trace,5,3,4,0.34108527131782945,0.005847953216374269
kvzap-predictor-trace-20260817T085505Z::builtin_retrieval_trace,kvzap-predictor-trace-20260817T085505Z,builtin_retrieval_trace,5,3,5,0.34152652005174644,0.007797270955165692
kvzap-predictor-trace-20260817T085505Z::builtin_retrieval_trace,kvzap-predictor-trace-20260817T085505Z,builtin_retrieval_trace,5,3,6,0.3433029908972692,0.015594541910331383
kvzap-predictor-trace-20260817T085505Z::builtin_retrieval_trace,kvzap-predictor-trace-20260817T085505Z,builtin_retrieval_trace,5,3,7,0.34152652005174644,0.007797270955165692
kvzap-predictor-trace-20260817T085505Z::builtin_retrieval_trace,kvzap-predictor-trace-20260817T085505Z,builtin_retrieval_trace,5,4,5,0.9987080103359173,0.75
kvzap-predictor-trace-20260817T085505Z::builtin_retrieval_trace,kvzap-predictor-trace-20260817T085505Z,builtin_retrieval_trace,5,4,6,0.9909677419354839,0.2222222222222222
kvzap-predictor-trace-20260817T085505Z::builtin_retrieval_trace,kvzap-predictor-trace-20260817T085505Z,builtin_retrieval_trace,5,4,7,0.9961290322580645,0.4
kvzap-predictor-trace-20260817T085505Z::builtin_retrieval_trace,kvzap-predictor-trace-20260817T085505Z,builtin_retrieval_trace,5,5,6,0.9896774193548387,0.2
kvzap-predictor-trace-20260817T085505Z::builtin_retrieval_trace,kvzap-predictor-trace-20260817T085505Z,builtin_retrieval_trace,5,5,7,0.9948387096774194,0.3333333333333333
kvzap-predictor-trace-20260817T085505Z::builtin_retrieval_trace,kvzap-predictor-trace-20260817T085505Z,builtin_retrieval_trace,5,6,7,0.9871134020618557,0.09090909090909091
kvzap-predictor-trace-20260817T085505Z::builtin_retrieval_trace,kvzap-predictor-trace-20260817T085505Z,builtin_retrieval_trace,6,0,1,0.9729381443298969,0.045454545454545456
kvzap-predictor-trace-20260817T085505Z::builtin_retrieval_trace,kvzap-predictor-trace-20260817T085505Z,builtin_retrieval_trace,6,0,2,0.9483870967741935,0.047619047619047616
kvzap-predictor-trace-20260817T085505Z::builtin_retrieval_trace,kvzap-predictor-trace-20260817T085505Z,builtin_retrieval_trace,6,0,3,0.8941935483870967,0.023809523809523808
kvzap-predictor-trace-20260817T085505Z::builtin_retrieval_trace,kvzap-predictor-trace-20260817T085505Z,builtin_retrieval_trace,6,0,4,0.96,0.06060606060606061
kvzap-predictor-trace-20260817T085505Z::builtin_retrieval_trace,kvzap-predictor-trace-20260817T085505Z,builtin_retrieval_trace,6,0,5,0.9987113402061856,0.5
kvzap-predictor-trace-20260817T085505Z::builtin_retrieval_trace,kvzap-predictor-trace-20260817T085505Z,builtin_retrieval_trace,6,0,6,0.9741935483870968,0.09090909090909091
kvzap-predictor-trace-20260817T085505Z::builtin_retrieval_trace,kvzap-predictor-trace-20260817T085505Z,builtin_retrieval_trace,6,0,7,0.9238709677419354,0.03278688524590164
kvzap-predictor-trace-20260817T085505Z::builtin_retrieval_trace,kvzap-predictor-trace-20260817T085505Z,builtin_retrieval_trace,6,1,2,0.9288486416558862,0.06779661016949153
kvzap-predictor-trace-20260817T085505Z::builtin_retrieval_trace,kvzap-predictor-trace-20260817T085505Z,builtin_retrieval_trace,6,1,3,0.8793774319066148,0.06060606060606061
kvzap-predictor-trace-20260817T085505Z::builtin_retrieval_trace,kvzap-predictor-trace-20260817T085505Z,builtin_retrieval_trace,6,1,4,0.9556714471968709,0.22727272727272727
kvzap-predictor-trace-20260817T085505Z::builtin_retrieval_trace,kvzap-predictor-trace-20260817T085505Z,builtin_retrieval_trace,6,1,5,0.9742268041237113,0.047619047619047616
kvzap-predictor-trace-20260817T085505Z::builtin_retrieval_trace,kvzap-predictor-trace-20260817T085505Z,builtin_retrieval_trace,6,1,6,0.9471649484536082,0.023809523809523808
kvzap-predictor-trace-20260817T085505Z::builtin_retrieval_trace,kvzap-predictor-trace-20260817T085505Z,builtin_retrieval_trace,6,1,7,0.9241830065359478,0.17142857142857143
kvzap-predictor-trace-20260817T085505Z::builtin_retrieval_trace,kvzap-predictor-trace-20260817T085505Z,builtin_retrieval_trace,6,2,3,0.8938992042440318,0.22330097087378642
kvzap-predictor-trace-20260817T085505Z::builtin_retrieval_trace,kvzap-predictor-trace-20260817T085505Z,builtin_retrieval_trace,6,2,4,0.9232769830949284,0.11940298507462686
kvzap-predictor-trace-20260817T085505Z::builtin_retrieval_trace,kvzap-predictor-trace-20260817T085505Z,builtin_retrieval_trace,6,2,5,0.9471649484536082,0.023809523809523808
kvzap-predictor-trace-20260817T085505Z::builtin_retrieval_trace,kvzap-predictor-trace-20260817T085505Z,builtin_retrieval_trace,6,2,6,0.9401041666666666,0.16363636363636364
kvzap-predictor-trace-20260817T085505Z::builtin_retrieval_trace,kvzap-predictor-trace-20260817T085505Z,builtin_retrieval_trace,6,2,7,0.9142480211081794,0.2261904761904762
kvzap-predictor-trace-20260817T085505Z::builtin_retrieval_trace,kvzap-predictor-trace-20260817T085505Z,builtin_retrieval_trace,6,3,4,0.8662337662337662,0.06363636363636363
kvzap-predictor-trace-20260817T085505Z::builtin_retrieval_trace,kvzap-predictor-trace-20260817T085505Z,builtin_retrieval_trace,6,3,5,0.8930412371134021,0.011904761904761904
kvzap-predictor-trace-20260817T085505Z::builtin_retrieval_trace,kvzap-predictor-trace-20260817T085505Z,builtin_retrieval_trace,6,3,6,0.8805194805194805,0.0707070707070707
kvzap-predictor-trace-20260817T085505Z::builtin_retrieval_trace,kvzap-predictor-trace-20260817T085505Z,builtin_retrieval_trace,6,3,7,0.8637566137566137,0.1693548387096774
kvzap-predictor-trace-20260817T085505Z::builtin_retrieval_trace,kvzap-predictor-trace-20260817T085505Z,builtin_retrieval_trace,6,4,5,0.9587628865979382,0.030303030303030304
kvzap-predictor-trace-20260817T085505Z::builtin_retrieval_trace,kvzap-predictor-trace-20260817T085505Z,builtin_retrieval_trace,6,4,6,0.9417098445595855,0.1
kvzap-predictor-trace-20260817T085505Z::builtin_retrieval_trace,kvzap-predictor-trace-20260817T085505Z,builtin_retrieval_trace,6,4,7,0.9185282522996058,0.20512820512820512
kvzap-predictor-trace-20260817T085505Z::builtin_retrieval_trace,kvzap-predictor-trace-20260817T085505Z,builtin_retrieval_trace,6,5,6,0.9729381443298969,0.045454545454545456
kvzap-predictor-trace-20260817T085505Z::builtin_retrieval_trace,kvzap-predictor-trace-20260817T085505Z,builtin_retrieval_trace,6,5,7,0.9226804123711341,0.01639344262295082
kvzap-predictor-trace-20260817T085505Z::builtin_retrieval_trace,kvzap-predictor-trace-20260817T085505Z,builtin_retrieval_trace,6,6,7,0.9178617992177314,0.136986301369863
kvzap-predictor-trace-20260817T085505Z::builtin_retrieval_trace,kvzap-predictor-trace-20260817T085505Z,builtin_retrieval_trace,7,0,1,0.0,0.02059202059202059
kvzap-predictor-trace-20260817T085505Z::builtin_retrieval_trace,kvzap-predictor-trace-20260817T085505Z,builtin_retrieval_trace,7,0,2,0.9780927835051546,0.05555555555555555
kvzap-predictor-trace-20260817T085505Z::builtin_retrieval_trace,kvzap-predictor-trace-20260817T085505Z,builtin_retrieval_trace,7,0,3,0.9794079794079794,0.0
kvzap-predictor-trace-20260817T085505Z::builtin_retrieval_trace,kvzap-predictor-trace-20260817T085505Z,builtin_retrieval_trace,7,0,4,0.9794079794079794,0.0
kvzap-predictor-trace-20260817T085505Z::builtin_retrieval_trace,kvzap-predictor-trace-20260817T085505Z,builtin_retrieval_trace,7,0,5,0.1681877444589309,0.015432098765432098
kvzap-predictor-trace-20260817T085505Z::builtin_retrieval_trace,kvzap-predictor-trace-20260817T085505Z,builtin_retrieval_trace,7,0,6,0.9806701030927835,0.0625
kvzap-predictor-trace-20260817T085505Z::builtin_retrieval_trace,kvzap-predictor-trace-20260817T085505Z,builtin_retrieval_trace,7,0,7,0.9806701030927835,0.0625
kvzap-predictor-trace-20260817T085505Z::builtin_retrieval_trace,kvzap-predictor-trace-20260817T085505Z,builtin_retrieval_trace,7,1,2,0.0,0.003861003861003861
kvzap-predictor-trace-20260817T085505Z::builtin_retrieval_trace,kvzap-predictor-trace-20260817T085505Z,builtin_retrieval_trace,7,1,3,0.0,0.0
kvzap-predictor-trace-20260817T085505Z::builtin_retrieval_trace,kvzap-predictor-trace-20260817T085505Z,builtin_retrieval_trace,7,1,4,0.0,0.0
kvzap-predictor-trace-20260817T085505Z::builtin_retrieval_trace,kvzap-predictor-trace-20260817T085505Z,builtin_retrieval_trace,7,1,5,0.0,0.8262548262548263
kvzap-predictor-trace-20260817T085505Z::builtin_retrieval_trace,kvzap-predictor-trace-20260817T085505Z,builtin_retrieval_trace,7,1,6,0.0,0.001287001287001287
kvzap-predictor-trace-20260817T085505Z::builtin_retrieval_trace,kvzap-predictor-trace-20260817T085505Z,builtin_retrieval_trace,7,1,7,0.0,0.001287001287001287
kvzap-predictor-trace-20260817T085505Z::builtin_retrieval_trace,kvzap-predictor-trace-20260817T085505Z,builtin_retrieval_trace,7,2,3,0.9961389961389961,0.0
kvzap-predictor-trace-20260817T085505Z::builtin_retrieval_trace,kvzap-predictor-trace-20260817T085505Z,builtin_retrieval_trace,7,2,4,0.9961389961389961,0.0
kvzap-predictor-trace-20260817T085505Z::builtin_retrieval_trace,kvzap-predictor-trace-20260817T085505Z,builtin_retrieval_trace,7,2,5,0.1744186046511628,0.004672897196261682
kvzap-predictor-trace-20260817T085505Z::builtin_retrieval_trace,kvzap-predictor-trace-20260817T085505Z,builtin_retrieval_trace,7,2,6,0.9974226804123711,0.3333333333333333
kvzap-predictor-trace-20260817T085505Z::builtin_retrieval_trace,kvzap-predictor-trace-20260817T085505Z,builtin_retrieval_trace,7,2,7,0.9974226804123711,0.3333333333333333
kvzap-predictor-trace-20260817T085505Z::builtin_retrieval_trace,kvzap-predictor-trace-20260817T085505Z,builtin_retrieval_trace,7,3,4,1.0,1.0
kvzap-predictor-trace-20260817T085505Z::builtin_retrieval_trace,kvzap-predictor-trace-20260817T085505Z,builtin_retrieval_trace,7,3,5,0.17374517374517376,0.0
kvzap-predictor-trace-20260817T085505Z::builtin_retrieval_trace,kvzap-predictor-trace-20260817T085505Z,builtin_retrieval_trace,7,3,6,0.9987129987129987,0.0
kvzap-predictor-trace-20260817T085505Z::builtin_retrieval_trace,kvzap-predictor-trace-20260817T085505Z,builtin_retrieval_trace,7,3,7,0.9987129987129987,0.0
kvzap-predictor-trace-20260817T085505Z::builtin_retrieval_trace,kvzap-predictor-trace-20260817T085505Z,builtin_retrieval_trace,7,4,5,0.17374517374517376,0.0
kvzap-predictor-trace-20260817T085505Z::builtin_retrieval_trace,kvzap-predictor-trace-20260817T085505Z,builtin_retrieval_trace,7,4,6,0.9987129987129987,0.0
kvzap-predictor-trace-20260817T085505Z::builtin_retrieval_trace,kvzap-predictor-trace-20260817T085505Z,builtin_retrieval_trace,7,4,7,0.9987129987129987,0.0
kvzap-predictor-trace-20260817T085505Z::builtin_retrieval_trace,kvzap-predictor-trace-20260817T085505Z,builtin_retrieval_trace,7,5,6,0.17396907216494845,0.001557632398753894
kvzap-predictor-trace-20260817T085505Z::builtin_retrieval_trace,kvzap-predictor-trace-20260817T085505Z,builtin_retrieval_trace,7,5,7,0.17396907216494845,0.001557632398753894
kvzap-predictor-trace-20260817T085505Z::builtin_retrieval_trace,kvzap-predictor-trace-20260817T085505Z,builtin_retrieval_trace,7,6,7,1.0,1.0
kvzap-predictor-trace-20260817T085505Z::builtin_retrieval_trace,kvzap-predictor-trace-20260817T085505Z,builtin_retrieval_trace,8,0,1,0.862533692722372,0.25547445255474455
kvzap-predictor-trace-20260817T085505Z::builtin_retrieval_trace,kvzap-predictor-trace-20260817T085505Z,builtin_retrieval_trace,8,0,2,0.9394329896907216,0.020833333333333332
kvzap-predictor-trace-20260817T085505Z::builtin_retrieval_trace,kvzap-predictor-trace-20260817T085505Z,builtin_retrieval_trace,8,0,3,0.9406451612903226,0.041666666666666664
kvzap-predictor-trace-20260817T085505Z::builtin_retrieval_trace,kvzap-predictor-trace-20260817T085505Z,builtin_retrieval_trace,8,0,4,0.6595174262734584,0.10877192982456141
kvzap-predictor-trace-20260817T085505Z::builtin_retrieval_trace,kvzap-predictor-trace-20260817T085505Z,builtin_retrieval_trace,8,0,5,0.8811369509043928,0.031578947368421054
kvzap-predictor-trace-20260817T085505Z::builtin_retrieval_trace,kvzap-predictor-trace-20260817T085505Z,builtin_retrieval_trace,8,0,6,0.8447368421052631,0.1259259259259259
kvzap-predictor-trace-20260817T085505Z::builtin_retrieval_trace,kvzap-predictor-trace-20260817T085505Z,builtin_retrieval_trace,8,0,7,0.9477806788511749,0.21568627450980393
kvzap-predictor-trace-20260817T085505Z::builtin_retrieval_trace,kvzap-predictor-trace-20260817T085505Z,builtin_retrieval_trace,8,1,2,0.8414948453608248,0.008064516129032258
kvzap-predictor-trace-20260817T085505Z::builtin_retrieval_trace,kvzap-predictor-trace-20260817T085505Z,builtin_retrieval_trace,8,1,3,0.8402061855670103,0.008
kvzap-predictor-trace-20260817T085505Z::builtin_retrieval_trace,kvzap-predictor-trace-20260817T085505Z,builtin_retrieval_trace,8,1,4,0.7163958641063516,0.3424657534246575
kvzap-predictor-trace-20260817T085505Z::builtin_retrieval_trace,kvzap-predictor-trace-20260817T085505Z,builtin_retrieval_trace,8,1,5,0.796875,0.05454545454545454
kvzap-predictor-trace-20260817T085505Z::builtin_retrieval_trace,kvzap-predictor-trace-20260817T085505Z,builtin_retrieval_trace,8,1,6,0.7310704960835509,0.05069124423963134
kvzap-predictor-trace-20260817T085505Z::builtin_retrieval_trace,kvzap-predictor-trace-20260817T085505Z,builtin_retrieval_trace,8,1,7,0.8509803921568627,0.09523809523809523
kvzap-predictor-trace-20260817T085505Z::builtin_retrieval_trace,kvzap-predictor-trace-20260817T085505Z,builtin_retrieval_trace,8,2,3,0.9987113402061856,0.5
kvzap-predictor-trace-20260817T085505Z::builtin_retrieval_trace,kvzap-predictor-trace-20260817T085505Z,builtin_retrieval_trace,8,2,4,0.6559278350515464,0.0037313432835820895
kvzap-predictor-trace-20260817T085505Z::builtin_retrieval_trace,kvzap-predictor-trace-20260817T085505Z,builtin_retrieval_trace,8,2,5,0.9368556701030928,0.02
kvzap-predictor-trace-20260817T085505Z::builtin_retrieval_trace,kvzap-predictor-trace-20260817T085505Z,builtin_retrieval_trace,8,2,6,0.8672680412371134,0.009615384615384616
kvzap-predictor-trace-20260817T085505Z::builtin_retrieval_trace,kvzap-predictor-trace-20260817T085505Z,builtin_retrieval_trace,8,2,7,0.9832474226804123,0.07142857142857142
kvzap-predictor-trace-20260817T085505Z::builtin_retrieval_trace,kvzap-predictor-trace-20260817T085505Z,builtin_retrieval_trace,8,3,4,0.654639175257732,0.0037174721189591076
kvzap-predictor-trace-20260817T085505Z::builtin_retrieval_trace,kvzap-predictor-trace-20260817T085505Z,builtin_retrieval_trace,8,3,5,0.9380645161290323,0.04
kvzap-predictor-trace-20260817T085505Z::builtin_retrieval_trace,kvzap-predictor-trace-20260817T085505Z,builtin_retrieval_trace,8,3,6,0.865979381443299,0.009523809523809525
kvzap-predictor-trace-20260817T085505Z::builtin_retrieval_trace,kvzap-predictor-trace-20260817T085505Z,builtin_retrieval_trace,8,3,7,0.9819587628865979,0.06666666666666667
kvzap-predictor-trace-20260817T085505Z::builtin_retrieval_trace,kvzap-predictor-trace-20260817T085505Z,builtin_retrieval_trace,8,4,5,0.6263157894736842,0.05647840531561462
kvzap-predictor-trace-20260817T085505Z::builtin_retrieval_trace,kvzap-predictor-trace-20260817T085505Z,builtin_retrieval_trace,8,4,6,0.5614266842800528,0.056818181818181816
kvzap-predictor-trace-20260817T085505Z::builtin_retrieval_trace,kvzap-predictor-trace-20260817T085505Z,builtin_retrieval_trace,8,4,7,0.6649214659685864,0.048327137546468404
kvzap-predictor-trace-20260817T085505Z::builtin_retrieval_trace,kvzap-predictor-trace-20260817T085505Z,builtin_retrieval_trace,8,5,6,0.8158236057068742,0.04054054054054054
kvzap-predictor-trace-20260817T085505Z::builtin_retrieval_trace,kvzap-predictor-trace-20260817T085505Z,builtin_retrieval_trace,8,5,7,0.9201030927835051,0.015873015873015872
kvzap-predictor-trace-20260817T085505Z::builtin_retrieval_trace,kvzap-predictor-trace-20260817T085505Z,builtin_retrieval_trace,8,6,7,0.8697916666666666,0.08256880733944955
kvzap-predictor-trace-20260817T085505Z::builtin_retrieval_trace,kvzap-predictor-trace-20260817T085505Z,builtin_retrieval_trace,9,0,1,0.9974226804123711,0.3333333333333333
kvzap-predictor-trace-20260817T085505Z::builtin_retrieval_trace,kvzap-predictor-trace-20260817T085505Z,builtin_retrieval_trace,9,0,2,0.3733850129198966,0.006147540983606557
kvzap-predictor-trace-20260817T085505Z::builtin_retrieval_trace,kvzap-predictor-trace-20260817T085505Z,builtin_retrieval_trace,9,0,3,0.9561290322580646,0.05555555555555555
kvzap-predictor-trace-20260817T085505Z::builtin_retrieval_trace,kvzap-predictor-trace-20260817T085505Z,builtin_retrieval_trace,9,0,4,0.041343669250646,0.004026845637583893
kvzap-predictor-trace-20260817T085505Z::builtin_retrieval_trace,kvzap-predictor-trace-20260817T085505Z,builtin_retrieval_trace,9,0,5,0.9651612903225807,0.06896551724137931
kvzap-predictor-trace-20260817T085505Z::builtin_retrieval_trace,kvzap-predictor-trace-20260817T085505Z,builtin_retrieval_trace,9,0,6,0.8294573643410853,0.022222222222222223
kvzap-predictor-trace-20260817T085505Z::builtin_retrieval_trace,kvzap-predictor-trace-20260817T085505Z,builtin_retrieval_trace,9,0,7,0.11369509043927649,0.0043541364296081275
kvzap-predictor-trace-20260817T085505Z::builtin_retrieval_trace,kvzap-predictor-trace-20260817T085505Z,builtin_retrieval_trace,9,1,2,0.37242268041237114,0.0020491803278688526
kvzap-predictor-trace-20260817T085505Z::builtin_retrieval_trace,kvzap-predictor-trace-20260817T085505Z,builtin_retrieval_trace,9,1,3,0.9561855670103093,0.02857142857142857
kvzap-predictor-trace-20260817T085505Z::builtin_retrieval_trace,kvzap-predictor-trace-20260817T085505Z,builtin_retrieval_trace,9,1,4,0.041237113402061855,0.0013422818791946308
kvzap-predictor-trace-20260817T085505Z::builtin_retrieval_trace,kvzap-predictor-trace-20260817T085505Z,builtin_retrieval_trace,9,1,5,0.9652061855670103,0.03571428571428571
kvzap-predictor-trace-20260817T085505Z::builtin_retrieval_trace,kvzap-predictor-trace-20260817T085505Z,builtin_retrieval_trace,9,1,6,0.8273195876288659,0.007407407407407408
kvzap-predictor-trace-20260817T085505Z::builtin_retrieval_trace,kvzap-predictor-trace-20260817T085505Z,builtin_retrieval_trace,9,1,7,0.1134020618556701,0.001451378809869376
kvzap-predictor-trace-20260817T085505Z::builtin_retrieval_trace,kvzap-predictor-trace-20260817T085505Z,builtin_retrieval_trace,9,2,3,0.37283621837549935,0.052313883299798795
kvzap-predictor-trace-20260817T085505Z::builtin_retrieval_trace,kvzap-predictor-trace-20260817T085505Z,builtin_retrieval_trace,9,2,4,0.05245901639344262,0.6202365308804205
kvzap-predictor-trace-20260817T085505Z::builtin_retrieval_trace,kvzap-predictor-trace-20260817T085505Z,builtin_retrieval_trace,9,2,5,0.3821571238348868,0.053061224489795916
kvzap-predictor-trace-20260817T085505Z::builtin_retrieval_trace,kvzap-predictor-trace-20260817T085505Z,builtin_retrieval_trace,9,2,6,0.3772189349112426,0.19348659003831417
kvzap-predictor-trace-20260817T085505Z::builtin_retrieval_trace,kvzap-predictor-trace-20260817T085505Z,builtin_retrieval_trace,9,2,7,0.2651006711409396,0.6862464183381088
kvzap-predictor-trace-20260817T085505Z::builtin_retrieval_trace,kvzap-predictor-trace-20260817T085505Z,builtin_retrieval_trace,9,3,4,0.0431266846361186,0.04697986577181208
kvzap-predictor-trace-20260817T085505Z::builtin_retrieval_trace,kvzap-predictor-trace-20260817T085505Z,builtin_retrieval_trace,9,3,5,0.9464751958224543,0.21153846153846154
kvzap-predictor-trace-20260817T085505Z::builtin_retrieval_trace,kvzap-predictor-trace-20260817T085505Z,builtin_retrieval_trace,9,3,6,0.8162729658792651,0.0967741935483871
kvzap-predictor-trace-20260817T085505Z::builtin_retrieval_trace,kvzap-predictor-trace-20260817T085505Z,builtin_retrieval_trace,9,3,7,0.11409395973154363,0.046242774566473986
kvzap-predictor-trace-20260817T085505Z::builtin_retrieval_trace,kvzap-predictor-trace-20260817T085505Z,builtin_retrieval_trace,9,4,5,0.03856382978723404,0.03342245989304813
kvzap-predictor-trace-20260817T085505Z::builtin_retrieval_trace,kvzap-predictor-trace-20260817T085505Z,builtin_retrieval_trace,9,4,6,0.0258751902587519,0.15789473684210525
kvzap-predictor-trace-20260817T085505Z::builtin_retrieval_trace,kvzap-predictor-trace-20260817T085505Z,builtin_retrieval_trace,9,4,7,0.02564102564102564,0.8527131782945736
kvzap-predictor-trace-20260817T085505Z::builtin_retrieval_trace,kvzap-predictor-trace-20260817T085505Z,builtin_retrieval_trace,9,5,6,0.8350923482849604,0.13194444444444445
kvzap-predictor-trace-20260817T085505Z::builtin_retrieval_trace,kvzap-predictor-trace-20260817T085505Z,builtin_retrieval_trace,9,5,7,0.11748998664886515,0.040638606676342524
kvzap-predictor-trace-20260817T085505Z::builtin_retrieval_trace,kvzap-predictor-trace-20260817T085505Z,builtin_retrieval_trace,9,6,7,0.13003095975232198,0.18903318903318903
kvzap-predictor-trace-20260817T085505Z::builtin_retrieval_trace,kvzap-predictor-trace-20260817T085505Z,builtin_retrieval_trace,10,0,1,0.9922680412371134,0.14285714285714285
kvzap-predictor-trace-20260817T085505Z::builtin_retrieval_trace,kvzap-predictor-trace-20260817T085505Z,builtin_retrieval_trace,10,0,2,0.9974226804123711,0.3333333333333333
kvzap-predictor-trace-20260817T085505Z::builtin_retrieval_trace,kvzap-predictor-trace-20260817T085505Z,builtin_retrieval_trace,10,0,3,1.0,1.0
kvzap-predictor-trace-20260817T085505Z::builtin_retrieval_trace,kvzap-predictor-trace-20260817T085505Z,builtin_retrieval_trace,10,0,4,1.0,1.0
kvzap-predictor-trace-20260817T085505Z::builtin_retrieval_trace,kvzap-predictor-trace-20260817T085505Z,builtin_retrieval_trace,10,0,5,0.9948453608247423,0.2
kvzap-predictor-trace-20260817T085505Z::builtin_retrieval_trace,kvzap-predictor-trace-20260817T085505Z,builtin_retrieval_trace,10,0,6,0.8711340206185567,0.009900990099009901
kvzap-predictor-trace-20260817T085505Z::builtin_retrieval_trace,kvzap-predictor-trace-20260817T085505Z,builtin_retrieval_trace,10,0,7,0.9755154639175257,0.05
kvzap-predictor-trace-20260817T085505Z::builtin_retrieval_trace,kvzap-predictor-trace-20260817T085505Z,builtin_retrieval_trace,10,1,2,0.9922580645161291,0.25
kvzap-predictor-trace-20260817T085505Z::builtin_retrieval_trace,kvzap-predictor-trace-20260817T085505Z,builtin_retrieval_trace,10,1,3,0.9922680412371134,0.14285714285714285
kvzap-predictor-trace-20260817T085505Z::builtin_retrieval_trace,kvzap-predictor-trace-20260817T085505Z,builtin_retrieval_trace,10,1,4,0.9922680412371134,0.14285714285714285
kvzap-predictor-trace-20260817T085505Z::builtin_retrieval_trace,kvzap-predictor-trace-20260817T085505Z,builtin_retrieval_trace,10,1,5,0.9871134020618557,0.09090909090909091
kvzap-predictor-trace-20260817T085505Z::builtin_retrieval_trace,kvzap-predictor-trace-20260817T085505Z,builtin_retrieval_trace,10,1,6,0.8730569948186528,0.04854368932038835
kvzap-predictor-trace-20260817T085505Z::builtin_retrieval_trace,kvzap-predictor-trace-20260817T085505Z,builtin_retrieval_trace,10,1,7,0.977979274611399,0.22727272727272727
kvzap-predictor-trace-20260817T085505Z::builtin_retrieval_trace,kvzap-predictor-trace-20260817T085505Z,builtin_retrieval_trace,10,2,3,0.9974226804123711,0.3333333333333333
kvzap-predictor-trace-20260817T085505Z::builtin_retrieval_trace,kvzap-predictor-trace-20260817T085505Z,builtin_retrieval_trace,10,2,4,0.9974226804123711,0.3333333333333333
kvzap-predictor-trace-20260817T085505Z::builtin_retrieval_trace,kvzap-predictor-trace-20260817T085505Z,builtin_retrieval_trace,10,2,5,0.9922680412371134,0.14285714285714285
kvzap-predictor-trace-20260817T085505Z::builtin_retrieval_trace,kvzap-predictor-trace-20260817T085505Z,builtin_retrieval_trace,10,2,6,0.8733850129198967,0.0297029702970297
kvzap-predictor-trace-20260817T085505Z::builtin_retrieval_trace,kvzap-predictor-trace-20260817T085505Z,builtin_retrieval_trace,10,2,7,0.9754838709677419,0.09523809523809523
kvzap-predictor-trace-20260817T085505Z::builtin_retrieval_trace,kvzap-predictor-trace-20260817T085505Z,builtin_retrieval_trace,10,3,4,1.0,1.0
kvzap-predictor-trace-20260817T085505Z::builtin_retrieval_trace,kvzap-predictor-trace-20260817T085505Z,builtin_retrieval_trace,10,3,5,0.9948453608247423,0.2
kvzap-predictor-trace-20260817T085505Z::builtin_retrieval_trace,kvzap-predictor-trace-20260817T085505Z,builtin_retrieval_trace,10,3,6,0.8711340206185567,0.009900990099009901
kvzap-predictor-trace-20260817T085505Z::builtin_retrieval_trace,kvzap-predictor-trace-20260817T085505Z,builtin_retrieval_trace,10,3,7,0.9755154639175257,0.05
kvzap-predictor-trace-20260817T085505Z::builtin_retrieval_trace,kvzap-predictor-trace-20260817T085505Z,builtin_retrieval_trace,10,4,5,0.9948453608247423,0.2
kvzap-predictor-trace-20260817T085505Z::builtin_retrieval_trace,kvzap-predictor-trace-20260817T085505Z,builtin_retrieval_trace,10,4,6,0.8711340206185567,0.009900990099009901
kvzap-predictor-trace-20260817T085505Z::builtin_retrieval_trace,kvzap-predictor-trace-20260817T085505Z,builtin_retrieval_trace,10,4,7,0.9755154639175257,0.05
kvzap-predictor-trace-20260817T085505Z::builtin_retrieval_trace,kvzap-predictor-trace-20260817T085505Z,builtin_retrieval_trace,10,5,6,0.8708010335917312,0.02912621359223301
kvzap-predictor-trace-20260817T085505Z::builtin_retrieval_trace,kvzap-predictor-trace-20260817T085505Z,builtin_retrieval_trace,10,5,7,0.9780077619663649,0.19047619047619047
kvzap-predictor-trace-20260817T085505Z::builtin_retrieval_trace,kvzap-predictor-trace-20260817T085505Z,builtin_retrieval_trace,10,6,7,0.8756544502617801,0.12037037037037036
kvzap-predictor-trace-20260817T085505Z::builtin_retrieval_trace,kvzap-predictor-trace-20260817T085505Z,builtin_retrieval_trace,11,0,1,0.9661898569570871,0.23529411764705882
kvzap-predictor-trace-20260817T085505Z::builtin_retrieval_trace,kvzap-predictor-trace-20260817T085505Z,builtin_retrieval_trace,11,0,2,0.13421052631578947,0.025185185185185185
kvzap-predictor-trace-20260817T085505Z::builtin_retrieval_trace,kvzap-predictor-trace-20260817T085505Z,builtin_retrieval_trace,11,0,3,0.902088772845953,0.12790697674418605
kvzap-predictor-trace-20260817T085505Z::builtin_retrieval_trace,kvzap-predictor-trace-20260817T085505Z,builtin_retrieval_trace,11,0,4,0.948051948051948,0.14893617021276595
kvzap-predictor-trace-20260817T085505Z::builtin_retrieval_trace,kvzap-predictor-trace-20260817T085505Z,builtin_retrieval_trace,11,0,5,0.979381443298969,0.058823529411764705
kvzap-predictor-trace-20260817T085505Z::builtin_retrieval_trace,kvzap-predictor-trace-20260817T085505Z,builtin_retrieval_trace,11,0,6,0.8274509803921568,0.08333333333333333
kvzap-predictor-trace-20260817T085505Z::builtin_retrieval_trace,kvzap-predictor-trace-20260817T085505Z,builtin_retrieval_trace,11,0,7,0.9767741935483871,0.1
kvzap-predictor-trace-20260817T085505Z::builtin_retrieval_trace,kvzap-predictor-trace-20260817T085505Z,builtin_retrieval_trace,11,1,2,0.13262599469496023,0.033973412112259974
kvzap-predictor-trace-20260817T085505Z::builtin_retrieval_trace,kvzap-predictor-trace-20260817T085505Z,builtin_retrieval_trace,11,1,3,0.9141347424042272,0.23529411764705882
kvzap-predictor-trace-20260817T085505Z::builtin_retrieval_trace,kvzap-predictor-trace-20260817T085505Z,builtin_retrieval_trace,11,1,4,0.9376623376623376,0.12727272727272726
kvzap-predictor-trace-20260817T085505Z::builtin_retrieval_trace,kvzap-predictor-trace-20260817T085505Z,builtin_retrieval_trace,11,1,5,0.9690721649484536,0.04
kvzap-predictor-trace-20260817T085505Z::builtin_retrieval_trace,kvzap-predictor-trace-20260817T085505Z,builtin_retrieval_trace,11,1,6,0.8386243386243386,0.14685314685314685
kvzap-predictor-trace-20260817T085505Z::builtin_retrieval_trace,kvzap-predictor-trace-20260817T085505Z,builtin_retrieval_trace,11,1,7,0.9689922480620154,0.1111111111111111
kvzap-predictor-trace-20260817T085505Z::builtin_retrieval_trace,kvzap-predictor-trace-20260817T085505Z,builtin_retrieval_trace,11,2,3,0.13655761024182078,0.10866372980910426
kvzap-predictor-trace-20260817T085505Z::builtin_retrieval_trace,kvzap-predictor-trace-20260817T085505Z,builtin_retrieval_trace,11,2,4,0.13783783783783785,0.054814814814814816
kvzap-predictor-trace-20260817T085505Z::builtin_retrieval_trace,kvzap-predictor-trace-20260817T085505Z,builtin_retrieval_trace,11,2,5,0.13144329896907217,0.0014814814814814814
kvzap-predictor-trace-20260817T085505Z::builtin_retrieval_trace,kvzap-predictor-trace-20260817T085505Z,builtin_retrieval_trace,11,2,6,0.1544461778471139,0.20058997050147492
kvzap-predictor-trace-20260817T085505Z::builtin_retrieval_trace,kvzap-predictor-trace-20260817T085505Z,builtin_retrieval_trace,11,2,7,0.13212435233160622,0.007407407407407408
kvzap-predictor-trace-20260817T085505Z::builtin_retrieval_trace,kvzap-predictor-trace-20260817T085505Z,builtin_retrieval_trace,11,3,4,0.8932806324110671,0.18181818181818182
kvzap-predictor-trace-20260817T085505Z::builtin_retrieval_trace,kvzap-predictor-trace-20260817T085505Z,builtin_retrieval_trace,11,3,5,0.8981958762886598,0.0125
kvzap-predictor-trace-20260817T085505Z::builtin_retrieval_trace,kvzap-predictor-trace-20260817T085505Z,builtin_retrieval_trace,11,3,6,0.8363136176066025,0.2958579881656805
kvzap-predictor-trace-20260817T085505Z::builtin_retrieval_trace,kvzap-predictor-trace-20260817T085505Z,builtin_retrieval_trace,11,3,7,0.8979328165374677,0.036585365853658534
kvzap-predictor-trace-20260817T085505Z::builtin_retrieval_trace,kvzap-predictor-trace-20260817T085505Z,builtin_retrieval_trace,11,4,5,0.9536082474226805,0.02702702702702703
kvzap-predictor-trace-20260817T085505Z::builtin_retrieval_trace,kvzap-predictor-trace-20260817T085505Z,builtin_retrieval_trace,11,4,6,0.8422459893048129,0.19727891156462585
kvzap-predictor-trace-20260817T085505Z::builtin_retrieval_trace,kvzap-predictor-trace-20260817T085505Z,builtin_retrieval_trace,11,4,7,0.9509677419354838,0.05
kvzap-predictor-trace-20260817T085505Z::builtin_retrieval_trace,kvzap-predictor-trace-20260817T085505Z,builtin_retrieval_trace,11,5,6,0.8221649484536082,0.007194244604316547
kvzap-predictor-trace-20260817T085505Z::builtin_retrieval_trace,kvzap-predictor-trace-20260817T085505Z,builtin_retrieval_trace,11,5,7,0.9948453608247423,0.2
kvzap-predictor-trace-20260817T085505Z::builtin_retrieval_trace,kvzap-predictor-trace-20260817T085505Z,builtin_retrieval_trace,11,6,7,0.8217054263565892,0.02127659574468085
kvzap-predictor-trace-20260817T085505Z::builtin_retrieval_trace,kvzap-predictor-trace-20260817T085505Z,builtin_retrieval_trace,12,0,1,0.303595206391478,0.04735883424408015
kvzap-predictor-trace-20260817T085505Z::builtin_retrieval_trace,kvzap-predictor-trace-20260817T085505Z,builtin_retrieval_trace,12,0,2,0.3055555555555556,0.038461538461538464
kvzap-predictor-trace-20260817T085505Z::builtin_retrieval_trace,kvzap-predictor-trace-20260817T085505Z,builtin_retrieval_trace,12,0,3,0.3090185676392573,0.042279411764705885
kvzap-predictor-trace-20260817T085505Z::builtin_retrieval_trace,kvzap-predictor-trace-20260817T085505Z,builtin_retrieval_trace,12,0,4,0.30678851174934724,0.02029520295202952
kvzap-predictor-trace-20260817T085505Z::builtin_retrieval_trace,kvzap-predictor-trace-20260817T085505Z,builtin_retrieval_trace,12,0,5,0.29750982961992134,0.025454545454545455
kvzap-predictor-trace-20260817T085505Z::builtin_retrieval_trace,kvzap-predictor-trace-20260817T085505Z,builtin_retrieval_trace,12,0,6,0.34843205574912894,0.723781388478582
kvzap-predictor-trace-20260817T085505Z::builtin_retrieval_trace,kvzap-predictor-trace-20260817T085505Z,builtin_retrieval_trace,12,0,7,0.3238993710691824,0.2469352014010508
kvzap-predictor-trace-20260817T085505Z::builtin_retrieval_trace,kvzap-predictor-trace-20260817T085505Z,builtin_retrieval_trace,12,1,2,0.9503916449086162,0.22448979591836735
kvzap-predictor-trace-20260817T085505Z::builtin_retrieval_trace,kvzap-predictor-trace-20260817T085505Z,builtin_retrieval_trace,12,1,3,0.9503916449086162,0.22448979591836735
kvzap-predictor-trace-20260817T085505Z::builtin_retrieval_trace,kvzap-predictor-trace-20260817T085505Z,builtin_retrieval_trace,12,1,4,0.9559014267185474,0.15
kvzap-predictor-trace-20260817T085505Z::builtin_retrieval_trace,kvzap-predictor-trace-20260817T085505Z,builtin_retrieval_trace,12,1,5,0.9341085271317829,0.05555555555555555
kvzap-predictor-trace-20260817T085505Z::builtin_retrieval_trace,kvzap-predictor-trace-20260817T085505Z,builtin_retrieval_trace,12,1,6,0.19359145527369825,0.04430379746835443
kvzap-predictor-trace-20260817T085505Z::builtin_retrieval_trace,kvzap-predictor-trace-20260817T085505Z,builtin_retrieval_trace,12,1,7,0.7938829787234043,0.1388888888888889
kvzap-predictor-trace-20260817T085505Z::builtin_retrieval_trace,kvzap-predictor-trace-20260817T085505Z,builtin_retrieval_trace,12,2,3,0.9659685863874345,0.3333333333333333
kvzap-predictor-trace-20260817T085505Z::builtin_retrieval_trace,kvzap-predictor-trace-20260817T085505Z,builtin_retrieval_trace,12,2,4,0.9688311688311688,0.22580645161290322
kvzap-predictor-trace-20260817T085505Z::builtin_retrieval_trace,kvzap-predictor-trace-20260817T085505Z,builtin_retrieval_trace,12,2,5,0.9444444444444444,0.06521739130434782
kvzap-predictor-trace-20260817T085505Z::builtin_retrieval_trace,kvzap-predictor-trace-20260817T085505Z,builtin_retrieval_trace,12,2,6,0.2010652463382157,0.04153354632587859
kvzap-predictor-trace-20260817T085505Z::builtin_retrieval_trace,kvzap-predictor-trace-20260817T085505Z,builtin_retrieval_trace,12,2,7,0.7878787878787878,0.1005586592178771
kvzap-predictor-trace-20260817T085505Z::builtin_retrieval_trace,kvzap-predictor-trace-20260817T085505Z,builtin_retrieval_trace,12,3,4,0.9688311688311688,0.22580645161290322
kvzap-predictor-trace-20260817T085505Z::builtin_retrieval_trace,kvzap-predictor-trace-20260817T085505Z,builtin_retrieval_trace,12,3,5,0.9419354838709677,0.0425531914893617
kvzap-predictor-trace-20260817T085505Z::builtin_retrieval_trace,kvzap-predictor-trace-20260817T085505Z,builtin_retrieval_trace,12,3,6,0.2010652463382157,0.04153354632587859
kvzap-predictor-trace-20260817T085505Z::builtin_retrieval_trace,kvzap-predictor-trace-20260817T085505Z,builtin_retrieval_trace,12,3,7,0.8045212765957447,0.14534883720930233
kvzap-predictor-trace-20260817T085505Z::builtin_retrieval_trace,kvzap-predictor-trace-20260817T085505Z,builtin_retrieval_trace,12,4,5,0.9574742268041238,0.029411764705882353
kvzap-predictor-trace-20260817T085505Z::builtin_retrieval_trace,kvzap-predictor-trace-20260817T085505Z,builtin_retrieval_trace,12,4,6,0.19738562091503267,0.019169329073482427
kvzap-predictor-trace-20260817T085505Z::builtin_retrieval_trace,kvzap-predictor-trace-20260817T085505Z,builtin_retrieval_trace,12,4,7,0.7805194805194805,0.03977272727272727
kvzap-predictor-trace-20260817T085505Z::builtin_retrieval_trace,kvzap-predictor-trace-20260817T085505Z,builtin_retrieval_trace,12,5,6,0.19393139841688653,0.03015873015873016
kvzap-predictor-trace-20260817T085505Z::builtin_retrieval_trace,kvzap-predictor-trace-20260817T085505Z,builtin_retrieval_trace,12,5,7,0.7918313570487484,0.10227272727272728
kvzap-predictor-trace-20260817T085505Z::builtin_retrieval_trace,kvzap-predictor-trace-20260817T085505Z,builtin_retrieval_trace,12,6,7,0.2288961038961039,0.2531446540880503
kvzap-predictor-trace-20260817T085505Z::builtin_retrieval_trace,kvzap-predictor-trace-20260817T085505Z,builtin_retrieval_trace,13,0,1,0.8141935483870968,0.0136986301369863
kvzap-predictor-trace-20260817T085505Z::builtin_retrieval_trace,kvzap-predictor-trace-20260817T085505Z,builtin_retrieval_trace,13,0,2,0.19968553459119498,0.2169230769230769
kvzap-predictor-trace-20260817T085505Z::builtin_retrieval_trace,kvzap-predictor-trace-20260817T085505Z,builtin_retrieval_trace,13,0,3,0.10658307210031348,0.19605077574047955
kvzap-predictor-trace-20260817T085505Z::builtin_retrieval_trace,kvzap-predictor-trace-20260817T085505Z,builtin_retrieval_trace,13,0,4,0.8678414096916299,0.5161290322580645
kvzap-predictor-trace-20260817T085505Z::builtin_retrieval_trace,kvzap-predictor-trace-20260817T085505Z,builtin_retrieval_trace,13,0,5,0.8159588159588159,0.0
kvzap-predictor-trace-20260817T085505Z::builtin_retrieval_trace,kvzap-predictor-trace-20260817T085505Z,builtin_retrieval_trace,13,0,6,0.8171206225680934,0.04081632653061224
kvzap-predictor-trace-20260817T085505Z::builtin_retrieval_trace,kvzap-predictor-trace-20260817T085505Z,builtin_retrieval_trace,13,0,7,0.0,0.18404118404118405
kvzap-predictor-trace-20260817T085505Z::builtin_retrieval_trace,kvzap-predictor-trace-20260817T085505Z,builtin_retrieval_trace,13,1,2,0.1625806451612903,0.0030721966205837174
kvzap-predictor-trace-20260817T085505Z::builtin_retrieval_trace,kvzap-predictor-trace-20260817T085505Z,builtin_retrieval_trace,13,1,3,0.09326424870466321,0.0070921985815602835
kvzap-predictor-trace-20260817T085505Z::builtin_retrieval_trace,kvzap-predictor-trace-20260817T085505Z,builtin_retrieval_trace,13,1,4,0.8264248704663213,0.03597122302158273
kvzap-predictor-trace-20260817T085505Z::builtin_retrieval_trace,kvzap-predictor-trace-20260817T085505Z,builtin_retrieval_trace,13,1,5,0.9935649935649936,0.0
kvzap-predictor-trace-20260817T085505Z::builtin_retrieval_trace,kvzap-predictor-trace-20260817T085505Z,builtin_retrieval_trace,13,1,6,0.9858064516129033,0.15384615384615385
kvzap-predictor-trace-20260817T085505Z::builtin_retrieval_trace,kvzap-predictor-trace-20260817T085505Z,builtin_retrieval_trace,13,1,7,0.0,0.006435006435006435
kvzap-predictor-trace-20260817T085505Z::builtin_retrieval_trace,kvzap-predictor-trace-20260817T085505Z,builtin_retrieval_trace,13,2,3,0.17543859649122806,0.8112449799196787
kvzap-predictor-trace-20260817T085505Z::builtin_retrieval_trace,kvzap-predictor-trace-20260817T085505Z,builtin_retrieval_trace,13,2,4,0.1873065015479876,0.19969512195121952
kvzap-predictor-trace-20260817T085505Z::builtin_retrieval_trace,kvzap-predictor-trace-20260817T085505Z,builtin_retrieval_trace,13,2,5,0.16602316602316602,0.0
kvzap-predictor-trace-20260817T085505Z::builtin_retrieval_trace,kvzap-predictor-trace-20260817T085505Z,builtin_retrieval_trace,13,2,6,0.1681877444589309,0.015432098765432098
kvzap-predictor-trace-20260817T085505Z::builtin_retrieval_trace,kvzap-predictor-trace-20260817T085505Z,builtin_retrieval_trace,13,2,7,0.0,0.833976833976834
kvzap-predictor-trace-20260817T085505Z::builtin_retrieval_trace,kvzap-predictor-trace-20260817T085505Z,builtin_retrieval_trace,13,3,4,0.1059190031152648,0.19040902679830748
kvzap-predictor-trace-20260817T085505Z::builtin_retrieval_trace,kvzap-predictor-trace-20260817T085505Z,builtin_retrieval_trace,13,3,5,0.09266409266409266,0.0
kvzap-predictor-trace-20260817T085505Z::builtin_retrieval_trace,kvzap-predictor-trace-20260817T085505Z,builtin_retrieval_trace,13,3,6,0.09244791666666667,0.012747875354107648
kvzap-predictor-trace-20260817T085505Z::builtin_retrieval_trace,kvzap-predictor-trace-20260817T085505Z,builtin_retrieval_trace,13,3,7,0.0,0.9073359073359073
kvzap-predictor-trace-20260817T085505Z::builtin_retrieval_trace,kvzap-predictor-trace-20260817T085505Z,builtin_retrieval_trace,13,4,5,0.8211068211068211,0.0
kvzap-predictor-trace-20260817T085505Z::builtin_retrieval_trace,kvzap-predictor-trace-20260817T085505Z,builtin_retrieval_trace,13,4,6,0.8318122555410691,0.07194244604316546
kvzap-predictor-trace-20260817T085505Z::builtin_retrieval_trace,kvzap-predictor-trace-20260817T085505Z,builtin_retrieval_trace,13,4,7,0.0,0.1788931788931789
kvzap-predictor-trace-20260817T085505Z::builtin_retrieval_trace,kvzap-predictor-trace-20260817T085505Z,builtin_retrieval_trace,13,5,6,0.9871299871299871,0.0
kvzap-predictor-trace-20260817T085505Z::builtin_retrieval_trace,kvzap-predictor-trace-20260817T085505Z,builtin_retrieval_trace,13,5,7,0.0,0.0
kvzap-predictor-trace-20260817T085505Z::builtin_retrieval_trace,kvzap-predictor-trace-20260817T085505Z,builtin_retrieval_trace,13,6,7,0.0,0.01287001287001287
kvzap-predictor-trace-20260817T085505Z::builtin_retrieval_trace,kvzap-predictor-trace-20260817T085505Z,builtin_retrieval_trace,14,0,1,0.9085051546391752,0.013888888888888888
kvzap-predictor-trace-20260817T085505Z::builtin_retrieval_trace,kvzap-predictor-trace-20260817T085505Z,builtin_retrieval_trace,14,0,2,0.9961340206185567,0.25
kvzap-predictor-trace-20260817T085505Z::builtin_retrieval_trace,kvzap-predictor-trace-20260817T085505Z,builtin_retrieval_trace,14,0,3,0.6481958762886598,0.0036496350364963502
kvzap-predictor-trace-20260817T085505Z::builtin_retrieval_trace,kvzap-predictor-trace-20260817T085505Z,builtin_retrieval_trace,14,0,4,0.9626288659793815,0.03333333333333333
kvzap-predictor-trace-20260817T085505Z::builtin_retrieval_trace,kvzap-predictor-trace-20260817T085505Z,builtin_retrieval_trace,14,0,5,1.0,1.0
kvzap-predictor-trace-20260817T085505Z::builtin_retrieval_trace,kvzap-predictor-trace-20260817T085505Z,builtin_retrieval_trace,14,0,6,0.9458762886597938,0.023255813953488372
kvzap-predictor-trace-20260817T085505Z::builtin_retrieval_trace,kvzap-predictor-trace-20260817T085505Z,builtin_retrieval_trace,14,0,7,0.9961340206185567,0.25
kvzap-predictor-trace-20260817T085505Z::builtin_retrieval_trace,kvzap-predictor-trace-20260817T085505Z,builtin_retrieval_trace,14,1,2,0.9120310478654593,0.05555555555555555
kvzap-predictor-trace-20260817T085505Z::builtin_retrieval_trace,kvzap-predictor-trace-20260817T085505Z,builtin_retrieval_trace,14,1,3,0.7038081805359662,0.2446043165467626
kvzap-predictor-trace-20260817T085505Z::builtin_retrieval_trace,kvzap-predictor-trace-20260817T085505Z,builtin_retrieval_trace,14,1,4,0.9231788079470199,0.275
kvzap-predictor-trace-20260817T085505Z::builtin_retrieval_trace,kvzap-predictor-trace-20260817T085505Z,builtin_retrieval_trace,14,1,5,0.9085051546391752,0.013888888888888888
kvzap-predictor-trace-20260817T085505Z::builtin_retrieval_trace,kvzap-predictor-trace-20260817T085505Z,builtin_retrieval_trace,14,1,6,0.9367429340511441,0.41975308641975306
kvzap-predictor-trace-20260817T085505Z::builtin_retrieval_trace,kvzap-predictor-trace-20260817T085505Z,builtin_retrieval_trace,14,1,7,0.904639175257732,0.013333333333333334
kvzap-predictor-trace-20260817T085505Z::builtin_retrieval_trace,kvzap-predictor-trace-20260817T085505Z,builtin_retrieval_trace,14,2,3,0.6507115135834411,0.014598540145985401
kvzap-predictor-trace-20260817T085505Z::builtin_retrieval_trace,kvzap-predictor-trace-20260817T085505Z,builtin_retrieval_trace,14,2,4,0.9612903225806452,0.0625
kvzap-predictor-trace-20260817T085505Z::builtin_retrieval_trace,kvzap-predictor-trace-20260817T085505Z,builtin_retrieval_trace,14,2,5,0.9961340206185567,0.25
kvzap-predictor-trace-20260817T085505Z::builtin_retrieval_trace,kvzap-predictor-trace-20260817T085505Z,builtin_retrieval_trace,14,2,6,0.9470284237726099,0.06818181818181818
kvzap-predictor-trace-20260817T085505Z::builtin_retrieval_trace,kvzap-predictor-trace-20260817T085505Z,builtin_retrieval_trace,14,2,7,0.9922680412371134,0.14285714285714285
kvzap-predictor-trace-20260817T085505Z::builtin_retrieval_trace,kvzap-predictor-trace-20260817T085505Z,builtin_retrieval_trace,14,3,4,0.6600265604249668,0.08571428571428572
kvzap-predictor-trace-20260817T085505Z::builtin_retrieval_trace,kvzap-predictor-trace-20260817T085505Z,builtin_retrieval_trace,14,3,5,0.6481958762886598,0.0036496350364963502
kvzap-predictor-trace-20260817T085505Z::builtin_retrieval_trace,kvzap-predictor-trace-20260817T085505Z,builtin_retrieval_trace,14,3,6,0.6852861035422343,0.15693430656934307
kvzap-predictor-trace-20260817T085505Z::builtin_retrieval_trace,kvzap-predictor-trace-20260817T085505Z,builtin_retrieval_trace,14,3,7,0.6443298969072165,0.0036101083032490976
kvzap-predictor-trace-20260817T085505Z::builtin_retrieval_trace,kvzap-predictor-trace-20260817T085505Z,builtin_retrieval_trace,14,4,5,0.9626288659793815,0.03333333333333333
kvzap-predictor-trace-20260817T085505Z::builtin_retrieval_trace,kvzap-predictor-trace-20260817T085505Z,builtin_retrieval_trace,14,4,6,0.9486842105263158,0.30357142857142855
kvzap-predictor-trace-20260817T085505Z::builtin_retrieval_trace,kvzap-predictor-trace-20260817T085505Z,builtin_retrieval_trace,14,4,7,0.9663648124191462,0.13333333333333333
kvzap-predictor-trace-20260817T085505Z::builtin_retrieval_trace,kvzap-predictor-trace-20260817T085505Z,builtin_retrieval_trace,14,5,6,0.9458762886597938,0.023255813953488372
kvzap-predictor-trace-20260817T085505Z::builtin_retrieval_trace,kvzap-predictor-trace-20260817T085505Z,builtin_retrieval_trace,14,5,7,0.9961340206185567,0.25
kvzap-predictor-trace-20260817T085505Z::builtin_retrieval_trace,kvzap-predictor-trace-20260817T085505Z,builtin_retrieval_trace,14,6,7,0.9420103092783505,0.021739130434782608
kvzap-predictor-trace-20260817T085505Z::builtin_retrieval_trace,kvzap-predictor-trace-20260817T085505Z,builtin_retrieval_trace,15,0,1,0.8145604395604396,0.266304347826087
kvzap-predictor-trace-20260817T085505Z::builtin_retrieval_trace,kvzap-predictor-trace-20260817T085505Z,builtin_retrieval_trace,15,0,2,0.1736111111111111,0.08742331288343558
kvzap-predictor-trace-20260817T085505Z::builtin_retrieval_trace,kvzap-predictor-trace-20260817T085505Z,builtin_retrieval_trace,15,0,3,0.6953020134228188,0.12355212355212356
kvzap-predictor-trace-20260817T085505Z::builtin_retrieval_trace,kvzap-predictor-trace-20260817T085505Z,builtin_retrieval_trace,15,0,4,0.9328947368421052,0.25
kvzap-predictor-trace-20260817T085505Z::builtin_retrieval_trace,kvzap-predictor-trace-20260817T085505Z,builtin_retrieval_trace,15,0,5,0.9278350515463918,0.017543859649122806
kvzap-predictor-trace-20260817T085505Z::builtin_retrieval_trace,kvzap-predictor-trace-20260817T085505Z,builtin_retrieval_trace,15,0,6,0.9278350515463918,0.017543859649122806
kvzap-predictor-trace-20260817T085505Z::builtin_retrieval_trace,kvzap-predictor-trace-20260817T085505Z,builtin_retrieval_trace,15,0,7,0.8397260273972603,0.2865853658536585
kvzap-predictor-trace-20260817T085505Z::builtin_retrieval_trace,kvzap-predictor-trace-20260817T085505Z,builtin_retrieval_trace,15,1,2,0.18821603927986907,0.25075528700906347
kvzap-predictor-trace-20260817T085505Z::builtin_retrieval_trace,kvzap-predictor-trace-20260817T085505Z,builtin_retrieval_trace,15,1,3,0.6973293768545994,0.3355048859934853
kvzap-predictor-trace-20260817T085505Z::builtin_retrieval_trace,kvzap-predictor-trace-20260817T085505Z,builtin_retrieval_trace,15,1,4,0.7952127659574468,0.13966480446927373
kvzap-predictor-trace-20260817T085505Z::builtin_retrieval_trace,kvzap-predictor-trace-20260817T085505Z,builtin_retrieval_trace,15,1,5,0.7744845360824743,0.005681818181818182
kvzap-predictor-trace-20260817T085505Z::builtin_retrieval_trace,kvzap-predictor-trace-20260817T085505Z,builtin_retrieval_trace,15,1,6,0.7744845360824743,0.005681818181818182
kvzap-predictor-trace-20260817T085505Z::builtin_retrieval_trace,kvzap-predictor-trace-20260817T085505Z,builtin_retrieval_trace,15,1,7,0.8489425981873112,0.5348837209302325
kvzap-predictor-trace-20260817T085505Z::builtin_retrieval_trace,kvzap-predictor-trace-20260817T085505Z,builtin_retrieval_trace,15,2,3,0.22794117647058823,0.3568147013782542
kvzap-predictor-trace-20260817T085505Z::builtin_retrieval_trace,kvzap-predictor-trace-20260817T085505Z,builtin_retrieval_trace,15,2,4,0.16688918558077437,0.04294478527607362
kvzap-predictor-trace-20260817T085505Z::builtin_retrieval_trace,kvzap-predictor-trace-20260817T085505Z,builtin_retrieval_trace,15,2,5,0.16108247422680413,0.0015337423312883436
kvzap-predictor-trace-20260817T085505Z::builtin_retrieval_trace,kvzap-predictor-trace-20260817T085505Z,builtin_retrieval_trace,15,2,6,0.16108247422680413,0.0015337423312883436
kvzap-predictor-trace-20260817T085505Z::builtin_retrieval_trace,kvzap-predictor-trace-20260817T085505Z,builtin_retrieval_trace,15,2,7,0.20064205457463885,0.2361963190184049
kvzap-predictor-trace-20260817T085505Z::builtin_retrieval_trace,kvzap-predictor-trace-20260817T085505Z,builtin_retrieval_trace,15,3,4,0.7,0.06938775510204082
kvzap-predictor-trace-20260817T085505Z::builtin_retrieval_trace,kvzap-predictor-trace-20260817T085505Z,builtin_retrieval_trace,15,3,5,0.6997422680412371,0.004273504273504274
kvzap-predictor-trace-20260817T085505Z::builtin_retrieval_trace,kvzap-predictor-trace-20260817T085505Z,builtin_retrieval_trace,15,3,6,0.6997422680412371,0.004273504273504274
kvzap-predictor-trace-20260817T085505Z::builtin_retrieval_trace,kvzap-predictor-trace-20260817T085505Z,builtin_retrieval_trace,15,3,7,0.7046783625730995,0.3152542372881356
kvzap-predictor-trace-20260817T085505Z::builtin_retrieval_trace,kvzap-predictor-trace-20260817T085505Z,builtin_retrieval_trace,15,4,5,0.9652061855670103,0.03571428571428571
kvzap-predictor-trace-20260817T085505Z::builtin_retrieval_trace,kvzap-predictor-trace-20260817T085505Z,builtin_retrieval_trace,15,4,6,0.9652061855670103,0.03571428571428571
kvzap-predictor-trace-20260817T085505Z::builtin_retrieval_trace,kvzap-predictor-trace-20260817T085505Z,builtin_retrieval_trace,15,4,7,0.824468085106383,0.1592356687898089
kvzap-predictor-trace-20260817T085505Z::builtin_retrieval_trace,kvzap-predictor-trace-20260817T085505Z,builtin_retrieval_trace,15,5,6,1.0,1.0
kvzap-predictor-trace-20260817T085505Z::builtin_retrieval_trace,kvzap-predictor-trace-20260817T085505Z,builtin_retrieval_trace,15,5,7,0.8028350515463918,0.006493506493506494
kvzap-predictor-trace-20260817T085505Z::builtin_retrieval_trace,kvzap-predictor-trace-20260817T085505Z,builtin_retrieval_trace,15,6,7,0.8028350515463918,0.006493506493506494
kvzap-predictor-trace-20260817T085505Z::builtin_retrieval_trace,kvzap-predictor-trace-20260817T085505Z,builtin_retrieval_trace,16,0,1,0.9218543046357616,0.2716049382716049
kvzap-predictor-trace-20260817T085505Z::builtin_retrieval_trace,kvzap-predictor-trace-20260817T085505Z,builtin_retrieval_trace,16,0,2,0.9236739974126779,0.06349206349206349
kvzap-predictor-trace-20260817T085505Z::builtin_retrieval_trace,kvzap-predictor-trace-20260817T085505Z,builtin_retrieval_trace,16,0,3,0.922237380627558,0.43564356435643564
kvzap-predictor-trace-20260817T085505Z::builtin_retrieval_trace,kvzap-predictor-trace-20260817T085505Z,builtin_retrieval_trace,16,0,4,0.9153645833333334,0.12162162162162163
kvzap-predictor-trace-20260817T085505Z::builtin_retrieval_trace,kvzap-predictor-trace-20260817T085505Z,builtin_retrieval_trace,16,0,5,0.27450980392156865,0.10843373493975904
kvzap-predictor-trace-20260817T085505Z::builtin_retrieval_trace,kvzap-predictor-trace-20260817T085505Z,builtin_retrieval_trace,16,0,6,0.9172056921086675,0.058823529411764705
kvzap-predictor-trace-20260817T085505Z::builtin_retrieval_trace,kvzap-predictor-trace-20260817T085505Z,builtin_retrieval_trace,16,0,7,0.909933774834437,0.24444444444444444
kvzap-predictor-trace-20260817T085505Z::builtin_retrieval_trace,kvzap-predictor-trace-20260817T085505Z,builtin_retrieval_trace,16,1,2,0.9534282018111255,0.1
kvzap-predictor-trace-20260817T085505Z::builtin_retrieval_trace,kvzap-predictor-trace-20260817T085505Z,builtin_retrieval_trace,16,1,3,0.8992042440318302,0.23232323232323232
kvzap-predictor-trace-20260817T085505Z::builtin_retrieval_trace,kvzap-predictor-trace-20260817T085505Z,builtin_retrieval_trace,16,1,4,0.9478487614080835,0.2
kvzap-predictor-trace-20260817T085505Z::builtin_retrieval_trace,kvzap-predictor-trace-20260817T085505Z,builtin_retrieval_trace,16,1,5,0.2523489932885906,0.05432937181663837
kvzap-predictor-trace-20260817T085505Z::builtin_retrieval_trace,kvzap-predictor-trace-20260817T085505Z,builtin_retrieval_trace,16,1,6,0.9520103761348897,0.13953488372093023
kvzap-predictor-trace-20260817T085505Z::builtin_retrieval_trace,kvzap-predictor-trace-20260817T085505Z,builtin_retrieval_trace,16,1,7,0.9378306878306878,0.3088235294117647
kvzap-predictor-trace-20260817T085505Z::builtin_retrieval_trace,kvzap-predictor-trace-20260817T085505Z,builtin_retrieval_trace,16,2,3,0.8990944372574385,0.04878048780487805
kvzap-predictor-trace-20260817T085505Z::builtin_retrieval_trace,kvzap-predictor-trace-20260817T085505Z,builtin_retrieval_trace,16,2,4,0.9767441860465116,0.14285714285714285
kvzap-predictor-trace-20260817T085505Z::builtin_retrieval_trace,kvzap-predictor-trace-20260817T085505Z,builtin_retrieval_trace,16,2,5,0.2535575679172057,0.0068846815834767644
kvzap-predictor-trace-20260817T085505Z::builtin_retrieval_trace,kvzap-predictor-trace-20260817T085505Z,builtin_retrieval_trace,16,2,6,0.9909560723514211,0.3
kvzap-predictor-trace-20260817T085505Z::builtin_retrieval_trace,kvzap-predictor-trace-20260817T085505Z,builtin_retrieval_trace,16,2,7,0.9417852522639069,0.08163265306122448
kvzap-predictor-trace-20260817T085505Z::builtin_retrieval_trace,kvzap-predictor-trace-20260817T085505Z,builtin_retrieval_trace,16,3,4,0.890625,0.0967741935483871
kvzap-predictor-trace-20260817T085505Z::builtin_retrieval_trace,kvzap-predictor-trace-20260817T085505Z,builtin_retrieval_trace,16,3,5,0.27467811158798283,0.13333333333333333
kvzap-predictor-trace-20260817T085505Z::builtin_retrieval_trace,kvzap-predictor-trace-20260817T085505Z,builtin_retrieval_trace,16,3,6,0.8926261319534282,0.04597701149425287
kvzap-predictor-trace-20260817T085505Z::builtin_retrieval_trace,kvzap-predictor-trace-20260817T085505Z,builtin_retrieval_trace,16,3,7,0.8998664886515354,0.27184466019417475
kvzap-predictor-trace-20260817T085505Z::builtin_retrieval_trace,kvzap-predictor-trace-20260817T085505Z,builtin_retrieval_trace,16,4,5,0.24412532637075718,0.01864406779661017
kvzap-predictor-trace-20260817T085505Z::builtin_retrieval_trace,kvzap-predictor-trace-20260817T085505Z,builtin_retrieval_trace,16,4,6,0.9779507133592736,0.2608695652173913
kvzap-predictor-trace-20260817T085505Z::builtin_retrieval_trace,kvzap-predictor-trace-20260817T085505Z,builtin_retrieval_trace,16,4,7,0.9616908850726552,0.40816326530612246
kvzap-predictor-trace-20260817T085505Z::builtin_retrieval_trace,kvzap-predictor-trace-20260817T085505Z,builtin_retrieval_trace,16,5,6,0.24708926261319533,0.006825938566552901
kvzap-predictor-trace-20260817T085505Z::builtin_retrieval_trace,kvzap-predictor-trace-20260817T085505Z,builtin_retrieval_trace,16,5,7,0.24864864864864866,0.06239460370994941
kvzap-predictor-trace-20260817T085505Z::builtin_retrieval_trace,kvzap-predictor-trace-20260817T085505Z,builtin_retrieval_trace,16,6,7,0.9453836150845254,0.16
kvzap-predictor-trace-20260817T085505Z::builtin_retrieval_trace,kvzap-predictor-trace-20260817T085505Z,builtin_retrieval_trace,17,0,1,0.6935779816513762,0.581453634085213
kvzap-predictor-trace-20260817T085505Z::builtin_retrieval_trace,kvzap-predictor-trace-20260817T085505Z,builtin_retrieval_trace,17,0,2,0.6809651474530831,0.11524163568773234
kvzap-predictor-trace-20260817T085505Z::builtin_retrieval_trace,kvzap-predictor-trace-20260817T085505Z,builtin_retrieval_trace,17,0,3,0.6846038863976084,0.3385579937304075
kvzap-predictor-trace-20260817T085505Z::builtin_retrieval_trace,kvzap-predictor-trace-20260817T085505Z,builtin_retrieval_trace,17,0,4,0.6818181818181818,0.18085106382978725
kvzap-predictor-trace-20260817T085505Z::builtin_retrieval_trace,kvzap-predictor-trace-20260817T085505Z,builtin_retrieval_trace,17,0,5,0.7216666666666667,0.5145348837209303
kvzap-predictor-trace-20260817T085505Z::builtin_retrieval_trace,kvzap-predictor-trace-20260817T085505Z,builtin_retrieval_trace,17,0,6,0.6759868421052632,0.46174863387978143
kvzap-predictor-trace-20260817T085505Z::builtin_retrieval_trace,kvzap-predictor-trace-20260817T085505Z,builtin_retrieval_trace,17,0,7,0.6726804123711341,0.00392156862745098
kvzap-predictor-trace-20260817T085505Z::builtin_retrieval_trace,kvzap-predictor-trace-20260817T085505Z,builtin_retrieval_trace,17,1,2,0.5435967302452316,0.11375661375661375
kvzap-predictor-trace-20260817T085505Z::builtin_retrieval_trace,kvzap-predictor-trace-20260817T085505Z,builtin_retrieval_trace,17,1,3,0.6252019386106623,0.40512820512820513
kvzap-predictor-trace-20260817T085505Z::builtin_retrieval_trace,kvzap-predictor-trace-20260817T085505Z,builtin_retrieval_trace,17,1,4,0.5736766809728183,0.2074468085106383
kvzap-predictor-trace-20260817T085505Z::builtin_retrieval_trace,kvzap-predictor-trace-20260817T085505Z,builtin_retrieval_trace,17,1,5,0.6951672862453532,0.5930521091811415
kvzap-predictor-trace-20260817T085505Z::builtin_retrieval_trace,kvzap-predictor-trace-20260817T085505Z,builtin_retrieval_trace,17,1,6,0.7470817120622568,0.6692111959287532
kvzap-predictor-trace-20260817T085505Z::builtin_retrieval_trace,kvzap-predictor-trace-20260817T085505Z,builtin_retrieval_trace,17,1,7,0.5167525773195877,0.0026595744680851063
kvzap-predictor-trace-20260817T085505Z::builtin_retrieval_trace,kvzap-predictor-trace-20260817T085505Z,builtin_retrieval_trace,17,2,3,0.7898259705488622,0.16042780748663102
kvzap-predictor-trace-20260817T085505Z::builtin_retrieval_trace,kvzap-predictor-trace-20260817T085505Z,builtin_retrieval_trace,17,2,4,0.9182305630026809,0.33695652173913043
kvzap-predictor-trace-20260817T085505Z::builtin_retrieval_trace,kvzap-predictor-trace-20260817T085505Z,builtin_retrieval_trace,17,2,5,0.6980874316939891,0.16917293233082706
kvzap-predictor-trace-20260817T085505Z::builtin_retrieval_trace,kvzap-predictor-trace-20260817T085505Z,builtin_retrieval_trace,17,2,6,0.6743869209809265,0.1524822695035461
kvzap-predictor-trace-20260817T085505Z::builtin_retrieval_trace,kvzap-predictor-trace-20260817T085505Z,builtin_retrieval_trace,17,2,7,0.9432989690721649,0.022222222222222223
kvzap-predictor-trace-20260817T085505Z::builtin_retrieval_trace,kvzap-predictor-trace-20260817T085505Z,builtin_retrieval_trace,17,3,4,0.8186889818688982,0.3157894736842105
kvzap-predictor-trace-20260817T085505Z::builtin_retrieval_trace,kvzap-predictor-trace-20260817T085505Z,builtin_retrieval_trace,17,3,5,0.7884615384615384,0.5368421052631579
kvzap-predictor-trace-20260817T085505Z::builtin_retrieval_trace,kvzap-predictor-trace-20260817T085505Z,builtin_retrieval_trace,17,3,6,0.7688603531300161,0.5167785234899329
kvzap-predictor-trace-20260817T085505Z::builtin_retrieval_trace,kvzap-predictor-trace-20260817T085505Z,builtin_retrieval_trace,17,3,7,0.779639175257732,0.005813953488372093
kvzap-predictor-trace-20260817T085505Z::builtin_retrieval_trace,kvzap-predictor-trace-20260817T085505Z,builtin_retrieval_trace,17,4,5,0.7138810198300283,0.2600732600732601
kvzap-predictor-trace-20260817T085505Z::builtin_retrieval_trace,kvzap-predictor-trace-20260817T085505Z,builtin_retrieval_trace,17,4,6,0.7110157367668097,0.2785714285714286
kvzap-predictor-trace-20260817T085505Z::builtin_retrieval_trace,kvzap-predictor-trace-20260817T085505Z,builtin_retrieval_trace,17,4,7,0.9007731958762887,0.01282051282051282
kvzap-predictor-trace-20260817T085505Z::builtin_retrieval_trace,kvzap-predictor-trace-20260817T085505Z,builtin_retrieval_trace,17,5,6,0.8096947935368043,0.6748466257668712
kvzap-predictor-trace-20260817T085505Z::builtin_retrieval_trace,kvzap-predictor-trace-20260817T085505Z,builtin_retrieval_trace,17,5,7,0.6585051546391752,0.0037593984962406013
kvzap-predictor-trace-20260817T085505Z::builtin_retrieval_trace,kvzap-predictor-trace-20260817T085505Z,builtin_retrieval_trace,17,6,7,0.6404639175257731,0.0035714285714285713
kvzap-predictor-trace-20260817T085505Z::builtin_retrieval_trace,kvzap-predictor-trace-20260817T085505Z,builtin_retrieval_trace,18,0,1,0.8606451612903225,0.01818181818181818
kvzap-predictor-trace-20260817T085505Z::builtin_retrieval_trace,kvzap-predictor-trace-20260817T085505Z,builtin_retrieval_trace,18,0,2,0.9161290322580645,0.029850746268656716
kvzap-predictor-trace-20260817T085505Z::builtin_retrieval_trace,kvzap-predictor-trace-20260817T085505Z,builtin_retrieval_trace,18,0,3,0.432258064516129,0.004524886877828055
kvzap-predictor-trace-20260817T085505Z::builtin_retrieval_trace,kvzap-predictor-trace-20260817T085505Z,builtin_retrieval_trace,18,0,4,0.7896774193548387,0.012121212121212121
kvzap-predictor-trace-20260817T085505Z::builtin_retrieval_trace,kvzap-predictor-trace-20260817T085505Z,builtin_retrieval_trace,18,0,5,0.792258064516129,0.012269938650306749
kvzap-predictor-trace-20260817T085505Z::builtin_retrieval_trace,kvzap-predictor-trace-20260817T085505Z,builtin_retrieval_trace,18,0,6,0.9070967741935484,0.02702702702702703
kvzap-predictor-trace-20260817T085505Z::builtin_retrieval_trace,kvzap-predictor-trace-20260817T085505Z,builtin_retrieval_trace,18,0,7,0.9560723514211886,0.08108108108108109
kvzap-predictor-trace-20260817T085505Z::builtin_retrieval_trace,kvzap-predictor-trace-20260817T085505Z,builtin_retrieval_trace,18,1,2,0.8890410958904109,0.3671875
kvzap-predictor-trace-20260817T085505Z::builtin_retrieval_trace,kvzap-predictor-trace-20260817T085505Z,builtin_retrieval_trace,18,1,3,0.5029940119760479,0.2471655328798186
kvzap-predictor-trace-20260817T085505Z::builtin_retrieval_trace,kvzap-predictor-trace-20260817T085505Z,builtin_retrieval_trace,18,1,4,0.8810572687224669,0.5423728813559322
kvzap-predictor-trace-20260817T085505Z::builtin_retrieval_trace,kvzap-predictor-trace-20260817T085505Z,builtin_retrieval_trace,18,1,5,0.8648255813953488,0.489010989010989
kvzap-predictor-trace-20260817T085505Z::builtin_retrieval_trace,kvzap-predictor-trace-20260817T085505Z,builtin_retrieval_trace,18,1,6,0.9135285913528591,0.4918032786885246
kvzap-predictor-trace-20260817T085505Z::builtin_retrieval_trace,kvzap-predictor-trace-20260817T085505Z,builtin_retrieval_trace,18,1,7,0.8748335552596538,0.21666666666666667
kvzap-predictor-trace-20260817T085505Z::builtin_retrieval_trace,kvzap-predictor-trace-20260817T085505Z,builtin_retrieval_trace,18,2,3,0.4684431977559607,0.14446952595936793
kvzap-predictor-trace-20260817T085505Z::builtin_retrieval_trace,kvzap-predictor-trace-20260817T085505Z,builtin_retrieval_trace,18,2,4,0.8287292817679558,0.2994350282485876
kvzap-predictor-trace-20260817T085505Z::builtin_retrieval_trace,kvzap-predictor-trace-20260817T085505Z,builtin_retrieval_trace,18,2,5,0.8391123439667129,0.32558139534883723
kvzap-predictor-trace-20260817T085505Z::builtin_retrieval_trace,kvzap-predictor-trace-20260817T085505Z,builtin_retrieval_trace,18,2,6,0.9251700680272109,0.4329896907216495
kvzap-predictor-trace-20260817T085505Z::builtin_retrieval_trace,kvzap-predictor-trace-20260817T085505Z,builtin_retrieval_trace,18,2,7,0.916776750330251,0.24096385542168675
kvzap-predictor-trace-20260817T085505Z::builtin_retrieval_trace,kvzap-predictor-trace-20260817T085505Z,builtin_retrieval_trace,18,3,4,0.5405844155844156,0.36261261261261263
kvzap-predictor-trace-20260817T085505Z::builtin_retrieval_trace,kvzap-predictor-trace-20260817T085505Z,builtin_retrieval_trace,18,3,5,0.5338709677419354,0.35201793721973096
kvzap-predictor-trace-20260817T085505Z::builtin_retrieval_trace,kvzap-predictor-trace-20260817T085505Z,builtin_retrieval_trace,18,3,6,0.4772727272727273,0.1655328798185941
kvzap-predictor-trace-20260817T085505Z::builtin_retrieval_trace,kvzap-predictor-trace-20260817T085505Z,builtin_retrieval_trace,18,3,7,0.4501347708894879,0.07900677200902935
kvzap-predictor-trace-20260817T085505Z::builtin_retrieval_trace,kvzap-predictor-trace-20260817T085505Z,builtin_retrieval_trace,18,4,5,0.8691019786910198,0.5825242718446602
kvzap-predictor-trace-20260817T085505Z::builtin_retrieval_trace,kvzap-predictor-trace-20260817T085505Z,builtin_retrieval_trace,18,4,6,0.8575458392101551,0.40236686390532544
kvzap-predictor-trace-20260817T085505Z::builtin_retrieval_trace,kvzap-predictor-trace-20260817T085505Z,builtin_retrieval_trace,18,4,7,0.8088235294117647,0.1686046511627907
kvzap-predictor-trace-20260817T085505Z::builtin_retrieval_trace,kvzap-predictor-trace-20260817T085505Z,builtin_retrieval_trace,18,5,6,0.8319444444444445,0.3202247191011236
kvzap-predictor-trace-20260817T085505Z::builtin_retrieval_trace,kvzap-predictor-trace-20260817T085505Z,builtin_retrieval_trace,18,5,7,0.799468791500664,0.13714285714285715
kvzap-predictor-trace-20260817T085505Z::builtin_retrieval_trace,kvzap-predictor-trace-20260817T085505Z,builtin_retrieval_trace,18,6,7,0.9279038718291055,0.34146341463414637
kvzap-predictor-trace-20260817T085505Z::builtin_retrieval_trace,kvzap-predictor-trace-20260817T085505Z,builtin_retrieval_trace,19,0,1,0.9355670103092784,0.0196078431372549
kvzap-predictor-trace-20260817T085505Z::builtin_retrieval_trace,kvzap-predictor-trace-20260817T085505Z,builtin_retrieval_trace,19,0,2,0.9435695538057742,0.25862068965517243
kvzap-predictor-trace-20260817T085505Z::builtin_retrieval_trace,kvzap-predictor-trace-20260817T085505Z,builtin_retrieval_trace,19,0,3,0.7688098495212038,0.21395348837209302
kvzap-predictor-trace-20260817T085505Z::builtin_retrieval_trace,kvzap-predictor-trace-20260817T085505Z,builtin_retrieval_trace,19,0,4,0.9367741935483871,0.0392156862745098
kvzap-predictor-trace-20260817T085505Z::builtin_retrieval_trace,kvzap-predictor-trace-20260817T085505Z,builtin_retrieval_trace,19,0,5,0.9355670103092784,0.0196078431372549
kvzap-predictor-trace-20260817T085505Z::builtin_retrieval_trace,kvzap-predictor-trace-20260817T085505Z,builtin_retrieval_trace,19,0,6,0.17307692307692307,0.07526881720430108
kvzap-predictor-trace-20260817T085505Z::builtin_retrieval_trace,kvzap-predictor-trace-20260817T085505Z,builtin_retrieval_trace,19,0,7,0.9288590604026845,0.3764705882352941
kvzap-predictor-trace-20260817T085505Z::builtin_retrieval_trace,kvzap-predictor-trace-20260817T085505Z,builtin_retrieval_trace,19,1,2,0.9729381443298969,0.045454545454545456
kvzap-predictor-trace-20260817T085505Z::builtin_retrieval_trace,kvzap-predictor-trace-20260817T085505Z,builtin_retrieval_trace,19,1,3,0.7306701030927835,0.004761904761904762
kvzap-predictor-trace-20260817T085505Z::builtin_retrieval_trace,kvzap-predictor-trace-20260817T085505Z,builtin_retrieval_trace,19,1,4,0.9987113402061856,0.5
kvzap-predictor-trace-20260817T085505Z::builtin_retrieval_trace,kvzap-predictor-trace-20260817T085505Z,builtin_retrieval_trace,19,1,5,1.0,1.0
kvzap-predictor-trace-20260817T085505Z::builtin_retrieval_trace,kvzap-predictor-trace-20260817T085505Z,builtin_retrieval_trace,19,1,6,0.16494845360824742,0.0015408320493066256
kvzap-predictor-trace-20260817T085505Z::builtin_retrieval_trace,kvzap-predictor-trace-20260817T085505Z,builtin_retrieval_trace,19,1,7,0.9162371134020618,0.015151515151515152
kvzap-predictor-trace-20260817T085505Z::builtin_retrieval_trace,kvzap-predictor-trace-20260817T085505Z,builtin_retrieval_trace,19,2,3,0.7509933774834437,0.10476190476190476
kvzap-predictor-trace-20260817T085505Z::builtin_retrieval_trace,kvzap-predictor-trace-20260817T085505Z,builtin_retrieval_trace,19,2,4,0.9716494845360825,0.043478260869565216
kvzap-predictor-trace-20260817T085505Z::builtin_retrieval_trace,kvzap-predictor-trace-20260817T085505Z,builtin_retrieval_trace,19,2,5,0.9729381443298969,0.045454545454545456
kvzap-predictor-trace-20260817T085505Z::builtin_retrieval_trace,kvzap-predictor-trace-20260817T085505Z,builtin_retrieval_trace,19,2,6,0.1695364238410596,0.03389830508474576
kvzap-predictor-trace-20260817T085505Z::builtin_retrieval_trace,kvzap-predictor-trace-20260817T085505Z,builtin_retrieval_trace,19,2,7,0.9314888010540184,0.2571428571428571
kvzap-predictor-trace-20260817T085505Z::builtin_retrieval_trace,kvzap-predictor-trace-20260817T085505Z,builtin_retrieval_trace,19,3,4,0.7316129032258064,0.009523809523809525
kvzap-predictor-trace-20260817T085505Z::builtin_retrieval_trace,kvzap-predictor-trace-20260817T085505Z,builtin_retrieval_trace,19,3,5,0.7306701030927835,0.004761904761904762
kvzap-predictor-trace-20260817T085505Z::builtin_retrieval_trace,kvzap-predictor-trace-20260817T085505Z,builtin_retrieval_trace,19,3,6,0.21503496503496503,0.31345565749235477
kvzap-predictor-trace-20260817T085505Z::builtin_retrieval_trace,kvzap-predictor-trace-20260817T085505Z,builtin_retrieval_trace,19,3,7,0.7949438202247191,0.3080568720379147
kvzap-predictor-trace-20260817T085505Z::builtin_retrieval_trace,kvzap-predictor-trace-20260817T085505Z,builtin_retrieval_trace,19,4,5,0.9987113402061856,0.5
kvzap-predictor-trace-20260817T085505Z::builtin_retrieval_trace,kvzap-predictor-trace-20260817T085505Z,builtin_retrieval_trace,19,4,6,0.163659793814433,0.0015384615384615385
kvzap-predictor-trace-20260817T085505Z::builtin_retrieval_trace,kvzap-predictor-trace-20260817T085505Z,builtin_retrieval_trace,19,4,7,0.9174193548387096,0.030303030303030304
kvzap-predictor-trace-20260817T085505Z::builtin_retrieval_trace,kvzap-predictor-trace-20260817T085505Z,builtin_retrieval_trace,19,5,6,0.16494845360824742,0.0015408320493066256
kvzap-predictor-trace-20260817T085505Z::builtin_retrieval_trace,kvzap-predictor-trace-20260817T085505Z,builtin_retrieval_trace,19,5,7,0.9162371134020618,0.015151515151515152
kvzap-predictor-trace-20260817T085505Z::builtin_retrieval_trace,kvzap-predictor-trace-20260817T085505Z,builtin_retrieval_trace,19,6,7,0.17837078651685392,0.1
kvzap-predictor-trace-20260817T085505Z::builtin_retrieval_trace,kvzap-predictor-trace-20260817T085505Z,builtin_retrieval_trace,20,0,1,0.8307493540051679,0.022388059701492536
kvzap-predictor-trace-20260817T085505Z::builtin_retrieval_trace,kvzap-predictor-trace-20260817T085505Z,builtin_retrieval_trace,20,0,2,0.8367875647668394,0.03816793893129771
kvzap-predictor-trace-20260817T085505Z::builtin_retrieval_trace,kvzap-predictor-trace-20260817T085505Z,builtin_retrieval_trace,20,0,3,0.6173800259403373,0.019933554817275746
kvzap-predictor-trace-20260817T085505Z::builtin_retrieval_trace,kvzap-predictor-trace-20260817T085505Z,builtin_retrieval_trace,20,0,4,0.6012987012987013,0.022292993630573247
kvzap-predictor-trace-20260817T085505Z::builtin_retrieval_trace,kvzap-predictor-trace-20260817T085505Z,builtin_retrieval_trace,20,0,5,0.19948186528497408,0.008025682182985553
kvzap-predictor-trace-20260817T085505Z::builtin_retrieval_trace,kvzap-predictor-trace-20260817T085505Z,builtin_retrieval_trace,20,0,6,0.2490272373540856,0.010256410256410256
kvzap-predictor-trace-20260817T085505Z::builtin_retrieval_trace,kvzap-predictor-trace-20260817T085505Z,builtin_retrieval_trace,20,0,7,0.3138780804150454,0.011214953271028037
kvzap-predictor-trace-20260817T085505Z::builtin_retrieval_trace,kvzap-predictor-trace-20260817T085505Z,builtin_retrieval_trace,20,1,2,0.8421052631578947,0.4
kvzap-predictor-trace-20260817T085505Z::builtin_retrieval_trace,kvzap-predictor-trace-20260817T085505Z,builtin_retrieval_trace,20,1,3,0.6826347305389222,0.3395638629283489
kvzap-predictor-trace-20260817T085505Z::builtin_retrieval_trace,kvzap-predictor-trace-20260817T085505Z,builtin_retrieval_trace,20,1,4,0.6920731707317073,0.3746130030959752
kvzap-predictor-trace-20260817T085505Z::builtin_retrieval_trace,kvzap-predictor-trace-20260817T085505Z,builtin_retrieval_trace,20,1,5,0.21299093655589124,0.18081761006289307
kvzap-predictor-trace-20260817T085505Z::builtin_retrieval_trace,kvzap-predictor-trace-20260817T085505Z,builtin_retrieval_trace,20,1,6,0.2669683257918552,0.19
kvzap-predictor-trace-20260817T085505Z::builtin_retrieval_trace,kvzap-predictor-trace-20260817T085505Z,builtin_retrieval_trace,20,1,7,0.3343328335832084,0.19855595667870035
kvzap-predictor-trace-20260817T085505Z::builtin_retrieval_trace,kvzap-predictor-trace-20260817T085505Z,builtin_retrieval_trace,20,2,3,0.6351744186046512,0.26176470588235295
kvzap-predictor-trace-20260817T085505Z::builtin_retrieval_trace,kvzap-predictor-trace-20260817T085505Z,builtin_retrieval_trace,20,2,4,0.6656671664167916,0.3303303303303303
kvzap-predictor-trace-20260817T085505Z::builtin_retrieval_trace,kvzap-predictor-trace-20260817T085505Z,builtin_retrieval_trace,20,2,5,0.17372262773722627,0.1398176291793313
kvzap-predictor-trace-20260817T085505Z::builtin_retrieval_trace,kvzap-predictor-trace-20260817T085505Z,builtin_retrieval_trace,20,2,6,0.24962852897473997,0.17077175697865354
kvzap-predictor-trace-20260817T085505Z::builtin_retrieval_trace,kvzap-predictor-trace-20260817T085505Z,builtin_retrieval_trace,20,2,7,0.2988338192419825,0.1590909090909091
kvzap-predictor-trace-20260817T085505Z::builtin_retrieval_trace,kvzap-predictor-trace-20260817T085505Z,builtin_retrieval_trace,20,3,4,0.7439703153988868,0.6329787234042553
kvzap-predictor-trace-20260817T085505Z::builtin_retrieval_trace,kvzap-predictor-trace-20260817T085505Z,builtin_retrieval_trace,20,3,5,0.29713114754098363,0.4572784810126582
kvzap-predictor-trace-20260817T085505Z::builtin_retrieval_trace,kvzap-predictor-trace-20260817T085505Z,builtin_retrieval_trace,20,3,6,0.35353535353535354,0.4684385382059801
kvzap-predictor-trace-20260817T085505Z::builtin_retrieval_trace,kvzap-predictor-trace-20260817T085505Z,builtin_retrieval_trace,20,3,7,0.460446247464503,0.5163636363636364
kvzap-predictor-trace-20260817T085505Z::builtin_retrieval_trace,kvzap-predictor-trace-20260817T085505Z,builtin_retrieval_trace,20,4,5,0.238,0.4209726443768997
kvzap-predictor-trace-20260817T085505Z::builtin_retrieval_trace,kvzap-predictor-trace-20260817T085505Z,builtin_retrieval_trace,20,4,6,0.3306288032454361,0.46254071661237783
kvzap-predictor-trace-20260817T085505Z::builtin_retrieval_trace,kvzap-predictor-trace-20260817T085505Z,builtin_retrieval_trace,20,4,7,0.39801980198019804,0.4722222222222222
kvzap-predictor-trace-20260817T085505Z::builtin_retrieval_trace,kvzap-predictor-trace-20260817T085505Z,builtin_retrieval_trace,20,5,6,0.40160642570281124,0.7799113737075333
kvzap-predictor-trace-20260817T085505Z::builtin_retrieval_trace,kvzap-predictor-trace-20260817T085505Z,builtin_retrieval_trace,20,5,7,0.5525291828793775,0.8188976377952756
kvzap-predictor-trace-20260817T085505Z::builtin_retrieval_trace,kvzap-predictor-trace-20260817T085505Z,builtin_retrieval_trace,20,6,7,0.345679012345679,0.681203007518797
kvzap-predictor-trace-20260817T085505Z::builtin_retrieval_trace,kvzap-predictor-trace-20260817T085505Z,builtin_retrieval_trace,21,0,1,0.7899484536082474,0.006097560975609756
kvzap-predictor-trace-20260817T085505Z::builtin_retrieval_trace,kvzap-predictor-trace-20260817T085505Z,builtin_retrieval_trace,21,0,2,0.4097938144329897,0.002178649237472767
kvzap-predictor-trace-20260817T085505Z::builtin_retrieval_trace,kvzap-predictor-trace-20260817T085505Z,builtin_retrieval_trace,21,0,3,0.9974226804123711,0.3333333333333333
kvzap-predictor-trace-20260817T085505Z::builtin_retrieval_trace,kvzap-predictor-trace-20260817T085505Z,builtin_retrieval_trace,21,0,4,0.7951030927835051,0.00625
kvzap-predictor-trace-20260817T085505Z::builtin_retrieval_trace,kvzap-predictor-trace-20260817T085505Z,builtin_retrieval_trace,21,0,5,0.5940721649484536,0.0031645569620253164
kvzap-predictor-trace-20260817T085505Z::builtin_retrieval_trace,kvzap-predictor-trace-20260817T085505Z,builtin_retrieval_trace,21,0,6,0.8775773195876289,0.010416666666666666
kvzap-predictor-trace-20260817T085505Z::builtin_retrieval_trace,kvzap-predictor-trace-20260817T085505Z,builtin_retrieval_trace,21,0,7,0.7847938144329897,0.005952380952380952
kvzap-predictor-trace-20260817T085505Z::builtin_retrieval_trace,kvzap-predictor-trace-20260817T085505Z,builtin_retrieval_trace,21,1,2,0.5162866449511401,0.35434782608695653
kvzap-predictor-trace-20260817T085505Z::builtin_retrieval_trace,kvzap-predictor-trace-20260817T085505Z,builtin_retrieval_trace,21,1,3,0.7896774193548387,0.012121212121212121
kvzap-predictor-trace-20260817T085505Z::builtin_retrieval_trace,kvzap-predictor-trace-20260817T085505Z,builtin_retrieval_trace,21,1,4,0.7496443812233285,0.296
kvzap-predictor-trace-20260817T085505Z::builtin_retrieval_trace,kvzap-predictor-trace-20260817T085505Z,builtin_retrieval_trace,21,1,5,0.7211538461538461,0.46788990825688076
kvzap-predictor-trace-20260817T085505Z::builtin_retrieval_trace,kvzap-predictor-trace-20260817T085505Z,builtin_retrieval_trace,21,1,6,0.8512160228898427,0.42857142857142855
kvzap-predictor-trace-20260817T085505Z::builtin_retrieval_trace,kvzap-predictor-trace-20260817T085505Z,builtin_retrieval_trace,21,1,7,0.8628048780487805,0.5734597156398105
kvzap-predictor-trace-20260817T085505Z::builtin_retrieval_trace,kvzap-predictor-trace-20260817T085505Z,builtin_retrieval_trace,21,2,3,0.40903225806451615,0.004347826086956522
kvzap-predictor-trace-20260817T085505Z::builtin_retrieval_trace,kvzap-predictor-trace-20260817T085505Z,builtin_retrieval_trace,21,2,4,0.5129449838187702,0.3456521739130435
kvzap-predictor-trace-20260817T085505Z::builtin_retrieval_trace,kvzap-predictor-trace-20260817T085505Z,builtin_retrieval_trace,21,2,5,0.6229166666666667,0.6213389121338913
kvzap-predictor-trace-20260817T085505Z::builtin_retrieval_trace,kvzap-predictor-trace-20260817T085505Z,builtin_retrieval_trace,21,2,6,0.4605263157894737,0.2012987012987013
kvzap-predictor-trace-20260817T085505Z::builtin_retrieval_trace,kvzap-predictor-trace-20260817T085505Z,builtin_retrieval_trace,21,2,7,0.5221674876847291,0.3660130718954248
kvzap-predictor-trace-20260817T085505Z::builtin_retrieval_trace,kvzap-predictor-trace-20260817T085505Z,builtin_retrieval_trace,21,3,4,0.7925257731958762,0.006172839506172839
kvzap-predictor-trace-20260817T085505Z::builtin_retrieval_trace,kvzap-predictor-trace-20260817T085505Z,builtin_retrieval_trace,21,3,5,0.5914948453608248,0.0031446540880503146
kvzap-predictor-trace-20260817T085505Z::builtin_retrieval_trace,kvzap-predictor-trace-20260817T085505Z,builtin_retrieval_trace,21,3,6,0.8798449612403101,0.03125
kvzap-predictor-trace-20260817T085505Z::builtin_retrieval_trace,kvzap-predictor-trace-20260817T085505Z,builtin_retrieval_trace,21,3,7,0.7845161290322581,0.011834319526627219
kvzap-predictor-trace-20260817T085505Z::builtin_retrieval_trace,kvzap-predictor-trace-20260817T085505Z,builtin_retrieval_trace,21,4,5,0.6687306501547987,0.37971014492753624
kvzap-predictor-trace-20260817T085505Z::builtin_retrieval_trace,kvzap-predictor-trace-20260817T085505Z,builtin_retrieval_trace,21,4,6,0.810320781032078,0.30612244897959184
kvzap-predictor-trace-20260817T085505Z::builtin_retrieval_trace,kvzap-predictor-trace-20260817T085505Z,builtin_retrieval_trace,21,4,7,0.8244047619047619,0.47085201793721976
kvzap-predictor-trace-20260817T085505Z::builtin_retrieval_trace,kvzap-predictor-trace-20260817T085505Z,builtin_retrieval_trace,21,5,6,0.6408045977011494,0.24471299093655588
kvzap-predictor-trace-20260817T085505Z::builtin_retrieval_trace,kvzap-predictor-trace-20260817T085505Z,builtin_retrieval_trace,21,5,7,0.7202572347266881,0.47112462006079026
kvzap-predictor-trace-20260817T085505Z::builtin_retrieval_trace,kvzap-predictor-trace-20260817T085505Z,builtin_retrieval_trace,21,6,7,0.8561151079136691,0.45054945054945056
kvzap-predictor-trace-20260817T085505Z::builtin_retrieval_trace,kvzap-predictor-trace-20260817T085505Z,builtin_retrieval_trace,22,0,1,0.8057366362451108,0.06289308176100629
kvzap-predictor-trace-20260817T085505Z::builtin_retrieval_trace,kvzap-predictor-trace-20260817T085505Z,builtin_retrieval_trace,22,0,2,0.9909560723514211,0.3
kvzap-predictor-trace-20260817T085505Z::builtin_retrieval_trace,kvzap-predictor-trace-20260817T085505Z,builtin_retrieval_trace,22,0,3,0.9871134020618557,0.09090909090909091
kvzap-predictor-trace-20260817T085505Z::builtin_retrieval_trace,kvzap-predictor-trace-20260817T085505Z,builtin_retrieval_trace,22,0,4,0.9884020618556701,0.1
kvzap-predictor-trace-20260817T085505Z::builtin_retrieval_trace,kvzap-predictor-trace-20260817T085505Z,builtin_retrieval_trace,22,0,5,0.09895833333333333,0.012838801711840228
kvzap-predictor-trace-20260817T085505Z::builtin_retrieval_trace,kvzap-predictor-trace-20260817T085505Z,builtin_retrieval_trace,22,0,6,0.9884020618556701,0.1
kvzap-predictor-trace-20260817T085505Z::builtin_retrieval_trace,kvzap-predictor-trace-20260817T085505Z,builtin_retrieval_trace,22,0,7,0.9896774193548387,0.2
kvzap-predictor-trace-20260817T085505Z::builtin_retrieval_trace,kvzap-predictor-trace-20260817T085505Z,builtin_retrieval_trace,22,1,2,0.7984496124031008,0.018867924528301886
kvzap-predictor-trace-20260817T085505Z::builtin_retrieval_trace,kvzap-predictor-trace-20260817T085505Z,builtin_retrieval_trace,22,1,3,0.7974193548387096,0.012578616352201259
kvzap-predictor-trace-20260817T085505Z::builtin_retrieval_trace,kvzap-predictor-trace-20260817T085505Z,builtin_retrieval_trace,22,1,4,0.7963917525773195,0.006289308176100629
kvzap-predictor-trace-20260817T085505Z::builtin_retrieval_trace,kvzap-predictor-trace-20260817T085505Z,builtin_retrieval_trace,22,1,5,0.11378205128205128,0.21671388101983002
kvzap-predictor-trace-20260817T085505Z::builtin_retrieval_trace,kvzap-predictor-trace-20260817T085505Z,builtin_retrieval_trace,22,1,6,0.7963917525773195,0.006289308176100629
kvzap-predictor-trace-20260817T085505Z::builtin_retrieval_trace,kvzap-predictor-trace-20260817T085505Z,builtin_retrieval_trace,22,1,7,0.7974193548387096,0.012578616352201259
kvzap-predictor-trace-20260817T085505Z::builtin_retrieval_trace,kvzap-predictor-trace-20260817T085505Z,builtin_retrieval_trace,22,2,3,0.9961340206185567,0.25
kvzap-predictor-trace-20260817T085505Z::builtin_retrieval_trace,kvzap-predictor-trace-20260817T085505Z,builtin_retrieval_trace,22,2,4,0.9974226804123711,0.3333333333333333
kvzap-predictor-trace-20260817T085505Z::builtin_retrieval_trace,kvzap-predictor-trace-20260817T085505Z,builtin_retrieval_trace,22,2,5,0.09948320413436693,0.004285714285714286
kvzap-predictor-trace-20260817T085505Z::builtin_retrieval_trace,kvzap-predictor-trace-20260817T085505Z,builtin_retrieval_trace,22,2,6,0.9974226804123711,0.3333333333333333
kvzap-predictor-trace-20260817T085505Z::builtin_retrieval_trace,kvzap-predictor-trace-20260817T085505Z,builtin_retrieval_trace,22,2,7,0.9961340206185567,0.25
kvzap-predictor-trace-20260817T085505Z::builtin_retrieval_trace,kvzap-predictor-trace-20260817T085505Z,builtin_retrieval_trace,22,3,4,0.9987113402061856,0.5
kvzap-predictor-trace-20260817T085505Z::builtin_retrieval_trace,kvzap-predictor-trace-20260817T085505Z,builtin_retrieval_trace,22,3,5,0.09935483870967741,0.002857142857142857
kvzap-predictor-trace-20260817T085505Z::builtin_retrieval_trace,kvzap-predictor-trace-20260817T085505Z,builtin_retrieval_trace,22,3,6,0.9987113402061856,0.5
kvzap-predictor-trace-20260817T085505Z::builtin_retrieval_trace,kvzap-predictor-trace-20260817T085505Z,builtin_retrieval_trace,22,3,7,0.9974226804123711,0.3333333333333333
kvzap-predictor-trace-20260817T085505Z::builtin_retrieval_trace,kvzap-predictor-trace-20260817T085505Z,builtin_retrieval_trace,22,4,5,0.09922680412371133,0.0014285714285714286
kvzap-predictor-trace-20260817T085505Z::builtin_retrieval_trace,kvzap-predictor-trace-20260817T085505Z,builtin_retrieval_trace,22,4,6,1.0,1.0
kvzap-predictor-trace-20260817T085505Z::builtin_retrieval_trace,kvzap-predictor-trace-20260817T085505Z,builtin_retrieval_trace,22,4,7,0.9987113402061856,0.5
kvzap-predictor-trace-20260817T085505Z::builtin_retrieval_trace,kvzap-predictor-trace-20260817T085505Z,builtin_retrieval_trace,22,5,6,0.09922680412371133,0.0014285714285714286
kvzap-predictor-trace-20260817T085505Z::builtin_retrieval_trace,kvzap-predictor-trace-20260817T085505Z,builtin_retrieval_trace,22,5,7,0.09935483870967741,0.002857142857142857
kvzap-predictor-trace-20260817T085505Z::builtin_retrieval_trace,kvzap-predictor-trace-20260817T085505Z,builtin_retrieval_trace,22,6,7,0.9987113402061856,0.5
kvzap-predictor-trace-20260817T085505Z::builtin_retrieval_trace,kvzap-predictor-trace-20260817T085505Z,builtin_retrieval_trace,23,0,1,0.1481958762886598,0.0015105740181268882
kvzap-predictor-trace-20260817T085505Z::builtin_retrieval_trace,kvzap-predictor-trace-20260817T085505Z,builtin_retrieval_trace,23,0,2,0.8051612903225807,0.013071895424836602
kvzap-predictor-trace-20260817T085505Z::builtin_retrieval_trace,kvzap-predictor-trace-20260817T085505Z,builtin_retrieval_trace,23,0,3,0.8529032258064516,0.017241379310344827
kvzap-predictor-trace-20260817T085505Z::builtin_retrieval_trace,kvzap-predictor-trace-20260817T085505Z,builtin_retrieval_trace,23,0,4,0.9987113402061856,0.5
kvzap-predictor-trace-20260817T085505Z::builtin_retrieval_trace,kvzap-predictor-trace-20260817T085505Z,builtin_retrieval_trace,23,0,5,0.6469072164948454,0.0036363636363636364
kvzap-predictor-trace-20260817T085505Z::builtin_retrieval_trace,kvzap-predictor-trace-20260817T085505Z,builtin_retrieval_trace,23,0,6,0.9987113402061856,0.5
kvzap-predictor-trace-20260817T085505Z::builtin_retrieval_trace,kvzap-predictor-trace-20260817T085505Z,builtin_retrieval_trace,23,0,7,0.5638709677419355,0.0058823529411764705
kvzap-predictor-trace-20260817T085505Z::builtin_retrieval_trace,kvzap-predictor-trace-20260817T085505Z,builtin_retrieval_trace,23,1,2,0.1746031746031746,0.22038980509745126
kvzap-predictor-trace-20260817T085505Z::builtin_retrieval_trace,kvzap-predictor-trace-20260817T085505Z,builtin_retrieval_trace,23,1,3,0.17018072289156627,0.17018072289156627
kvzap-predictor-trace-20260817T085505Z::builtin_retrieval_trace,kvzap-predictor-trace-20260817T085505Z,builtin_retrieval_trace,23,1,4,0.14948453608247422,0.0015128593040847202
kvzap-predictor-trace-20260817T085505Z::builtin_retrieval_trace,kvzap-predictor-trace-20260817T085505Z,builtin_retrieval_trace,23,1,5,0.22817460317460317,0.4123867069486405
kvzap-predictor-trace-20260817T085505Z::builtin_retrieval_trace,kvzap-predictor-trace-20260817T085505Z,builtin_retrieval_trace,23,1,6,0.14948453608247422,0.0015128593040847202
kvzap-predictor-trace-20260817T085505Z::builtin_retrieval_trace,kvzap-predictor-trace-20260817T085505Z,builtin_retrieval_trace,23,1,7,0.2625570776255708,0.5120845921450151
kvzap-predictor-trace-20260817T085505Z::builtin_retrieval_trace,kvzap-predictor-trace-20260817T085505Z,builtin_retrieval_trace,23,2,3,0.8383404864091559,0.4083769633507853
kvzap-predictor-trace-20260817T085505Z::builtin_retrieval_trace,kvzap-predictor-trace-20260817T085505Z,builtin_retrieval_trace,23,2,4,0.8041237113402062,0.006535947712418301
kvzap-predictor-trace-20260817T085505Z::builtin_retrieval_trace,kvzap-predictor-trace-20260817T085505Z,builtin_retrieval_trace,23,2,5,0.6921921921921922,0.3512658227848101
kvzap-predictor-trace-20260817T085505Z::builtin_retrieval_trace,kvzap-predictor-trace-20260817T085505Z,builtin_retrieval_trace,23,2,6,0.8041237113402062,0.006535947712418301
kvzap-predictor-trace-20260817T085505Z::builtin_retrieval_trace,kvzap-predictor-trace-20260817T085505Z,builtin_retrieval_trace,23,2,7,0.6526479750778816,0.3770949720670391
kvzap-predictor-trace-20260817T085505Z::builtin_retrieval_trace,kvzap-predictor-trace-20260817T085505Z,builtin_retrieval_trace,23,3,4,0.8518041237113402,0.008620689655172414
kvzap-predictor-trace-20260817T085505Z::builtin_retrieval_trace,kvzap-predictor-trace-20260817T085505Z,builtin_retrieval_trace,23,3,5,0.6845151953690304,0.28289473684210525
kvzap-predictor-trace-20260817T085505Z::builtin_retrieval_trace,kvzap-predictor-trace-20260817T085505Z,builtin_retrieval_trace,23,3,6,0.8518041237113402,0.008620689655172414
kvzap-predictor-trace-20260817T085505Z::builtin_retrieval_trace,kvzap-predictor-trace-20260817T085505Z,builtin_retrieval_trace,23,3,7,0.6461769115442278,0.3179190751445087
kvzap-predictor-trace-20260817T085505Z::builtin_retrieval_trace,kvzap-predictor-trace-20260817T085505Z,builtin_retrieval_trace,23,4,5,0.6481958762886598,0.0036496350364963502
kvzap-predictor-trace-20260817T085505Z::builtin_retrieval_trace,kvzap-predictor-trace-20260817T085505Z,builtin_retrieval_trace,23,4,6,1.0,1.0
kvzap-predictor-trace-20260817T085505Z::builtin_retrieval_trace,kvzap-predictor-trace-20260817T085505Z,builtin_retrieval_trace,23,4,7,0.5631443298969072,0.0029411764705882353
kvzap-predictor-trace-20260817T085505Z::builtin_retrieval_trace,kvzap-predictor-trace-20260817T085505Z,builtin_retrieval_trace,23,5,6,0.6481958762886598,0.0036496350364963502
kvzap-predictor-trace-20260817T085505Z::builtin_retrieval_trace,kvzap-predictor-trace-20260817T085505Z,builtin_retrieval_trace,23,5,7,0.6785714285714286,0.5465994962216625
kvzap-predictor-trace-20260817T085505Z::builtin_retrieval_trace,kvzap-predictor-trace-20260817T085505Z,builtin_retrieval_trace,23,6,7,0.5631443298969072,0.0029411764705882353
kvzap-predictor-trace-20260817T085505Z::builtin_retrieval_trace,kvzap-predictor-trace-20260817T085505Z,builtin_retrieval_trace,24,0,1,0.3497942386831276,0.09195402298850575
kvzap-predictor-trace-20260817T085505Z::builtin_retrieval_trace,kvzap-predictor-trace-20260817T085505Z,builtin_retrieval_trace,24,0,2,0.7024456521739131,0.1576923076923077
kvzap-predictor-trace-20260817T085505Z::builtin_retrieval_trace,kvzap-predictor-trace-20260817T085505Z,builtin_retrieval_trace,24,0,3,0.7415426251691475,0.16593886462882096
kvzap-predictor-trace-20260817T085505Z::builtin_retrieval_trace,kvzap-predictor-trace-20260817T085505Z,builtin_retrieval_trace,24,0,4,0.9351491569390402,0.10714285714285714
kvzap-predictor-trace-20260817T085505Z::builtin_retrieval_trace,kvzap-predictor-trace-20260817T085505Z,builtin_retrieval_trace,24,0,5,0.1289437585733882,0.07027818448023426
kvzap-predictor-trace-20260817T085505Z::builtin_retrieval_trace,kvzap-predictor-trace-20260817T085505Z,builtin_retrieval_trace,24,0,6,0.9375812743823146,0.14285714285714285
kvzap-predictor-trace-20260817T085505Z::builtin_retrieval_trace,kvzap-predictor-trace-20260817T085505Z,builtin_retrieval_trace,24,0,7,0.44141689373297005,0.09492273730684327
kvzap-predictor-trace-20260817T085505Z::builtin_retrieval_trace,kvzap-predictor-trace-20260817T085505Z,builtin_retrieval_trace,24,1,2,0.45607476635514016,0.4540337711069418
kvzap-predictor-trace-20260817T085505Z::builtin_retrieval_trace,kvzap-predictor-trace-20260817T085505Z,builtin_retrieval_trace,24,1,3,0.44148936170212766,0.4034090909090909
kvzap-predictor-trace-20260817T085505Z::builtin_retrieval_trace,kvzap-predictor-trace-20260817T085505Z,builtin_retrieval_trace,24,1,4,0.33420707732634336,0.02681992337164751
kvzap-predictor-trace-20260817T085505Z::builtin_retrieval_trace,kvzap-predictor-trace-20260817T085505Z,builtin_retrieval_trace,24,1,5,0.3269961977186312,0.743849493487699
kvzap-predictor-trace-20260817T085505Z::builtin_retrieval_trace,kvzap-predictor-trace-20260817T085505Z,builtin_retrieval_trace,24,1,6,0.33508541392904073,0.03065134099616858
kvzap-predictor-trace-20260817T085505Z::builtin_retrieval_trace,kvzap-predictor-trace-20260817T085505Z,builtin_retrieval_trace,24,1,7,0.6878612716763006,0.7996289424860853
kvzap-predictor-trace-20260817T085505Z::builtin_retrieval_trace,kvzap-predictor-trace-20260817T085505Z,builtin_retrieval_trace,24,2,3,0.7913907284768212,0.5785953177257525
kvzap-predictor-trace-20260817T085505Z::builtin_retrieval_trace,kvzap-predictor-trace-20260817T085505Z,builtin_retrieval_trace,24,2,4,0.6736020806241872,0.03088803088803089
kvzap-predictor-trace-20260817T085505Z::builtin_retrieval_trace,kvzap-predictor-trace-20260817T085505Z,builtin_retrieval_trace,24,2,5,0.17938931297709923,0.37042459736456806
kvzap-predictor-trace-20260817T085505Z::builtin_retrieval_trace,kvzap-predictor-trace-20260817T085505Z,builtin_retrieval_trace,24,2,6,0.6731770833333334,0.03461538461538462
kvzap-predictor-trace-20260817T085505Z::builtin_retrieval_trace,kvzap-predictor-trace-20260817T085505Z,builtin_retrieval_trace,24,2,7,0.5738007380073801,0.5042918454935622
kvzap-predictor-trace-20260817T085505Z::builtin_retrieval_trace,kvzap-predictor-trace-20260817T085505Z,builtin_retrieval_trace,24,3,4,0.726797385620915,0.05429864253393665
kvzap-predictor-trace-20260817T085505Z::builtin_retrieval_trace,kvzap-predictor-trace-20260817T085505Z,builtin_retrieval_trace,24,3,5,0.1601423487544484,0.3129548762736536
kvzap-predictor-trace-20260817T085505Z::builtin_retrieval_trace,kvzap-predictor-trace-20260817T085505Z,builtin_retrieval_trace,24,3,6,0.7219321148825065,0.049107142857142856
kvzap-predictor-trace-20260817T085505Z::builtin_retrieval_trace,kvzap-predictor-trace-20260817T085505Z,builtin_retrieval_trace,24,3,7,0.5588752196836555,0.4531590413943355
kvzap-predictor-trace-20260817T085505Z::builtin_retrieval_trace,kvzap-predictor-trace-20260817T085505Z,builtin_retrieval_trace,24,4,5,0.12319790301441677,0.020497803806734993
kvzap-predictor-trace-20260817T085505Z::builtin_retrieval_trace,kvzap-predictor-trace-20260817T085505Z,builtin_retrieval_trace,24,4,6,0.9740932642487047,0.2
kvzap-predictor-trace-20260817T085505Z::builtin_retrieval_trace,kvzap-predictor-trace-20260817T085505Z,builtin_retrieval_trace,24,4,7,0.4293193717277487,0.028953229398663696
kvzap-predictor-trace-20260817T085505Z::builtin_retrieval_trace,kvzap-predictor-trace-20260817T085505Z,builtin_retrieval_trace,24,5,6,0.12352168199737187,0.02342606149341142
kvzap-predictor-trace-20260817T085505Z::builtin_retrieval_trace,kvzap-predictor-trace-20260817T085505Z,builtin_retrieval_trace,24,5,7,0.2818181818181818,0.6535087719298246
kvzap-predictor-trace-20260817T085505Z::builtin_retrieval_trace,kvzap-predictor-trace-20260817T085505Z,builtin_retrieval_trace,24,6,7,0.42857142857142855,0.03111111111111111
kvzap-predictor-trace-20260817T085505Z::builtin_retrieval_trace,kvzap-predictor-trace-20260817T085505Z,builtin_retrieval_trace,25,0,1,0.7693298969072165,0.005555555555555556
kvzap-predictor-trace-20260817T085505Z::builtin_retrieval_trace,kvzap-predictor-trace-20260817T085505Z,builtin_retrieval_trace,25,0,2,0.9188144329896907,0.015625
kvzap-predictor-trace-20260817T085505Z::builtin_retrieval_trace,kvzap-predictor-trace-20260817T085505Z,builtin_retrieval_trace,25,0,3,0.990979381443299,0.125
kvzap-predictor-trace-20260817T085505Z::builtin_retrieval_trace,kvzap-predictor-trace-20260817T085505Z,builtin_retrieval_trace,25,0,4,0.9974226804123711,0.3333333333333333
kvzap-predictor-trace-20260817T085505Z::builtin_retrieval_trace,kvzap-predictor-trace-20260817T085505Z,builtin_retrieval_trace,25,0,5,0.9961340206185567,0.25
kvzap-predictor-trace-20260817T085505Z::builtin_retrieval_trace,kvzap-predictor-trace-20260817T085505Z,builtin_retrieval_trace,25,0,6,0.990979381443299,0.125
kvzap-predictor-trace-20260817T085505Z::builtin_retrieval_trace,kvzap-predictor-trace-20260817T085505Z,builtin_retrieval_trace,25,0,7,0.5064599483204134,0.007792207792207792
kvzap-predictor-trace-20260817T085505Z::builtin_retrieval_trace,kvzap-predictor-trace-20260817T085505Z,builtin_retrieval_trace,25,1,2,0.7590361445783133,0.14285714285714285
kvzap-predictor-trace-20260817T085505Z::builtin_retrieval_trace,kvzap-predictor-trace-20260817T085505Z,builtin_retrieval_trace,25,1,3,0.7654639175257731,0.00546448087431694
kvzap-predictor-trace-20260817T085505Z::builtin_retrieval_trace,kvzap-predictor-trace-20260817T085505Z,builtin_retrieval_trace,25,1,4,0.7719072164948454,0.0056179775280898875
kvzap-predictor-trace-20260817T085505Z::builtin_retrieval_trace,kvzap-predictor-trace-20260817T085505Z,builtin_retrieval_trace,25,1,5,0.7729032258064517,0.011235955056179775
kvzap-predictor-trace-20260817T085505Z::builtin_retrieval_trace,kvzap-predictor-trace-20260817T085505Z,builtin_retrieval_trace,25,1,6,0.7654639175257731,0.00546448087431694
kvzap-predictor-trace-20260817T085505Z::builtin_retrieval_trace,kvzap-predictor-trace-20260817T085505Z,builtin_retrieval_trace,25,1,7,0.575516693163752,0.3566265060240964
kvzap-predictor-trace-20260817T085505Z::builtin_retrieval_trace,kvzap-predictor-trace-20260817T085505Z,builtin_retrieval_trace,25,2,3,0.9174193548387096,0.030303030303030304
kvzap-predictor-trace-20260817T085505Z::builtin_retrieval_trace,kvzap-predictor-trace-20260817T085505Z,builtin_retrieval_trace,25,2,4,0.9213917525773195,0.016129032258064516
kvzap-predictor-trace-20260817T085505Z::builtin_retrieval_trace,kvzap-predictor-trace-20260817T085505Z,builtin_retrieval_trace,25,2,5,0.9225806451612903,0.03225806451612903
kvzap-predictor-trace-20260817T085505Z::builtin_retrieval_trace,kvzap-predictor-trace-20260817T085505Z,builtin_retrieval_trace,25,2,6,0.9223803363518758,0.0625
kvzap-predictor-trace-20260817T085505Z::builtin_retrieval_trace,kvzap-predictor-trace-20260817T085505Z,builtin_retrieval_trace,25,2,7,0.5460893854748603,0.15803108808290156
kvzap-predictor-trace-20260817T085505Z::builtin_retrieval_trace,kvzap-predictor-trace-20260817T085505Z,builtin_retrieval_trace,25,3,4,0.9935567010309279,0.16666666666666666
kvzap-predictor-trace-20260817T085505Z::builtin_retrieval_trace,kvzap-predictor-trace-20260817T085505Z,builtin_retrieval_trace,25,3,5,0.9922680412371134,0.14285714285714285
kvzap-predictor-trace-20260817T085505Z::builtin_retrieval_trace,kvzap-predictor-trace-20260817T085505Z,builtin_retrieval_trace,25,3,6,0.9871134020618557,0.09090909090909091
kvzap-predictor-trace-20260817T085505Z::builtin_retrieval_trace,kvzap-predictor-trace-20260817T085505Z,builtin_retrieval_trace,25,3,7,0.5025839793281653,0.007731958762886598
kvzap-predictor-trace-20260817T085505Z::builtin_retrieval_trace,kvzap-predictor-trace-20260817T085505Z,builtin_retrieval_trace,25,4,5,0.9987113402061856,0.5
kvzap-predictor-trace-20260817T085505Z::builtin_retrieval_trace,kvzap-predictor-trace-20260817T085505Z,builtin_retrieval_trace,25,4,6,0.9935567010309279,0.16666666666666666
kvzap-predictor-trace-20260817T085505Z::builtin_retrieval_trace,kvzap-predictor-trace-20260817T085505Z,builtin_retrieval_trace,25,4,7,0.5051546391752577,0.0025974025974025974
kvzap-predictor-trace-20260817T085505Z::builtin_retrieval_trace,kvzap-predictor-trace-20260817T085505Z,builtin_retrieval_trace,25,5,6,0.9922680412371134,0.14285714285714285
kvzap-predictor-trace-20260817T085505Z::builtin_retrieval_trace,kvzap-predictor-trace-20260817T085505Z,builtin_retrieval_trace,25,5,7,0.5058064516129033,0.005194805194805195
kvzap-predictor-trace-20260817T085505Z::builtin_retrieval_trace,kvzap-predictor-trace-20260817T085505Z,builtin_retrieval_trace,25,6,7,0.5064766839378239,0.012953367875647668
kvzap-predictor-trace-20260817T085505Z::builtin_retrieval_trace,kvzap-predictor-trace-20260817T085505Z,builtin_retrieval_trace,26,0,1,0.9149484536082474,0.014925373134328358
kvzap-predictor-trace-20260817T085505Z::builtin_retrieval_trace,kvzap-predictor-trace-20260817T085505Z,builtin_retrieval_trace,26,0,2,0.9987113402061856,0.5
kvzap-predictor-trace-20260817T085505Z::builtin_retrieval_trace,kvzap-predictor-trace-20260817T085505Z,builtin_retrieval_trace,26,0,3,0.7061855670103093,0.004366812227074236
kvzap-predictor-trace-20260817T085505Z::builtin_retrieval_trace,kvzap-predictor-trace-20260817T085505Z,builtin_retrieval_trace,26,0,4,0.8685567010309279,0.009708737864077669
kvzap-predictor-trace-20260817T085505Z::builtin_retrieval_trace,kvzap-predictor-trace-20260817T085505Z,builtin_retrieval_trace,26,0,5,0.990979381443299,0.125
kvzap-predictor-trace-20260817T085505Z::builtin_retrieval_trace,kvzap-predictor-trace-20260817T085505Z,builtin_retrieval_trace,26,0,6,0.8118556701030928,0.006802721088435374
kvzap-predictor-trace-20260817T085505Z::builtin_retrieval_trace,kvzap-predictor-trace-20260817T085505Z,builtin_retrieval_trace,26,0,7,0.9033505154639175,0.013157894736842105
kvzap-predictor-trace-20260817T085505Z::builtin_retrieval_trace,kvzap-predictor-trace-20260817T085505Z,builtin_retrieval_trace,26,1,2,0.9162371134020618,0.015151515151515152
kvzap-predictor-trace-20260817T085505Z::builtin_retrieval_trace,kvzap-predictor-trace-20260817T085505Z,builtin_retrieval_trace,26,1,3,0.7696629213483146,0.2838427947598253
kvzap-predictor-trace-20260817T085505Z::builtin_retrieval_trace,kvzap-predictor-trace-20260817T085505Z,builtin_retrieval_trace,26,1,4,0.9117241379310345,0.4482758620689655
kvzap-predictor-trace-20260817T085505Z::builtin_retrieval_trace,kvzap-predictor-trace-20260817T085505Z,builtin_retrieval_trace,26,1,5,0.9233766233766234,0.10606060606060606
kvzap-predictor-trace-20260817T085505Z::builtin_retrieval_trace,kvzap-predictor-trace-20260817T085505Z,builtin_retrieval_trace,26,1,6,0.8587257617728532,0.3503184713375796
kvzap-predictor-trace-20260817T085505Z::builtin_retrieval_trace,kvzap-predictor-trace-20260817T085505Z,builtin_retrieval_trace,26,1,7,0.9172320217096337,0.39603960396039606
kvzap-predictor-trace-20260817T085505Z::builtin_retrieval_trace,kvzap-predictor-trace-20260817T085505Z,builtin_retrieval_trace,26,2,3,0.7074742268041238,0.0043859649122807015
kvzap-predictor-trace-20260817T085505Z::builtin_retrieval_trace,kvzap-predictor-trace-20260817T085505Z,builtin_retrieval_trace,26,2,4,0.8698453608247423,0.00980392156862745
kvzap-predictor-trace-20260817T085505Z::builtin_retrieval_trace,kvzap-predictor-trace-20260817T085505Z,builtin_retrieval_trace,26,2,5,0.9922680412371134,0.14285714285714285
kvzap-predictor-trace-20260817T085505Z::builtin_retrieval_trace,kvzap-predictor-trace-20260817T085505Z,builtin_retrieval_trace,26,2,6,0.8131443298969072,0.00684931506849315
kvzap-predictor-trace-20260817T085505Z::builtin_retrieval_trace,kvzap-predictor-trace-20260817T085505Z,builtin_retrieval_trace,26,2,7,0.904639175257732,0.013333333333333334
kvzap-predictor-trace-20260817T085505Z::builtin_retrieval_trace,kvzap-predictor-trace-20260817T085505Z,builtin_retrieval_trace,26,3,4,0.7790697674418605,0.36929460580912865
kvzap-predictor-trace-20260817T085505Z::builtin_retrieval_trace,kvzap-predictor-trace-20260817T085505Z,builtin_retrieval_trace,26,3,5,0.712987012987013,0.03070175438596491
kvzap-predictor-trace-20260817T085505Z::builtin_retrieval_trace,kvzap-predictor-trace-20260817T085505Z,builtin_retrieval_trace,26,3,6,0.7824773413897281,0.444015444015444
kvzap-predictor-trace-20260817T085505Z::builtin_retrieval_trace,kvzap-predictor-trace-20260817T085505Z,builtin_retrieval_trace,26,3,7,0.759493670886076,0.27848101265822783
kvzap-predictor-trace-20260817T085505Z::builtin_retrieval_trace,kvzap-predictor-trace-20260817T085505Z,builtin_retrieval_trace,26,4,5,0.8766233766233766,0.06862745098039216
kvzap-predictor-trace-20260817T085505Z::builtin_retrieval_trace,kvzap-predictor-trace-20260817T085505Z,builtin_retrieval_trace,26,4,6,0.8394366197183099,0.3701657458563536
kvzap-predictor-trace-20260817T085505Z::builtin_retrieval_trace,kvzap-predictor-trace-20260817T085505Z,builtin_retrieval_trace,26,4,7,0.8837209302325582,0.3511450381679389
kvzap-predictor-trace-20260817T085505Z::builtin_retrieval_trace,kvzap-predictor-trace-20260817T085505Z,builtin_retrieval_trace,26,5,6,0.8194805194805195,0.04794520547945205
kvzap-predictor-trace-20260817T085505Z::builtin_retrieval_trace,kvzap-predictor-trace-20260817T085505Z,builtin_retrieval_trace,26,5,7,0.9116883116883117,0.09333333333333334
kvzap-predictor-trace-20260817T085505Z::builtin_retrieval_trace,kvzap-predictor-trace-20260817T085505Z,builtin_retrieval_trace,26,6,7,0.8721910112359551,0.4166666666666667
kvzap-predictor-trace-20260817T085505Z::builtin_retrieval_trace,kvzap-predictor-trace-20260817T085505Z,builtin_retrieval_trace,27,0,1,1.0,1.0
kvzap-predictor-trace-20260817T085505Z::builtin_retrieval_trace,kvzap-predictor-trace-20260817T085505Z,builtin_retrieval_trace,27,0,2,0.9987113402061856,0.5
kvzap-predictor-trace-20260817T085505Z::builtin_retrieval_trace,kvzap-predictor-trace-20260817T085505Z,builtin_retrieval_trace,27,0,3,0.8608247422680413,0.009174311926605505
kvzap-predictor-trace-20260817T085505Z::builtin_retrieval_trace,kvzap-predictor-trace-20260817T085505Z,builtin_retrieval_trace,27,0,4,0.884020618556701,0.01098901098901099
kvzap-predictor-trace-20260817T085505Z::builtin_retrieval_trace,kvzap-predictor-trace-20260817T085505Z,builtin_retrieval_trace,27,0,5,0.9961340206185567,0.25
kvzap-predictor-trace-20260817T085505Z::builtin_retrieval_trace,kvzap-predictor-trace-20260817T085505Z,builtin_retrieval_trace,27,0,6,0.8814432989690721,0.010752688172043012
kvzap-predictor-trace-20260817T085505Z::builtin_retrieval_trace,kvzap-predictor-trace-20260817T085505Z,builtin_retrieval_trace,27,0,7,0.9768041237113402,0.05263157894736842
kvzap-predictor-trace-20260817T085505Z::builtin_retrieval_trace,kvzap-predictor-trace-20260817T085505Z,builtin_retrieval_trace,27,1,2,0.9987113402061856,0.5
kvzap-predictor-trace-20260817T085505Z::builtin_retrieval_trace,kvzap-predictor-trace-20260817T085505Z,builtin_retrieval_trace,27,1,3,0.8608247422680413,0.009174311926605505
kvzap-predictor-trace-20260817T085505Z::builtin_retrieval_trace,kvzap-predictor-trace-20260817T085505Z,builtin_retrieval_trace,27,1,4,0.884020618556701,0.01098901098901099
kvzap-predictor-trace-20260817T085505Z::builtin_retrieval_trace,kvzap-predictor-trace-20260817T085505Z,builtin_retrieval_trace,27,1,5,0.9961340206185567,0.25
kvzap-predictor-trace-20260817T085505Z::builtin_retrieval_trace,kvzap-predictor-trace-20260817T085505Z,builtin_retrieval_trace,27,1,6,0.8814432989690721,0.010752688172043012
kvzap-predictor-trace-20260817T085505Z::builtin_retrieval_trace,kvzap-predictor-trace-20260817T085505Z,builtin_retrieval_trace,27,1,7,0.9768041237113402,0.05263157894736842
kvzap-predictor-trace-20260817T085505Z::builtin_retrieval_trace,kvzap-predictor-trace-20260817T085505Z,builtin_retrieval_trace,27,2,3,0.8595360824742269,0.00909090909090909
kvzap-predictor-trace-20260817T085505Z::builtin_retrieval_trace,kvzap-predictor-trace-20260817T085505Z,builtin_retrieval_trace,27,2,4,0.8827319587628866,0.010869565217391304
kvzap-predictor-trace-20260817T085505Z::builtin_retrieval_trace,kvzap-predictor-trace-20260817T085505Z,builtin_retrieval_trace,27,2,5,0.9948453608247423,0.2
kvzap-predictor-trace-20260817T085505Z::builtin_retrieval_trace,kvzap-predictor-trace-20260817T085505Z,builtin_retrieval_trace,27,2,6,0.8801546391752577,0.010638297872340425
kvzap-predictor-trace-20260817T085505Z::builtin_retrieval_trace,kvzap-predictor-trace-20260817T085505Z,builtin_retrieval_trace,27,2,7,0.9755154639175257,0.05
kvzap-predictor-trace-20260817T085505Z::builtin_retrieval_trace,kvzap-predictor-trace-20260817T085505Z,builtin_retrieval_trace,27,3,4,0.8753462603878116,0.3793103448275862
kvzap-predictor-trace-20260817T085505Z::builtin_retrieval_trace,kvzap-predictor-trace-20260817T085505Z,builtin_retrieval_trace,27,3,5,0.8641655886157826,0.03669724770642202
kvzap-predictor-trace-20260817T085505Z::builtin_retrieval_trace,kvzap-predictor-trace-20260817T085505Z,builtin_retrieval_trace,27,3,6,0.8777777777777778,0.3931034482758621
kvzap-predictor-trace-20260817T085505Z::builtin_retrieval_trace,kvzap-predictor-trace-20260817T085505Z,builtin_retrieval_trace,27,3,7,0.8664921465968587,0.11304347826086956
kvzap-predictor-trace-20260817T085505Z::builtin_retrieval_trace,kvzap-predictor-trace-20260817T085505Z,builtin_retrieval_trace,27,4,5,0.88745148771022,0.04395604395604396
kvzap-predictor-trace-20260817T085505Z::builtin_retrieval_trace,kvzap-predictor-trace-20260817T085505Z,builtin_retrieval_trace,27,4,6,0.9027777777777778,0.44881889763779526
kvzap-predictor-trace-20260817T085505Z::builtin_retrieval_trace,kvzap-predictor-trace-20260817T085505Z,builtin_retrieval_trace,27,4,7,0.8851174934725848,0.1111111111111111
kvzap-predictor-trace-20260817T085505Z::builtin_retrieval_trace,kvzap-predictor-trace-20260817T085505Z,builtin_retrieval_trace,27,5,6,0.8848641655886158,0.043010752688172046
kvzap-predictor-trace-20260817T085505Z::builtin_retrieval_trace,kvzap-predictor-trace-20260817T085505Z,builtin_retrieval_trace,27,5,7,0.9780361757105943,0.15
kvzap-predictor-trace-20260817T085505Z::builtin_retrieval_trace,kvzap-predictor-trace-20260817T085505Z,builtin_retrieval_trace,27,6,7,0.8702983138780804,0.05660377358490566
kvzap-predictor-trace-20260817T085505Z::builtin_retrieval_trace,kvzap-predictor-trace-20260817T085505Z,builtin_retrieval_trace,28,0,1,0.6314432989690721,0.003484320557491289
kvzap-predictor-trace-20260817T085505Z::builtin_retrieval_trace,kvzap-predictor-trace-20260817T085505Z,builtin_retrieval_trace,28,0,2,0.710948905109489,0.31724137931034485
kvzap-predictor-trace-20260817T085505Z::builtin_retrieval_trace,kvzap-predictor-trace-20260817T085505Z,builtin_retrieval_trace,28,0,3,0.7245053272450532,0.39867109634551495
kvzap-predictor-trace-20260817T085505Z::builtin_retrieval_trace,kvzap-predictor-trace-20260817T085505Z,builtin_retrieval_trace,28,0,4,0.6721763085399449,0.17647058823529413
kvzap-predictor-trace-20260817T085505Z::builtin_retrieval_trace,kvzap-predictor-trace-20260817T085505Z,builtin_retrieval_trace,28,0,5,0.8393574297188755,0.7771587743732591
kvzap-predictor-trace-20260817T085505Z::builtin_retrieval_trace,kvzap-predictor-trace-20260817T085505Z,builtin_retrieval_trace,28,0,6,0.6314432989690721,0.003484320557491289
kvzap-predictor-trace-20260817T085505Z::builtin_retrieval_trace,kvzap-predictor-trace-20260817T085505Z,builtin_retrieval_trace,28,0,7,0.6314432989690721,0.003484320557491289
kvzap-predictor-trace-20260817T085505Z::builtin_retrieval_trace,kvzap-predictor-trace-20260817T085505Z,builtin_retrieval_trace,28,1,2,0.8788659793814433,0.010526315789473684
kvzap-predictor-trace-20260817T085505Z::builtin_retrieval_trace,kvzap-predictor-trace-20260817T085505Z,builtin_retrieval_trace,28,1,3,0.8286082474226805,0.007462686567164179
kvzap-predictor-trace-20260817T085505Z::builtin_retrieval_trace,kvzap-predictor-trace-20260817T085505Z,builtin_retrieval_trace,28,1,4,0.9329896907216495,0.018867924528301886
kvzap-predictor-trace-20260817T085505Z::builtin_retrieval_trace,kvzap-predictor-trace-20260817T085505Z,builtin_retrieval_trace,28,1,5,0.5489690721649485,0.002849002849002849
kvzap-predictor-trace-20260817T085505Z::builtin_retrieval_trace,kvzap-predictor-trace-20260817T085505Z,builtin_retrieval_trace,28,1,6,1.0,1.0
kvzap-predictor-trace-20260817T085505Z::builtin_retrieval_trace,kvzap-predictor-trace-20260817T085505Z,builtin_retrieval_trace,28,1,7,1.0,1.0
kvzap-predictor-trace-20260817T085505Z::builtin_retrieval_trace,kvzap-predictor-trace-20260817T085505Z,builtin_retrieval_trace,28,2,3,0.8027210884353742,0.22459893048128343
kvzap-predictor-trace-20260817T085505Z::builtin_retrieval_trace,kvzap-predictor-trace-20260817T085505Z,builtin_retrieval_trace,28,2,4,0.8721704394141145,0.21311475409836064
kvzap-predictor-trace-20260817T085505Z::builtin_retrieval_trace,kvzap-predictor-trace-20260817T085505Z,builtin_retrieval_trace,28,2,5,0.6198830409356725,0.26345609065155806
kvzap-predictor-trace-20260817T085505Z::builtin_retrieval_trace,kvzap-predictor-trace-20260817T085505Z,builtin_retrieval_trace,28,2,6,0.8788659793814433,0.010526315789473684
kvzap-predictor-trace-20260817T085505Z::builtin_retrieval_trace,kvzap-predictor-trace-20260817T085505Z,builtin_retrieval_trace,28,2,7,0.8788659793814433,0.010526315789473684
kvzap-predictor-trace-20260817T085505Z::builtin_retrieval_trace,kvzap-predictor-trace-20260817T085505Z,builtin_retrieval_trace,28,3,4,0.8058124174372523,0.11976047904191617
kvzap-predictor-trace-20260817T085505Z::builtin_retrieval_trace,kvzap-predictor-trace-20260817T085505Z,builtin_retrieval_trace,28,3,5,0.6446153846153846,0.3547486033519553
kvzap-predictor-trace-20260817T085505Z::builtin_retrieval_trace,kvzap-predictor-trace-20260817T085505Z,builtin_retrieval_trace,28,3,6,0.8286082474226805,0.007462686567164179
kvzap-predictor-trace-20260817T085505Z::builtin_retrieval_trace,kvzap-predictor-trace-20260817T085505Z,builtin_retrieval_trace,28,3,7,0.8286082474226805,0.007462686567164179
kvzap-predictor-trace-20260817T085505Z::builtin_retrieval_trace,kvzap-predictor-trace-20260817T085505Z,builtin_retrieval_trace,28,4,5,0.5862068965517241,0.14772727272727273
kvzap-predictor-trace-20260817T085505Z::builtin_retrieval_trace,kvzap-predictor-trace-20260817T085505Z,builtin_retrieval_trace,28,4,6,0.9329896907216495,0.018867924528301886
kvzap-predictor-trace-20260817T085505Z::builtin_retrieval_trace,kvzap-predictor-trace-20260817T085505Z,builtin_retrieval_trace,28,4,7,0.9329896907216495,0.018867924528301886
kvzap-predictor-trace-20260817T085505Z::builtin_retrieval_trace,kvzap-predictor-trace-20260817T085505Z,builtin_retrieval_trace,28,5,6,0.5489690721649485,0.002849002849002849
kvzap-predictor-trace-20260817T085505Z::builtin_retrieval_trace,kvzap-predictor-trace-20260817T085505Z,builtin_retrieval_trace,28,5,7,0.5489690721649485,0.002849002849002849
kvzap-predictor-trace-20260817T085505Z::builtin_retrieval_trace,kvzap-predictor-trace-20260817T085505Z,builtin_retrieval_trace,28,6,7,1.0,1.0
kvzap-predictor-trace-20260817T085505Z::builtin_retrieval_trace,kvzap-predictor-trace-20260817T085505Z,builtin_retrieval_trace,29,0,1,0.8696296296296296,0.5368421052631579
kvzap-predictor-trace-20260817T085505Z::builtin_retrieval_trace,kvzap-predictor-trace-20260817T085505Z,builtin_retrieval_trace,29,0,2,0.37799043062200954,0.2777777777777778
kvzap-predictor-trace-20260817T085505Z::builtin_retrieval_trace,kvzap-predictor-trace-20260817T085505Z,builtin_retrieval_trace,29,0,3,0.24121405750798722,0.24121405750798722
kvzap-predictor-trace-20260817T085505Z::builtin_retrieval_trace,kvzap-predictor-trace-20260817T085505Z,builtin_retrieval_trace,29,0,4,0.8069948186528497,0.032467532467532464
kvzap-predictor-trace-20260817T085505Z::builtin_retrieval_trace,kvzap-predictor-trace-20260817T085505Z,builtin_retrieval_trace,29,0,5,0.8028350515463918,0.006493506493506494
kvzap-predictor-trace-20260817T085505Z::builtin_retrieval_trace,kvzap-predictor-trace-20260817T085505Z,builtin_retrieval_trace,29,0,6,0.8105960264900662,0.13333333333333333
kvzap-predictor-trace-20260817T085505Z::builtin_retrieval_trace,kvzap-predictor-trace-20260817T085505Z,builtin_retrieval_trace,29,0,7,0.8028350515463918,0.006493506493506494
kvzap-predictor-trace-20260817T085505Z::builtin_retrieval_trace,kvzap-predictor-trace-20260817T085505Z,builtin_retrieval_trace,29,1,2,0.37715179968701096,0.2574626865671642
kvzap-predictor-trace-20260817T085505Z::builtin_retrieval_trace,kvzap-predictor-trace-20260817T085505Z,builtin_retrieval_trace,29,1,3,0.2390625,0.21955128205128205
kvzap-predictor-trace-20260817T085505Z::builtin_retrieval_trace,kvzap-predictor-trace-20260817T085505Z,builtin_retrieval_trace,29,1,4,0.8277202072538861,0.036231884057971016
kvzap-predictor-trace-20260817T085505Z::builtin_retrieval_trace,kvzap-predictor-trace-20260817T085505Z,builtin_retrieval_trace,29,1,5,0.8234536082474226,0.007246376811594203
kvzap-predictor-trace-20260817T085505Z::builtin_retrieval_trace,kvzap-predictor-trace-20260817T085505Z,builtin_retrieval_trace,29,1,6,0.8489304812834224,0.20422535211267606
kvzap-predictor-trace-20260817T085505Z::builtin_retrieval_trace,kvzap-predictor-trace-20260817T085505Z,builtin_retrieval_trace,29,1,7,0.8234536082474226,0.007246376811594203
kvzap-predictor-trace-20260817T085505Z::builtin_retrieval_trace,kvzap-predictor-trace-20260817T085505Z,builtin_retrieval_trace,29,2,3,0.5192307692307693,0.8052959501557633
kvzap-predictor-trace-20260817T085505Z::builtin_retrieval_trace,kvzap-predictor-trace-20260817T085505Z,builtin_retrieval_trace,29,2,4,0.3121761658031088,0.009328358208955223
kvzap-predictor-trace-20260817T085505Z::builtin_retrieval_trace,kvzap-predictor-trace-20260817T085505Z,builtin_retrieval_trace,29,2,5,0.31056701030927836,0.0018656716417910447
kvzap-predictor-trace-20260817T085505Z::builtin_retrieval_trace,kvzap-predictor-trace-20260817T085505Z,builtin_retrieval_trace,29,2,6,0.3221476510067114,0.0595903165735568
kvzap-predictor-trace-20260817T085505Z::builtin_retrieval_trace,kvzap-predictor-trace-20260817T085505Z,builtin_retrieval_trace,29,2,7,0.31056701030927836,0.0018656716417910447
kvzap-predictor-trace-20260817T085505Z::builtin_retrieval_trace,kvzap-predictor-trace-20260817T085505Z,builtin_retrieval_trace,29,3,4,0.19948186528497408,0.008025682182985553
kvzap-predictor-trace-20260817T085505Z::builtin_retrieval_trace,kvzap-predictor-trace-20260817T085505Z,builtin_retrieval_trace,29,3,5,0.19845360824742267,0.0016051364365971107
kvzap-predictor-trace-20260817T085505Z::builtin_retrieval_trace,kvzap-predictor-trace-20260817T085505Z,builtin_retrieval_trace,29,3,6,0.20536912751677852,0.05128205128205128
kvzap-predictor-trace-20260817T085505Z::builtin_retrieval_trace,kvzap-predictor-trace-20260817T085505Z,builtin_retrieval_trace,29,3,7,0.19845360824742267,0.0016051364365971107
kvzap-predictor-trace-20260817T085505Z::builtin_retrieval_trace,kvzap-predictor-trace-20260817T085505Z,builtin_retrieval_trace,29,4,5,0.9948453608247423,0.2
kvzap-predictor-trace-20260817T085505Z::builtin_retrieval_trace,kvzap-predictor-trace-20260817T085505Z,builtin_retrieval_trace,29,4,6,0.9561290322580646,0.05555555555555555
kvzap-predictor-trace-20260817T085505Z::builtin_retrieval_trace,kvzap-predictor-trace-20260817T085505Z,builtin_retrieval_trace,29,4,7,0.9948453608247423,0.2
kvzap-predictor-trace-20260817T085505Z::builtin_retrieval_trace,kvzap-predictor-trace-20260817T085505Z,builtin_retrieval_trace,29,5,6,0.9587628865979382,0.030303030303030304
kvzap-predictor-trace-20260817T085505Z::builtin_retrieval_trace,kvzap-predictor-trace-20260817T085505Z,builtin_retrieval_trace,29,5,7,1.0,1.0
kvzap-predictor-trace-20260817T085505Z::builtin_retrieval_trace,kvzap-predictor-trace-20260817T085505Z,builtin_retrieval_trace,29,6,7,0.9587628865979382,0.030303030303030304
kvzap-predictor-trace-20260817T085505Z::builtin_retrieval_trace,kvzap-predictor-trace-20260817T085505Z,builtin_retrieval_trace,30,0,1,0.5412371134020618,0.0028011204481792717
kvzap-predictor-trace-20260817T085505Z::builtin_retrieval_trace,kvzap-predictor-trace-20260817T085505Z,builtin_retrieval_trace,30,0,2,0.8479381443298969,0.008403361344537815
kvzap-predictor-trace-20260817T085505Z::builtin_retrieval_trace,kvzap-predictor-trace-20260817T085505Z,builtin_retrieval_trace,30,0,3,1.0,1.0
kvzap-predictor-trace-20260817T085505Z::builtin_retrieval_trace,kvzap-predictor-trace-20260817T085505Z,builtin_retrieval_trace,30,0,4,0.9935567010309279,0.16666666666666666
kvzap-predictor-trace-20260817T085505Z::builtin_retrieval_trace,kvzap-predictor-trace-20260817T085505Z,builtin_retrieval_trace,30,0,5,1.0,1.0
kvzap-predictor-trace-20260817T085505Z::builtin_retrieval_trace,kvzap-predictor-trace-20260817T085505Z,builtin_retrieval_trace,30,0,6,0.8131443298969072,0.00684931506849315
kvzap-predictor-trace-20260817T085505Z::builtin_retrieval_trace,kvzap-predictor-trace-20260817T085505Z,builtin_retrieval_trace,30,0,7,1.0,1.0
kvzap-predictor-trace-20260817T085505Z::builtin_retrieval_trace,kvzap-predictor-trace-20260817T085505Z,builtin_retrieval_trace,30,1,2,0.53125,0.18114143920595532
kvzap-predictor-trace-20260817T085505Z::builtin_retrieval_trace,kvzap-predictor-trace-20260817T085505Z,builtin_retrieval_trace,30,1,3,0.5412371134020618,0.0028011204481792717
kvzap-predictor-trace-20260817T085505Z::builtin_retrieval_trace,kvzap-predictor-trace-20260817T085505Z,builtin_retrieval_trace,30,1,4,0.5387596899224806,0.008333333333333333
kvzap-predictor-trace-20260817T085505Z::builtin_retrieval_trace,kvzap-predictor-trace-20260817T085505Z,builtin_retrieval_trace,30,1,5,0.5412371134020618,0.0028011204481792717
kvzap-predictor-trace-20260817T085505Z::builtin_retrieval_trace,kvzap-predictor-trace-20260817T085505Z,builtin_retrieval_trace,30,1,6,0.5343065693430656,0.22384428223844283
kvzap-predictor-trace-20260817T085505Z::builtin_retrieval_trace,kvzap-predictor-trace-20260817T085505Z,builtin_retrieval_trace,30,1,7,0.5412371134020618,0.0028011204481792717
kvzap-predictor-trace-20260817T085505Z::builtin_retrieval_trace,kvzap-predictor-trace-20260817T085505Z,builtin_retrieval_trace,30,2,3,0.8479381443298969,0.008403361344537815
kvzap-predictor-trace-20260817T085505Z::builtin_retrieval_trace,kvzap-predictor-trace-20260817T085505Z,builtin_retrieval_trace,30,2,4,0.8486416558861578,0.03305785123966942
kvzap-predictor-trace-20260817T085505Z::builtin_retrieval_trace,kvzap-predictor-trace-20260817T085505Z,builtin_retrieval_trace,30,2,5,0.8479381443298969,0.008403361344537815
kvzap-predictor-trace-20260817T085505Z::builtin_retrieval_trace,kvzap-predictor-trace-20260817T085505Z,builtin_retrieval_trace,30,2,6,0.8129395218002813,0.3316582914572864
kvzap-predictor-trace-20260817T085505Z::builtin_retrieval_trace,kvzap-predictor-trace-20260817T085505Z,builtin_retrieval_trace,30,2,7,0.8479381443298969,0.008403361344537815
kvzap-predictor-trace-20260817T085505Z::builtin_retrieval_trace,kvzap-predictor-trace-20260817T085505Z,builtin_retrieval_trace,30,3,4,0.9935567010309279,0.16666666666666666
kvzap-predictor-trace-20260817T085505Z::builtin_retrieval_trace,kvzap-predictor-trace-20260817T085505Z,builtin_retrieval_trace,30,3,5,1.0,1.0
kvzap-predictor-trace-20260817T085505Z::builtin_retrieval_trace,kvzap-predictor-trace-20260817T085505Z,builtin_retrieval_trace,30,3,6,0.8131443298969072,0.00684931506849315
kvzap-predictor-trace-20260817T085505Z::builtin_retrieval_trace,kvzap-predictor-trace-20260817T085505Z,builtin_retrieval_trace,30,3,7,1.0,1.0
kvzap-predictor-trace-20260817T085505Z::builtin_retrieval_trace,kvzap-predictor-trace-20260817T085505Z,builtin_retrieval_trace,30,4,5,0.9935567010309279,0.16666666666666666
kvzap-predictor-trace-20260817T085505Z::builtin_retrieval_trace,kvzap-predictor-trace-20260817T085505Z,builtin_retrieval_trace,30,4,6,0.8160621761658031,0.034013605442176874
kvzap-predictor-trace-20260817T085505Z::builtin_retrieval_trace,kvzap-predictor-trace-20260817T085505Z,builtin_retrieval_trace,30,4,7,0.9935567010309279,0.16666666666666666
kvzap-predictor-trace-20260817T085505Z::builtin_retrieval_trace,kvzap-predictor-trace-20260817T085505Z,builtin_retrieval_trace,30,5,6,0.8131443298969072,0.00684931506849315
kvzap-predictor-trace-20260817T085505Z::builtin_retrieval_trace,kvzap-predictor-trace-20260817T085505Z,builtin_retrieval_trace,30,5,7,1.0,1.0
kvzap-predictor-trace-20260817T085505Z::builtin_retrieval_trace,kvzap-predictor-trace-20260817T085505Z,builtin_retrieval_trace,30,6,7,0.8131443298969072,0.00684931506849315
kvzap-predictor-trace-20260817T085505Z::builtin_retrieval_trace,kvzap-predictor-trace-20260817T085505Z,builtin_retrieval_trace,31,0,1,0.7961290322580645,0.0125
kvzap-predictor-trace-20260817T085505Z::builtin_retrieval_trace,kvzap-predictor-trace-20260817T085505Z,builtin_retrieval_trace,31,0,2,0.9961340206185567,0.25
kvzap-predictor-trace-20260817T085505Z::builtin_retrieval_trace,kvzap-predictor-trace-20260817T085505Z,builtin_retrieval_trace,31,0,3,0.9032258064516129,0.025974025974025976
kvzap-predictor-trace-20260817T085505Z::builtin_retrieval_trace,kvzap-predictor-trace-20260817T085505Z,builtin_retrieval_trace,31,0,4,0.9974226804123711,0.3333333333333333
kvzap-predictor-trace-20260817T085505Z::builtin_retrieval_trace,kvzap-predictor-trace-20260817T085505Z,builtin_retrieval_trace,31,0,5,0.9652061855670103,0.03571428571428571
kvzap-predictor-trace-20260817T085505Z::builtin_retrieval_trace,kvzap-predictor-trace-20260817T085505Z,builtin_retrieval_trace,31,0,6,0.9974226804123711,0.3333333333333333
kvzap-predictor-trace-20260817T085505Z::builtin_retrieval_trace,kvzap-predictor-trace-20260817T085505Z,builtin_retrieval_trace,31,0,7,0.6175710594315246,0.010033444816053512
kvzap-predictor-trace-20260817T085505Z::builtin_retrieval_trace,kvzap-predictor-trace-20260817T085505Z,builtin_retrieval_trace,31,1,2,0.7974193548387096,0.012578616352201259
kvzap-predictor-trace-20260817T085505Z::builtin_retrieval_trace,kvzap-predictor-trace-20260817T085505Z,builtin_retrieval_trace,31,1,3,0.7800269905533064,0.18090452261306533
kvzap-predictor-trace-20260817T085505Z::builtin_retrieval_trace,kvzap-predictor-trace-20260817T085505Z,builtin_retrieval_trace,31,1,4,0.7963917525773195,0.006289308176100629
kvzap-predictor-trace-20260817T085505Z::builtin_retrieval_trace,kvzap-predictor-trace-20260817T085505Z,builtin_retrieval_trace,31,1,5,0.7942332896461337,0.08187134502923976
kvzap-predictor-trace-20260817T085505Z::builtin_retrieval_trace,kvzap-predictor-trace-20260817T085505Z,builtin_retrieval_trace,31,1,6,0.7963917525773195,0.006289308176100629
kvzap-predictor-trace-20260817T085505Z::builtin_retrieval_trace,kvzap-predictor-trace-20260817T085505Z,builtin_retrieval_trace,31,1,7,0.7259842519685039,0.44936708860759494
kvzap-predictor-trace-20260817T085505Z::builtin_retrieval_trace,kvzap-predictor-trace-20260817T085505Z,builtin_retrieval_trace,31,2,3,0.9020618556701031,0.012987012987012988
kvzap-predictor-trace-20260817T085505Z::builtin_retrieval_trace,kvzap-predictor-trace-20260817T085505Z,builtin_retrieval_trace,31,2,4,0.9987113402061856,0.5
kvzap-predictor-trace-20260817T085505Z::builtin_retrieval_trace,kvzap-predictor-trace-20260817T085505Z,builtin_retrieval_trace,31,2,5,0.9664948453608248,0.037037037037037035
kvzap-predictor-trace-20260817T085505Z::builtin_retrieval_trace,kvzap-predictor-trace-20260817T085505Z,builtin_retrieval_trace,31,2,6,0.9987113402061856,0.5
kvzap-predictor-trace-20260817T085505Z::builtin_retrieval_trace,kvzap-predictor-trace-20260817T085505Z,builtin_retrieval_trace,31,2,7,0.6167741935483871,0.006688963210702341
kvzap-predictor-trace-20260817T085505Z::builtin_retrieval_trace,kvzap-predictor-trace-20260817T085505Z,builtin_retrieval_trace,31,3,4,0.9033505154639175,0.013157894736842105
kvzap-predictor-trace-20260817T085505Z::builtin_retrieval_trace,kvzap-predictor-trace-20260817T085505Z,builtin_retrieval_trace,31,3,5,0.9180977542932629,0.24390243902439024
kvzap-predictor-trace-20260817T085505Z::builtin_retrieval_trace,kvzap-predictor-trace-20260817T085505Z,builtin_retrieval_trace,31,3,6,0.9033505154639175,0.013157894736842105
kvzap-predictor-trace-20260817T085505Z::builtin_retrieval_trace,kvzap-predictor-trace-20260817T085505Z,builtin_retrieval_trace,31,3,7,0.6723404255319149,0.2376237623762376
kvzap-predictor-trace-20260817T085505Z::builtin_retrieval_trace,kvzap-predictor-trace-20260817T085505Z,builtin_retrieval_trace,31,4,5,0.9677835051546392,0.038461538461538464
kvzap-predictor-trace-20260817T085505Z::builtin_retrieval_trace,kvzap-predictor-trace-20260817T085505Z,builtin_retrieval_trace,31,4,6,1.0,1.0
kvzap-predictor-trace-20260817T085505Z::builtin_retrieval_trace,kvzap-predictor-trace-20260817T085505Z,builtin_retrieval_trace,31,4,7,0.615979381443299,0.0033444816053511705
kvzap-predictor-trace-20260817T085505Z::builtin_retrieval_trace,kvzap-predictor-trace-20260817T085505Z,builtin_retrieval_trace,31,5,6,0.9677835051546392,0.038461538461538464
kvzap-predictor-trace-20260817T085505Z::builtin_retrieval_trace,kvzap-predictor-trace-20260817T085505Z,builtin_retrieval_trace,31,5,7,0.6343085106382979,0.08333333333333333
kvzap-predictor-trace-20260817T085505Z::builtin_retrieval_trace,kvzap-predictor-trace-20260817T085505Z,builtin_retrieval_trace,31,6,7,0.615979381443299,0.0033444816053511705
kvzap-predictor-trace-20260817T085505Z::builtin_retrieval_trace,kvzap-predictor-trace-20260817T085505Z,builtin_retrieval_trace,32,0,1,0.7426981919332406,0.23868312757201646
kvzap-predictor-trace-20260817T085505Z::builtin_retrieval_trace,kvzap-predictor-trace-20260817T085505Z,builtin_retrieval_trace,32,0,2,0.8600583090379009,0.48663101604278075
kvzap-predictor-trace-20260817T085505Z::builtin_retrieval_trace,kvzap-predictor-trace-20260817T085505Z,builtin_retrieval_trace,32,0,3,0.7757731958762887,0.005714285714285714
kvzap-predictor-trace-20260817T085505Z::builtin_retrieval_trace,kvzap-predictor-trace-20260817T085505Z,builtin_retrieval_trace,32,0,4,0.7757731958762887,0.005714285714285714
kvzap-predictor-trace-20260817T085505Z::builtin_retrieval_trace,kvzap-predictor-trace-20260817T085505Z,builtin_retrieval_trace,32,0,5,0.7757731958762887,0.005714285714285714
kvzap-predictor-trace-20260817T085505Z::builtin_retrieval_trace,kvzap-predictor-trace-20260817T085505Z,builtin_retrieval_trace,32,0,6,0.7757731958762887,0.005714285714285714
kvzap-predictor-trace-20260817T085505Z::builtin_retrieval_trace,kvzap-predictor-trace-20260817T085505Z,builtin_retrieval_trace,32,0,7,0.7757731958762887,0.005714285714285714
kvzap-predictor-trace-20260817T085505Z::builtin_retrieval_trace,kvzap-predictor-trace-20260817T085505Z,builtin_retrieval_trace,32,1,2,0.8076398362892224,0.23783783783783785
kvzap-predictor-trace-20260817T085505Z::builtin_retrieval_trace,kvzap-predictor-trace-20260817T085505Z,builtin_retrieval_trace,32,1,3,0.8389175257731959,0.007936507936507936
kvzap-predictor-trace-20260817T085505Z::builtin_retrieval_trace,kvzap-predictor-trace-20260817T085505Z,builtin_retrieval_trace,32,1,4,0.8389175257731959,0.007936507936507936
kvzap-predictor-trace-20260817T085505Z::builtin_retrieval_trace,kvzap-predictor-trace-20260817T085505Z,builtin_retrieval_trace,32,1,5,0.8389175257731959,0.007936507936507936
kvzap-predictor-trace-20260817T085505Z::builtin_retrieval_trace,kvzap-predictor-trace-20260817T085505Z,builtin_retrieval_trace,32,1,6,0.8389175257731959,0.007936507936507936
kvzap-predictor-trace-20260817T085505Z::builtin_retrieval_trace,kvzap-predictor-trace-20260817T085505Z,builtin_retrieval_trace,32,1,7,0.8389175257731959,0.007936507936507936
kvzap-predictor-trace-20260817T085505Z::builtin_retrieval_trace,kvzap-predictor-trace-20260817T085505Z,builtin_retrieval_trace,32,2,3,0.8685567010309279,0.009708737864077669
kvzap-predictor-trace-20260817T085505Z::builtin_retrieval_trace,kvzap-predictor-trace-20260817T085505Z,builtin_retrieval_trace,32,2,4,0.8685567010309279,0.009708737864077669
kvzap-predictor-trace-20260817T085505Z::builtin_retrieval_trace,kvzap-predictor-trace-20260817T085505Z,builtin_retrieval_trace,32,2,5,0.8685567010309279,0.009708737864077669
kvzap-predictor-trace-20260817T085505Z::builtin_retrieval_trace,kvzap-predictor-trace-20260817T085505Z,builtin_retrieval_trace,32,2,6,0.8685567010309279,0.009708737864077669
kvzap-predictor-trace-20260817T085505Z::builtin_retrieval_trace,kvzap-predictor-trace-20260817T085505Z,builtin_retrieval_trace,32,2,7,0.8685567010309279,0.009708737864077669
kvzap-predictor-trace-20260817T085505Z::builtin_retrieval_trace,kvzap-predictor-trace-20260817T085505Z,builtin_retrieval_trace,32,3,4,1.0,1.0
kvzap-predictor-trace-20260817T085505Z::builtin_retrieval_trace,kvzap-predictor-trace-20260817T085505Z,builtin_retrieval_trace,32,3,5,1.0,1.0
kvzap-predictor-trace-20260817T085505Z::builtin_retrieval_trace,kvzap-predictor-trace-20260817T085505Z,builtin_retrieval_trace,32,3,6,1.0,1.0
kvzap-predictor-trace-20260817T085505Z::builtin_retrieval_trace,kvzap-predictor-trace-20260817T085505Z,builtin_retrieval_trace,32,3,7,1.0,1.0
kvzap-predictor-trace-20260817T085505Z::builtin_retrieval_trace,kvzap-predictor-trace-20260817T085505Z,builtin_retrieval_trace,32,4,5,1.0,1.0
kvzap-predictor-trace-20260817T085505Z::builtin_retrieval_trace,kvzap-predictor-trace-20260817T085505Z,builtin_retrieval_trace,32,4,6,1.0,1.0
kvzap-predictor-trace-20260817T085505Z::builtin_retrieval_trace,kvzap-predictor-trace-20260817T085505Z,builtin_retrieval_trace,32,4,7,1.0,1.0
kvzap-predictor-trace-20260817T085505Z::builtin_retrieval_trace,kvzap-predictor-trace-20260817T085505Z,builtin_retrieval_trace,32,5,6,1.0,1.0
kvzap-predictor-trace-20260817T085505Z::builtin_retrieval_trace,kvzap-predictor-trace-20260817T085505Z,builtin_retrieval_trace,32,5,7,1.0,1.0
kvzap-predictor-trace-20260817T085505Z::builtin_retrieval_trace,kvzap-predictor-trace-20260817T085505Z,builtin_retrieval_trace,32,6,7,1.0,1.0
kvzap-predictor-trace-20260817T085505Z::builtin_retrieval_trace,kvzap-predictor-trace-20260817T085505Z,builtin_retrieval_trace,33,0,1,0.900516795865633,0.0375
kvzap-predictor-trace-20260817T085505Z::builtin_retrieval_trace,kvzap-predictor-trace-20260817T085505Z,builtin_retrieval_trace,33,0,2,0.7416020671834626,0.014778325123152709
kvzap-predictor-trace-20260817T085505Z::builtin_retrieval_trace,kvzap-predictor-trace-20260817T085505Z,builtin_retrieval_trace,33,0,3,0.8182989690721649,0.007042253521126761
kvzap-predictor-trace-20260817T085505Z::builtin_retrieval_trace,kvzap-predictor-trace-20260817T085505Z,builtin_retrieval_trace,33,0,4,0.7545219638242894,0.015544041450777202
kvzap-predictor-trace-20260817T085505Z::builtin_retrieval_trace,kvzap-predictor-trace-20260817T085505Z,builtin_retrieval_trace,33,0,5,0.9368556701030928,0.02
kvzap-predictor-trace-20260817T085505Z::builtin_retrieval_trace,kvzap-predictor-trace-20260817T085505Z,builtin_retrieval_trace,33,0,6,0.9961340206185567,0.25
kvzap-predictor-trace-20260817T085505Z::builtin_retrieval_trace,kvzap-predictor-trace-20260817T085505Z,builtin_retrieval_trace,33,0,7,0.4152652005174644,0.008771929824561403
kvzap-predictor-trace-20260817T085505Z::builtin_retrieval_trace,kvzap-predictor-trace-20260817T085505Z,builtin_retrieval_trace,33,1,2,0.7486263736263736,0.21120689655172414
kvzap-predictor-trace-20260817T085505Z::builtin_retrieval_trace,kvzap-predictor-trace-20260817T085505Z,builtin_retrieval_trace,33,1,3,0.825136612021858,0.26011560693641617
kvzap-predictor-trace-20260817T085505Z::builtin_retrieval_trace,kvzap-predictor-trace-20260817T085505Z,builtin_retrieval_trace,33,1,4,0.7551299589603283,0.20444444444444446
kvzap-predictor-trace-20260817T085505Z::builtin_retrieval_trace,kvzap-predictor-trace-20260817T085505Z,builtin_retrieval_trace,33,1,5,0.8839050131926122,0.17757009345794392
kvzap-predictor-trace-20260817T085505Z::builtin_retrieval_trace,kvzap-predictor-trace-20260817T085505Z,builtin_retrieval_trace,33,1,6,0.8994845360824743,0.012658227848101266
kvzap-predictor-trace-20260817T085505Z::builtin_retrieval_trace,kvzap-predictor-trace-20260817T085505Z,builtin_retrieval_trace,33,1,7,0.4536376604850214,0.1655773420479303
kvzap-predictor-trace-20260817T085505Z::builtin_retrieval_trace,kvzap-predictor-trace-20260817T085505Z,builtin_retrieval_trace,33,2,3,0.797037037037037,0.42677824267782427
kvzap-predictor-trace-20260817T085505Z::builtin_retrieval_trace,kvzap-predictor-trace-20260817T085505Z,builtin_retrieval_trace,33,2,4,0.7443609022556391,0.3971631205673759
kvzap-predictor-trace-20260817T085505Z::builtin_retrieval_trace,kvzap-predictor-trace-20260817T085505Z,builtin_retrieval_trace,33,2,5,0.7682926829268293,0.18571428571428572
kvzap-predictor-trace-20260817T085505Z::builtin_retrieval_trace,kvzap-predictor-trace-20260817T085505Z,builtin_retrieval_trace,33,2,6,0.740979381443299,0.0049504950495049506
kvzap-predictor-trace-20260817T085505Z::builtin_retrieval_trace,kvzap-predictor-trace-20260817T085505Z,builtin_retrieval_trace,33,2,7,0.5058823529411764,0.38235294117647056
kvzap-predictor-trace-20260817T085505Z::builtin_retrieval_trace,kvzap-predictor-trace-20260817T085505Z,builtin_retrieval_trace,33,3,4,0.7958883994126285,0.4085106382978723
kvzap-predictor-trace-20260817T085505Z::builtin_retrieval_trace,kvzap-predictor-trace-20260817T085505Z,builtin_retrieval_trace,33,3,5,0.8561736770691994,0.273972602739726
kvzap-predictor-trace-20260817T085505Z::builtin_retrieval_trace,kvzap-predictor-trace-20260817T085505Z,builtin_retrieval_trace,33,3,6,0.8221649484536082,0.007194244604316547
kvzap-predictor-trace-20260817T085505Z::builtin_retrieval_trace,kvzap-predictor-trace-20260817T085505Z,builtin_retrieval_trace,33,3,7,0.5031347962382445,0.3048245614035088
kvzap-predictor-trace-20260817T085505Z::builtin_retrieval_trace,kvzap-predictor-trace-20260817T085505Z,builtin_retrieval_trace,33,4,5,0.7939972714870396,0.22564102564102564
kvzap-predictor-trace-20260817T085505Z::builtin_retrieval_trace,kvzap-predictor-trace-20260817T085505Z,builtin_retrieval_trace,33,4,6,0.7538659793814433,0.005208333333333333
kvzap-predictor-trace-20260817T085505Z::builtin_retrieval_trace,kvzap-predictor-trace-20260817T085505Z,builtin_retrieval_trace,33,4,7,0.5460750853242321,0.4179431072210066
kvzap-predictor-trace-20260817T085505Z::builtin_retrieval_trace,kvzap-predictor-trace-20260817T085505Z,builtin_retrieval_trace,33,5,6,0.9407216494845361,0.02127659574468085
kvzap-predictor-trace-20260817T085505Z::builtin_retrieval_trace,kvzap-predictor-trace-20260817T085505Z,builtin_retrieval_trace,33,5,7,0.4397260273972603,0.10307017543859649
kvzap-predictor-trace-20260817T085505Z::builtin_retrieval_trace,kvzap-predictor-trace-20260817T085505Z,builtin_retrieval_trace,33,6,7,0.41365979381443296,0.0021929824561403508
kvzap-predictor-trace-20260817T085505Z::builtin_retrieval_trace,kvzap-predictor-trace-20260817T085505Z,builtin_retrieval_trace,34,0,1,0.8409425625920471,0.47572815533980584
kvzap-predictor-trace-20260817T085505Z::builtin_retrieval_trace,kvzap-predictor-trace-20260817T085505Z,builtin_retrieval_trace,34,0,2,0.7551546391752577,0.005235602094240838
kvzap-predictor-trace-20260817T085505Z::builtin_retrieval_trace,kvzap-predictor-trace-20260817T085505Z,builtin_retrieval_trace,34,0,3,0.7551546391752577,0.005235602094240838
kvzap-predictor-trace-20260817T085505Z::builtin_retrieval_trace,kvzap-predictor-trace-20260817T085505Z,builtin_retrieval_trace,34,0,4,0.7824324324324324,0.18686868686868688
kvzap-predictor-trace-20260817T085505Z::builtin_retrieval_trace,kvzap-predictor-trace-20260817T085505Z,builtin_retrieval_trace,34,0,5,0.7567917205692108,0.020833333333333332
kvzap-predictor-trace-20260817T085505Z::builtin_retrieval_trace,kvzap-predictor-trace-20260817T085505Z,builtin_retrieval_trace,34,0,6,0.7551546391752577,0.005235602094240838
kvzap-predictor-trace-20260817T085505Z::builtin_retrieval_trace,kvzap-predictor-trace-20260817T085505Z,builtin_retrieval_trace,34,0,7,0.3096446700507614,0.31313131313131315
kvzap-predictor-trace-20260817T085505Z::builtin_retrieval_trace,kvzap-predictor-trace-20260817T085505Z,builtin_retrieval_trace,34,1,2,0.8556701030927835,0.008849557522123894
kvzap-predictor-trace-20260817T085505Z::builtin_retrieval_trace,kvzap-predictor-trace-20260817T085505Z,builtin_retrieval_trace,34,1,3,0.8556701030927835,0.008849557522123894
kvzap-predictor-trace-20260817T085505Z::builtin_retrieval_trace,kvzap-predictor-trace-20260817T085505Z,builtin_retrieval_trace,34,1,4,0.8601864181091877,0.1984732824427481
kvzap-predictor-trace-20260817T085505Z::builtin_retrieval_trace,kvzap-predictor-trace-20260817T085505Z,builtin_retrieval_trace,34,1,5,0.8576972833117723,0.03508771929824561
kvzap-predictor-trace-20260817T085505Z::builtin_retrieval_trace,kvzap-predictor-trace-20260817T085505Z,builtin_retrieval_trace,34,1,6,0.8556701030927835,0.008849557522123894
kvzap-predictor-trace-20260817T085505Z::builtin_retrieval_trace,kvzap-predictor-trace-20260817T085505Z,builtin_retrieval_trace,34,1,7,0.273542600896861,0.18181818181818182
kvzap-predictor-trace-20260817T085505Z::builtin_retrieval_trace,kvzap-predictor-trace-20260817T085505Z,builtin_retrieval_trace,34,2,3,1.0,1.0
kvzap-predictor-trace-20260817T085505Z::builtin_retrieval_trace,kvzap-predictor-trace-20260817T085505Z,builtin_retrieval_trace,34,2,4,0.9445876288659794,0.022727272727272728
kvzap-predictor-trace-20260817T085505Z::builtin_retrieval_trace,kvzap-predictor-trace-20260817T085505Z,builtin_retrieval_trace,34,2,5,0.9948453608247423,0.2
kvzap-predictor-trace-20260817T085505Z::builtin_retrieval_trace,kvzap-predictor-trace-20260817T085505Z,builtin_retrieval_trace,34,2,6,1.0,1.0
kvzap-predictor-trace-20260817T085505Z::builtin_retrieval_trace,kvzap-predictor-trace-20260817T085505Z,builtin_retrieval_trace,34,2,7,0.2422680412371134,0.001697792869269949
kvzap-predictor-trace-20260817T085505Z::builtin_retrieval_trace,kvzap-predictor-trace-20260817T085505Z,builtin_retrieval_trace,34,3,4,0.9445876288659794,0.022727272727272728
kvzap-predictor-trace-20260817T085505Z::builtin_retrieval_trace,kvzap-predictor-trace-20260817T085505Z,builtin_retrieval_trace,34,3,5,0.9948453608247423,0.2
kvzap-predictor-trace-20260817T085505Z::builtin_retrieval_trace,kvzap-predictor-trace-20260817T085505Z,builtin_retrieval_trace,34,3,6,1.0,1.0
kvzap-predictor-trace-20260817T085505Z::builtin_retrieval_trace,kvzap-predictor-trace-20260817T085505Z,builtin_retrieval_trace,34,3,7,0.2422680412371134,0.001697792869269949
kvzap-predictor-trace-20260817T085505Z::builtin_retrieval_trace,kvzap-predictor-trace-20260817T085505Z,builtin_retrieval_trace,34,4,5,0.9494818652849741,0.11363636363636363
kvzap-predictor-trace-20260817T085505Z::builtin_retrieval_trace,kvzap-predictor-trace-20260817T085505Z,builtin_retrieval_trace,34,4,6,0.9445876288659794,0.022727272727272728
kvzap-predictor-trace-20260817T085505Z::builtin_retrieval_trace,kvzap-predictor-trace-20260817T085505Z,builtin_retrieval_trace,34,4,7,0.2547683923705722,0.07288135593220339
kvzap-predictor-trace-20260817T085505Z::builtin_retrieval_trace,kvzap-predictor-trace-20260817T085505Z,builtin_retrieval_trace,34,5,6,0.9948453608247423,0.2
kvzap-predictor-trace-20260817T085505Z::builtin_retrieval_trace,kvzap-predictor-trace-20260817T085505Z,builtin_retrieval_trace,34,5,7,0.24352331606217617,0.008488964346349746
kvzap-predictor-trace-20260817T085505Z::builtin_retrieval_trace,kvzap-predictor-trace-20260817T085505Z,builtin_retrieval_trace,34,6,7,0.2422680412371134,0.001697792869269949
kvzap-predictor-trace-20260817T085505Z::builtin_retrieval_trace,kvzap-predictor-trace-20260817T085505Z,builtin_retrieval_trace,35,0,1,1.0,1.0
kvzap-predictor-trace-20260817T085505Z::builtin_retrieval_trace,kvzap-predictor-trace-20260817T085505Z,builtin_retrieval_trace,35,0,2,0.9677835051546392,0.038461538461538464
kvzap-predictor-trace-20260817T085505Z::builtin_retrieval_trace,kvzap-predictor-trace-20260817T085505Z,builtin_retrieval_trace,35,0,3,1.0,1.0
kvzap-predictor-trace-20260817T085505Z::builtin_retrieval_trace,kvzap-predictor-trace-20260817T085505Z,builtin_retrieval_trace,35,0,4,0.9884020618556701,0.1
kvzap-predictor-trace-20260817T085505Z::builtin_retrieval_trace,kvzap-predictor-trace-20260817T085505Z,builtin_retrieval_trace,35,0,5,0.9458762886597938,0.023255813953488372
kvzap-predictor-trace-20260817T085505Z::builtin_retrieval_trace,kvzap-predictor-trace-20260817T085505Z,builtin_retrieval_trace,35,0,6,0.9819587628865979,0.06666666666666667
kvzap-predictor-trace-20260817T085505Z::builtin_retrieval_trace,kvzap-predictor-trace-20260817T085505Z,builtin_retrieval_trace,35,0,7,1.0,1.0
kvzap-predictor-trace-20260817T085505Z::builtin_retrieval_trace,kvzap-predictor-trace-20260817T085505Z,builtin_retrieval_trace,35,1,2,0.9677835051546392,0.038461538461538464
kvzap-predictor-trace-20260817T085505Z::builtin_retrieval_trace,kvzap-predictor-trace-20260817T085505Z,builtin_retrieval_trace,35,1,3,1.0,1.0
kvzap-predictor-trace-20260817T085505Z::builtin_retrieval_trace,kvzap-predictor-trace-20260817T085505Z,builtin_retrieval_trace,35,1,4,0.9884020618556701,0.1
kvzap-predictor-trace-20260817T085505Z::builtin_retrieval_trace,kvzap-predictor-trace-20260817T085505Z,builtin_retrieval_trace,35,1,5,0.9458762886597938,0.023255813953488372
kvzap-predictor-trace-20260817T085505Z::builtin_retrieval_trace,kvzap-predictor-trace-20260817T085505Z,builtin_retrieval_trace,35,1,6,0.9819587628865979,0.06666666666666667
kvzap-predictor-trace-20260817T085505Z::builtin_retrieval_trace,kvzap-predictor-trace-20260817T085505Z,builtin_retrieval_trace,35,1,7,1.0,1.0
kvzap-predictor-trace-20260817T085505Z::builtin_retrieval_trace,kvzap-predictor-trace-20260817T085505Z,builtin_retrieval_trace,35,2,3,0.9677835051546392,0.038461538461538464
kvzap-predictor-trace-20260817T085505Z::builtin_retrieval_trace,kvzap-predictor-trace-20260817T085505Z,builtin_retrieval_trace,35,2,4,0.966321243523316,0.16129032258064516
kvzap-predictor-trace-20260817T085505Z::builtin_retrieval_trace,kvzap-predictor-trace-20260817T085505Z,builtin_retrieval_trace,35,2,5,0.9186046511627907,0.045454545454545456
kvzap-predictor-trace-20260817T085505Z::builtin_retrieval_trace,kvzap-predictor-trace-20260817T085505Z,builtin_retrieval_trace,35,2,6,0.9674902470741222,0.24242424242424243
kvzap-predictor-trace-20260817T085505Z::builtin_retrieval_trace,kvzap-predictor-trace-20260817T085505Z,builtin_retrieval_trace,35,2,7,0.9677835051546392,0.038461538461538464
kvzap-predictor-trace-20260817T085505Z::builtin_retrieval_trace,kvzap-predictor-trace-20260817T085505Z,builtin_retrieval_trace,35,3,4,0.9884020618556701,0.1
kvzap-predictor-trace-20260817T085505Z::builtin_retrieval_trace,kvzap-predictor-trace-20260817T085505Z,builtin_retrieval_trace,35,3,5,0.9458762886597938,0.023255813953488372
kvzap-predictor-trace-20260817T085505Z::builtin_retrieval_trace,kvzap-predictor-trace-20260817T085505Z,builtin_retrieval_trace,35,3,6,0.9819587628865979,0.06666666666666667
kvzap-predictor-trace-20260817T085505Z::builtin_retrieval_trace,kvzap-predictor-trace-20260817T085505Z,builtin_retrieval_trace,35,3,7,1.0,1.0
kvzap-predictor-trace-20260817T085505Z::builtin_retrieval_trace,kvzap-predictor-trace-20260817T085505Z,builtin_retrieval_trace,35,4,5,0.9417852522639069,0.08163265306122448
kvzap-predictor-trace-20260817T085505Z::builtin_retrieval_trace,kvzap-predictor-trace-20260817T085505Z,builtin_retrieval_trace,35,4,6,0.988296488946684,0.47058823529411764
kvzap-predictor-trace-20260817T085505Z::builtin_retrieval_trace,kvzap-predictor-trace-20260817T085505Z,builtin_retrieval_trace,35,4,7,0.9884020618556701,0.1
kvzap-predictor-trace-20260817T085505Z::builtin_retrieval_trace,kvzap-predictor-trace-20260817T085505Z,builtin_retrieval_trace,35,5,6,0.9378238341968912,0.09433962264150944
kvzap-predictor-trace-20260817T085505Z::builtin_retrieval_trace,kvzap-predictor-trace-20260817T085505Z,builtin_retrieval_trace,35,5,7,0.9458762886597938,0.023255813953488372
kvzap-predictor-trace-20260817T085505Z::builtin_retrieval_trace,kvzap-predictor-trace-20260817T085505Z,builtin_retrieval_trace,35,6,7,0.9819587628865979,0.06666666666666667
kvzap-predictor-trace-20260817T122012Z::builtin_summarization_trace,kvzap-predictor-trace-20260817T122012Z,builtin_summarization_trace,0,0,1,0.9462647444298821,0.0
kvzap-predictor-trace-20260817T122012Z::builtin_summarization_trace,kvzap-predictor-trace-20260817T122012Z,builtin_summarization_trace,0,0,2,0.9724770642201835,0.0
kvzap-predictor-trace-20260817T122012Z::builtin_summarization_trace,kvzap-predictor-trace-20260817T122012Z,builtin_summarization_trace,0,0,3,0.9330708661417323,0.019230769230769232
kvzap-predictor-trace-20260817T122012Z::builtin_summarization_trace,kvzap-predictor-trace-20260817T122012Z,builtin_summarization_trace,0,0,4,0.9724770642201835,0.0
kvzap-predictor-trace-20260817T122012Z::builtin_summarization_trace,kvzap-predictor-trace-20260817T122012Z,builtin_summarization_trace,0,0,5,0.9853917662682603,0.47619047619047616
kvzap-predictor-trace-20260817T122012Z::builtin_summarization_trace,kvzap-predictor-trace-20260817T122012Z,builtin_summarization_trace,0,0,6,0.7816711590296496,0.11475409836065574
kvzap-predictor-trace-20260817T122012Z::builtin_summarization_trace,kvzap-predictor-trace-20260817T122012Z,builtin_summarization_trace,0,0,7,0.9724770642201835,0.0
kvzap-predictor-trace-20260817T122012Z::builtin_summarization_trace,kvzap-predictor-trace-20260817T122012Z,builtin_summarization_trace,0,1,2,0.9737876802096985,0.0
kvzap-predictor-trace-20260817T122012Z::builtin_summarization_trace,kvzap-predictor-trace-20260817T122012Z,builtin_summarization_trace,0,1,3,0.9318479685452162,0.0
kvzap-predictor-trace-20260817T122012Z::builtin_summarization_trace,kvzap-predictor-trace-20260817T122012Z,builtin_summarization_trace,0,1,4,0.9737876802096985,0.0
kvzap-predictor-trace-20260817T122012Z::builtin_summarization_trace,kvzap-predictor-trace-20260817T122012Z,builtin_summarization_trace,0,1,5,0.9606815203145478,0.0
kvzap-predictor-trace-20260817T122012Z::builtin_summarization_trace,kvzap-predictor-trace-20260817T122012Z,builtin_summarization_trace,0,1,6,0.7569721115537849,0.05181347150259067
kvzap-predictor-trace-20260817T122012Z::builtin_summarization_trace,kvzap-predictor-trace-20260817T122012Z,builtin_summarization_trace,0,1,7,0.9737876802096985,0.0
kvzap-predictor-trace-20260817T122012Z::builtin_summarization_trace,kvzap-predictor-trace-20260817T122012Z,builtin_summarization_trace,0,2,3,0.9580602883355177,0.0
kvzap-predictor-trace-20260817T122012Z::builtin_summarization_trace,kvzap-predictor-trace-20260817T122012Z,builtin_summarization_trace,0,2,4,1.0,1.0
kvzap-predictor-trace-20260817T122012Z::builtin_summarization_trace,kvzap-predictor-trace-20260817T122012Z,builtin_summarization_trace,0,2,5,0.9868938401048493,0.0
kvzap-predictor-trace-20260817T122012Z::builtin_summarization_trace,kvzap-predictor-trace-20260817T122012Z,builtin_summarization_trace,0,2,6,0.7601572739187418,0.0
kvzap-predictor-trace-20260817T122012Z::builtin_summarization_trace,kvzap-predictor-trace-20260817T122012Z,builtin_summarization_trace,0,2,7,1.0,1.0
kvzap-predictor-trace-20260817T122012Z::builtin_summarization_trace,kvzap-predictor-trace-20260817T122012Z,builtin_summarization_trace,0,3,4,0.9580602883355177,0.0
kvzap-predictor-trace-20260817T122012Z::builtin_summarization_trace,kvzap-predictor-trace-20260817T122012Z,builtin_summarization_trace,0,3,5,0.944954128440367,0.0
kvzap-predictor-trace-20260817T122012Z::builtin_summarization_trace,kvzap-predictor-trace-20260817T122012Z,builtin_summarization_trace,0,3,6,0.7204724409448819,0.004672897196261682
kvzap-predictor-trace-20260817T122012Z::builtin_summarization_trace,kvzap-predictor-trace-20260817T122012Z,builtin_summarization_trace,0,3,7,0.9580602883355177,0.0
kvzap-predictor-trace-20260817T122012Z::builtin_summarization_trace,kvzap-predictor-trace-20260817T122012Z,builtin_summarization_trace,0,4,5,0.9868938401048493,0.0
kvzap-predictor-trace-20260817T122012Z::builtin_summarization_trace,kvzap-predictor-trace-20260817T122012Z,builtin_summarization_trace,0,4,6,0.7601572739187418,0.0
kvzap-predictor-trace-20260817T122012Z::builtin_summarization_trace,kvzap-predictor-trace-20260817T122012Z,builtin_summarization_trace,0,4,7,1.0,1.0
kvzap-predictor-trace-20260817T122012Z::builtin_summarization_trace,kvzap-predictor-trace-20260817T122012Z,builtin_summarization_trace,0,5,6,0.7702523240371846,0.0546448087431694
kvzap-predictor-trace-20260817T122012Z::builtin_summarization_trace,kvzap-predictor-trace-20260817T122012Z,builtin_summarization_trace,0,5,7,0.9868938401048493,0.0
kvzap-predictor-trace-20260817T122012Z::builtin_summarization_trace,kvzap-predictor-trace-20260817T122012Z,builtin_summarization_trace,0,6,7,0.7601572739187418,0.0
kvzap-predictor-trace-20260817T122012Z::builtin_summarization_trace,kvzap-predictor-trace-20260817T122012Z,builtin_summarization_trace,1,0,1,1.0,1.0
kvzap-predictor-trace-20260817T122012Z::builtin_summarization_trace,kvzap-predictor-trace-20260817T122012Z,builtin_summarization_trace,1,0,2,0.9541284403669725,0.0
kvzap-predictor-trace-20260817T122012Z::builtin_summarization_trace,kvzap-predictor-trace-20260817T122012Z,builtin_summarization_trace,1,0,3,1.0,1.0
kvzap-predictor-trace-20260817T122012Z::builtin_summarization_trace,kvzap-predictor-trace-20260817T122012Z,builtin_summarization_trace,1,0,4,0.9803407601572739,0.0
kvzap-predictor-trace-20260817T122012Z::builtin_summarization_trace,kvzap-predictor-trace-20260817T122012Z,builtin_summarization_trace,1,0,5,0.9698558322411533,0.0
kvzap-predictor-trace-20260817T122012Z::builtin_summarization_trace,kvzap-predictor-trace-20260817T122012Z,builtin_summarization_trace,1,0,6,1.0,1.0
kvzap-predictor-trace-20260817T122012Z::builtin_summarization_trace,kvzap-predictor-trace-20260817T122012Z,builtin_summarization_trace,1,0,7,0.12844036697247707,0.0
kvzap-predictor-trace-20260817T122012Z::builtin_summarization_trace,kvzap-predictor-trace-20260817T122012Z,builtin_summarization_trace,1,1,2,0.9541284403669725,0.0
kvzap-predictor-trace-20260817T122012Z::builtin_summarization_trace,kvzap-predictor-trace-20260817T122012Z,builtin_summarization_trace,1,1,3,1.0,1.0
kvzap-predictor-trace-20260817T122012Z::builtin_summarization_trace,kvzap-predictor-trace-20260817T122012Z,builtin_summarization_trace,1,1,4,0.9803407601572739,0.0
kvzap-predictor-trace-20260817T122012Z::builtin_summarization_trace,kvzap-predictor-trace-20260817T122012Z,builtin_summarization_trace,1,1,5,0.9698558322411533,0.0
kvzap-predictor-trace-20260817T122012Z::builtin_summarization_trace,kvzap-predictor-trace-20260817T122012Z,builtin_summarization_trace,1,1,6,1.0,1.0
kvzap-predictor-trace-20260817T122012Z::builtin_summarization_trace,kvzap-predictor-trace-20260817T122012Z,builtin_summarization_trace,1,1,7,0.12844036697247707,0.0
kvzap-predictor-trace-20260817T122012Z::builtin_summarization_trace,kvzap-predictor-trace-20260817T122012Z,builtin_summarization_trace,1,2,3,0.9541284403669725,0.0
kvzap-predictor-trace-20260817T122012Z::builtin_summarization_trace,kvzap-predictor-trace-20260817T122012Z,builtin_summarization_trace,1,2,4,0.9421052631578948,0.06382978723404255
kvzap-predictor-trace-20260817T122012Z::builtin_summarization_trace,kvzap-predictor-trace-20260817T122012Z,builtin_summarization_trace,1,2,5,0.949535192563081,0.20833333333333334
kvzap-predictor-trace-20260817T122012Z::builtin_summarization_trace,kvzap-predictor-trace-20260817T122012Z,builtin_summarization_trace,1,2,6,0.9541284403669725,0.0
kvzap-predictor-trace-20260817T122012Z::builtin_summarization_trace,kvzap-predictor-trace-20260817T122012Z,builtin_summarization_trace,1,2,7,0.1346153846153846,0.05263157894736842
kvzap-predictor-trace-20260817T122012Z::builtin_summarization_trace,kvzap-predictor-trace-20260817T122012Z,builtin_summarization_trace,1,3,4,0.9803407601572739,0.0
kvzap-predictor-trace-20260817T122012Z::builtin_summarization_trace,kvzap-predictor-trace-20260817T122012Z,builtin_summarization_trace,1,3,5,0.9698558322411533,0.0
kvzap-predictor-trace-20260817T122012Z::builtin_summarization_trace,kvzap-predictor-trace-20260817T122012Z,builtin_summarization_trace,1,3,6,1.0,1.0
kvzap-predictor-trace-20260817T122012Z::builtin_summarization_trace,kvzap-predictor-trace-20260817T122012Z,builtin_summarization_trace,1,3,7,0.12844036697247707,0.0
kvzap-predictor-trace-20260817T122012Z::builtin_summarization_trace,kvzap-predictor-trace-20260817T122012Z,builtin_summarization_trace,1,4,5,0.9501965923984272,0.0
kvzap-predictor-trace-20260817T122012Z::builtin_summarization_trace,kvzap-predictor-trace-20260817T122012Z,builtin_summarization_trace,1,4,6,0.9803407601572739,0.0
kvzap-predictor-trace-20260817T122012Z::builtin_summarization_trace,kvzap-predictor-trace-20260817T122012Z,builtin_summarization_trace,1,4,7,0.12350597609561753,0.014925373134328358
kvzap-predictor-trace-20260817T122012Z::builtin_summarization_trace,kvzap-predictor-trace-20260817T122012Z,builtin_summarization_trace,1,5,6,0.9698558322411533,0.0
kvzap-predictor-trace-20260817T122012Z::builtin_summarization_trace,kvzap-predictor-trace-20260817T122012Z,builtin_summarization_trace,1,5,7,0.11882510013351134,0.020771513353115726
kvzap-predictor-trace-20260817T122012Z::builtin_summarization_trace,kvzap-predictor-trace-20260817T122012Z,builtin_summarization_trace,1,6,7,0.12844036697247707,0.0
kvzap-predictor-trace-20260817T122012Z::builtin_summarization_trace,kvzap-predictor-trace-20260817T122012Z,builtin_summarization_trace,2,0,1,0.9750982961992136,0.0
kvzap-predictor-trace-20260817T122012Z::builtin_summarization_trace,kvzap-predictor-trace-20260817T122012Z,builtin_summarization_trace,2,0,2,0.9318479685452162,0.0
kvzap-predictor-trace-20260817T122012Z::builtin_summarization_trace,kvzap-predictor-trace-20260817T122012Z,builtin_summarization_trace,2,0,3,0.9672346002621232,0.0
kvzap-predictor-trace-20260817T122012Z::builtin_summarization_trace,kvzap-predictor-trace-20260817T122012Z,builtin_summarization_trace,2,0,4,0.9960681520314548,0.0
kvzap-predictor-trace-20260817T122012Z::builtin_summarization_trace,kvzap-predictor-trace-20260817T122012Z,builtin_summarization_trace,2,0,5,0.9003931847968545,0.0
kvzap-predictor-trace-20260817T122012Z::builtin_summarization_trace,kvzap-predictor-trace-20260817T122012Z,builtin_summarization_trace,2,0,6,0.9855832241153342,0.0
kvzap-predictor-trace-20260817T122012Z::builtin_summarization_trace,kvzap-predictor-trace-20260817T122012Z,builtin_summarization_trace,2,0,7,0.023591087811271297,0.0
kvzap-predictor-trace-20260817T122012Z::builtin_summarization_trace,kvzap-predictor-trace-20260817T122012Z,builtin_summarization_trace,2,1,2,0.9069462647444299,0.0
kvzap-predictor-trace-20260817T122012Z::builtin_summarization_trace,kvzap-predictor-trace-20260817T122012Z,builtin_summarization_trace,2,1,3,0.9812834224598931,0.5172413793103449
kvzap-predictor-trace-20260817T122012Z::builtin_summarization_trace,kvzap-predictor-trace-20260817T122012Z,builtin_summarization_trace,2,1,4,0.973753280839895,0.047619047619047616
kvzap-predictor-trace-20260817T122012Z::builtin_summarization_trace,kvzap-predictor-trace-20260817T122012Z,builtin_summarization_trace,2,1,5,0.8779527559055118,0.010638297872340425
kvzap-predictor-trace-20260817T122012Z::builtin_summarization_trace,kvzap-predictor-trace-20260817T122012Z,builtin_summarization_trace,2,1,6,0.9710144927536232,0.15384615384615385
kvzap-predictor-trace-20260817T122012Z::builtin_summarization_trace,kvzap-predictor-trace-20260817T122012Z,builtin_summarization_trace,2,1,7,0.024193548387096774,0.025503355704697986
kvzap-predictor-trace-20260817T122012Z::builtin_summarization_trace,kvzap-predictor-trace-20260817T122012Z,builtin_summarization_trace,2,2,3,0.8990825688073395,0.0
kvzap-predictor-trace-20260817T122012Z::builtin_summarization_trace,kvzap-predictor-trace-20260817T122012Z,builtin_summarization_trace,2,2,4,0.927916120576671,0.0
kvzap-predictor-trace-20260817T122012Z::builtin_summarization_trace,kvzap-predictor-trace-20260817T122012Z,builtin_summarization_trace,2,2,5,0.8346456692913385,0.007874015748031496
kvzap-predictor-trace-20260817T122012Z::builtin_summarization_trace,kvzap-predictor-trace-20260817T122012Z,builtin_summarization_trace,2,2,6,0.9174311926605505,0.0
kvzap-predictor-trace-20260817T122012Z::builtin_summarization_trace,kvzap-predictor-trace-20260817T122012Z,builtin_summarization_trace,2,2,7,0.0,0.04456094364351245
kvzap-predictor-trace-20260817T122012Z::builtin_summarization_trace,kvzap-predictor-trace-20260817T122012Z,builtin_summarization_trace,2,3,4,0.9658792650918635,0.037037037037037035
kvzap-predictor-trace-20260817T122012Z::builtin_summarization_trace,kvzap-predictor-trace-20260817T122012Z,builtin_summarization_trace,2,3,5,0.8700787401574803,0.01
kvzap-predictor-trace-20260817T122012Z::builtin_summarization_trace,kvzap-predictor-trace-20260817T122012Z,builtin_summarization_trace,2,3,6,0.9761273209549072,0.3333333333333333
kvzap-predictor-trace-20260817T122012Z::builtin_summarization_trace,kvzap-predictor-trace-20260817T122012Z,builtin_summarization_trace,2,3,7,0.024390243902439025,0.03355704697986577
kvzap-predictor-trace-20260817T122012Z::builtin_summarization_trace,kvzap-predictor-trace-20260817T122012Z,builtin_summarization_trace,2,4,5,0.8989501312335958,0.01282051282051282
kvzap-predictor-trace-20260817T122012Z::builtin_summarization_trace,kvzap-predictor-trace-20260817T122012Z,builtin_summarization_trace,2,4,6,0.981651376146789,0.0
kvzap-predictor-trace-20260817T122012Z::builtin_summarization_trace,kvzap-predictor-trace-20260817T122012Z,builtin_summarization_trace,2,4,7,0.02368421052631579,0.004026845637583893
kvzap-predictor-trace-20260817T122012Z::builtin_summarization_trace,kvzap-predictor-trace-20260817T122012Z,builtin_summarization_trace,2,5,6,0.8884514435695539,0.011627906976744186
kvzap-predictor-trace-20260817T122012Z::builtin_summarization_trace,kvzap-predictor-trace-20260817T122012Z,builtin_summarization_trace,2,5,7,0.026200873362445413,0.10201342281879194
kvzap-predictor-trace-20260817T122012Z::builtin_summarization_trace,kvzap-predictor-trace-20260817T122012Z,builtin_summarization_trace,2,6,7,0.023936170212765957,0.01476510067114094
kvzap-predictor-trace-20260817T122012Z::builtin_summarization_trace,kvzap-predictor-trace-20260817T122012Z,builtin_summarization_trace,3,0,1,0.3359683794466403,0.007874015748031496
kvzap-predictor-trace-20260817T122012Z::builtin_summarization_trace,kvzap-predictor-trace-20260817T122012Z,builtin_summarization_trace,3,0,2,0.9553805774278216,0.02857142857142857
kvzap-predictor-trace-20260817T122012Z::builtin_summarization_trace,kvzap-predictor-trace-20260817T122012Z,builtin_summarization_trace,3,0,3,0.33858267716535434,0.0019801980198019802
kvzap-predictor-trace-20260817T122012Z::builtin_summarization_trace,kvzap-predictor-trace-20260817T122012Z,builtin_summarization_trace,3,0,4,0.9816272965879265,0.06666666666666667
kvzap-predictor-trace-20260817T122012Z::builtin_summarization_trace,kvzap-predictor-trace-20260817T122012Z,builtin_summarization_trace,3,0,5,0.9881889763779528,0.1
kvzap-predictor-trace-20260817T122012Z::builtin_summarization_trace,kvzap-predictor-trace-20260817T122012Z,builtin_summarization_trace,3,0,6,0.9947575360419397,0.0
kvzap-predictor-trace-20260817T122012Z::builtin_summarization_trace,kvzap-predictor-trace-20260817T122012Z,builtin_summarization_trace,3,0,7,0.9934383202099738,0.16666666666666666
kvzap-predictor-trace-20260817T122012Z::builtin_summarization_trace,kvzap-predictor-trace-20260817T122012Z,builtin_summarization_trace,3,1,2,0.33604336043360433,0.04854368932038835
kvzap-predictor-trace-20260817T122012Z::builtin_summarization_trace,kvzap-predictor-trace-20260817T122012Z,builtin_summarization_trace,3,1,3,0.4535211267605634,0.6777408637873754
kvzap-predictor-trace-20260817T122012Z::builtin_summarization_trace,kvzap-predictor-trace-20260817T122012Z,builtin_summarization_trace,3,1,4,0.3395472703062583,0.023622047244094488
kvzap-predictor-trace-20260817T122012Z::builtin_summarization_trace,kvzap-predictor-trace-20260817T122012Z,builtin_summarization_trace,3,1,5,0.3373015873015873,0.013779527559055118
kvzap-predictor-trace-20260817T122012Z::builtin_summarization_trace,kvzap-predictor-trace-20260817T122012Z,builtin_summarization_trace,3,1,6,0.33420707732634336,0.0
kvzap-predictor-trace-20260817T122012Z::builtin_summarization_trace,kvzap-predictor-trace-20260817T122012Z,builtin_summarization_trace,3,1,7,0.3355263157894737,0.005905511811023622
kvzap-predictor-trace-20260817T122012Z::builtin_summarization_trace,kvzap-predictor-trace-20260817T122012Z,builtin_summarization_trace,3,2,3,0.32443257676902537,0.026923076923076925
kvzap-predictor-trace-20260817T122012Z::builtin_summarization_trace,kvzap-predictor-trace-20260817T122012Z,builtin_summarization_trace,3,2,4,0.95,0.07317073170731707
kvzap-predictor-trace-20260817T122012Z::builtin_summarization_trace,kvzap-predictor-trace-20260817T122012Z,builtin_summarization_trace,3,2,5,0.9591567852437418,0.11428571428571428
kvzap-predictor-trace-20260817T122012Z::builtin_summarization_trace,kvzap-predictor-trace-20260817T122012Z,builtin_summarization_trace,3,2,6,0.9580602883355177,0.0
kvzap-predictor-trace-20260817T122012Z::builtin_summarization_trace,kvzap-predictor-trace-20260817T122012Z,builtin_summarization_trace,3,2,7,0.9618421052631579,0.09375
kvzap-predictor-trace-20260817T122012Z::builtin_summarization_trace,kvzap-predictor-trace-20260817T122012Z,builtin_summarization_trace,3,3,4,0.34753661784287615,0.02390438247011952
kvzap-predictor-trace-20260817T122012Z::builtin_summarization_trace,kvzap-predictor-trace-20260817T122012Z,builtin_summarization_trace,3,3,5,0.3363994743758213,0.0039447731755424065
kvzap-predictor-trace-20260817T122012Z::builtin_summarization_trace,kvzap-predictor-trace-20260817T122012Z,builtin_summarization_trace,3,3,6,0.3420707732634338,0.0
kvzap-predictor-trace-20260817T122012Z::builtin_summarization_trace,kvzap-predictor-trace-20260817T122012Z,builtin_summarization_trace,3,3,7,0.34342105263157896,0.00597609561752988
kvzap-predictor-trace-20260817T122012Z::builtin_summarization_trace,kvzap-predictor-trace-20260817T122012Z,builtin_summarization_trace,3,4,5,0.9776902887139107,0.05555555555555555
kvzap-predictor-trace-20260817T122012Z::builtin_summarization_trace,kvzap-predictor-trace-20260817T122012Z,builtin_summarization_trace,3,4,6,0.9842726081258192,0.0
kvzap-predictor-trace-20260817T122012Z::builtin_summarization_trace,kvzap-predictor-trace-20260817T122012Z,builtin_summarization_trace,3,4,7,0.985545335085414,0.15384615384615385
kvzap-predictor-trace-20260817T122012Z::builtin_summarization_trace,kvzap-predictor-trace-20260817T122012Z,builtin_summarization_trace,3,5,6,0.9908256880733946,0.0
kvzap-predictor-trace-20260817T122012Z::builtin_summarization_trace,kvzap-predictor-trace-20260817T122012Z,builtin_summarization_trace,3,5,7,0.989501312335958,0.1111111111111111
kvzap-predictor-trace-20260817T122012Z::builtin_summarization_trace,kvzap-predictor-trace-20260817T122012Z,builtin_summarization_trace,3,6,7,0.9960681520314548,0.0
kvzap-predictor-trace-20260817T122012Z::builtin_summarization_trace,kvzap-predictor-trace-20260817T122012Z,builtin_summarization_trace,4,0,1,0.22781456953642384,0.01353637901861252
kvzap-predictor-trace-20260817T122012Z::builtin_summarization_trace,kvzap-predictor-trace-20260817T122012Z,builtin_summarization_trace,4,0,2,0.9803149606299213,0.0625
kvzap-predictor-trace-20260817T122012Z::builtin_summarization_trace,kvzap-predictor-trace-20260817T122012Z,builtin_summarization_trace,4,0,3,0.9868593955321945,0.16666666666666666
kvzap-predictor-trace-20260817T122012Z::builtin_summarization_trace,kvzap-predictor-trace-20260817T122012Z,builtin_summarization_trace,4,0,4,0.9868766404199475,0.09090909090909091
kvzap-predictor-trace-20260817T122012Z::builtin_summarization_trace,kvzap-predictor-trace-20260817T122012Z,builtin_summarization_trace,4,0,5,0.9868766404199475,0.09090909090909091
kvzap-predictor-trace-20260817T122012Z::builtin_summarization_trace,kvzap-predictor-trace-20260817T122012Z,builtin_summarization_trace,4,0,6,0.984251968503937,0.07692307692307693
kvzap-predictor-trace-20260817T122012Z::builtin_summarization_trace,kvzap-predictor-trace-20260817T122012Z,builtin_summarization_trace,4,0,7,0.9341238471673254,0.07407407407407407
kvzap-predictor-trace-20260817T122012Z::builtin_summarization_trace,kvzap-predictor-trace-20260817T122012Z,builtin_summarization_trace,4,1,2,0.2236842105263158,0.00505902192242833
kvzap-predictor-trace-20260817T122012Z::builtin_summarization_trace,kvzap-predictor-trace-20260817T122012Z,builtin_summarization_trace,4,1,3,0.22924901185770752,0.006791171477079796
kvzap-predictor-trace-20260817T122012Z::builtin_summarization_trace,kvzap-predictor-trace-20260817T122012Z,builtin_summarization_trace,4,1,4,0.22864651773981604,0.003395585738539898
kvzap-predictor-trace-20260817T122012Z::builtin_summarization_trace,kvzap-predictor-trace-20260817T122012Z,builtin_summarization_trace,4,1,5,0.22864651773981604,0.003395585738539898
kvzap-predictor-trace-20260817T122012Z::builtin_summarization_trace,kvzap-predictor-trace-20260817T122012Z,builtin_summarization_trace,4,1,6,0.22763157894736843,0.005084745762711864
kvzap-predictor-trace-20260817T122012Z::builtin_summarization_trace,kvzap-predictor-trace-20260817T122012Z,builtin_summarization_trace,4,1,7,0.2381615598885794,0.07601351351351351
kvzap-predictor-trace-20260817T122012Z::builtin_summarization_trace,kvzap-predictor-trace-20260817T122012Z,builtin_summarization_trace,4,2,3,0.9908015768725361,0.2222222222222222
kvzap-predictor-trace-20260817T122012Z::builtin_summarization_trace,kvzap-predictor-trace-20260817T122012Z,builtin_summarization_trace,4,2,4,0.9908136482939632,0.125
kvzap-predictor-trace-20260817T122012Z::builtin_summarization_trace,kvzap-predictor-trace-20260817T122012Z,builtin_summarization_trace,4,2,5,0.9934296977660972,0.2857142857142857
kvzap-predictor-trace-20260817T122012Z::builtin_summarization_trace,kvzap-predictor-trace-20260817T122012Z,builtin_summarization_trace,4,2,6,0.9908015768725361,0.2222222222222222
kvzap-predictor-trace-20260817T122012Z::builtin_summarization_trace,kvzap-predictor-trace-20260817T122012Z,builtin_summarization_trace,4,2,7,0.9329829172141918,0.03773584905660377
kvzap-predictor-trace-20260817T122012Z::builtin_summarization_trace,kvzap-predictor-trace-20260817T122012Z,builtin_summarization_trace,4,3,4,0.994750656167979,0.2
kvzap-predictor-trace-20260817T122012Z::builtin_summarization_trace,kvzap-predictor-trace-20260817T122012Z,builtin_summarization_trace,4,3,5,0.9973718791064389,0.5
kvzap-predictor-trace-20260817T122012Z::builtin_summarization_trace,kvzap-predictor-trace-20260817T122012Z,builtin_summarization_trace,4,3,6,0.9973684210526316,0.6
kvzap-predictor-trace-20260817T122012Z::builtin_summarization_trace,kvzap-predictor-trace-20260817T122012Z,builtin_summarization_trace,4,3,7,0.9369250985545335,0.04
kvzap-predictor-trace-20260817T122012Z::builtin_summarization_trace,kvzap-predictor-trace-20260817T122012Z,builtin_summarization_trace,4,4,5,0.9973753280839895,0.3333333333333333
kvzap-predictor-trace-20260817T122012Z::builtin_summarization_trace,kvzap-predictor-trace-20260817T122012Z,builtin_summarization_trace,4,4,6,0.994750656167979,0.2
kvzap-predictor-trace-20260817T122012Z::builtin_summarization_trace,kvzap-predictor-trace-20260817T122012Z,builtin_summarization_trace,4,4,7,0.937007874015748,0.02040816326530612
kvzap-predictor-trace-20260817T122012Z::builtin_summarization_trace,kvzap-predictor-trace-20260817T122012Z,builtin_summarization_trace,4,5,6,0.9973718791064389,0.5
kvzap-predictor-trace-20260817T122012Z::builtin_summarization_trace,kvzap-predictor-trace-20260817T122012Z,builtin_summarization_trace,4,5,7,0.9395532194480947,0.041666666666666664
kvzap-predictor-trace-20260817T122012Z::builtin_summarization_trace,kvzap-predictor-trace-20260817T122012Z,builtin_summarization_trace,4,6,7,0.9394736842105263,0.061224489795918366
kvzap-predictor-trace-20260817T122012Z::builtin_summarization_trace,kvzap-predictor-trace-20260817T122012Z,builtin_summarization_trace,5,0,1,0.9058355437665783,0.1125
kvzap-predictor-trace-20260817T122012Z::builtin_summarization_trace,kvzap-predictor-trace-20260817T122012Z,builtin_summarization_trace,5,0,2,0.9499341238471674,0.09523809523809523
kvzap-predictor-trace-20260817T122012Z::builtin_summarization_trace,kvzap-predictor-trace-20260817T122012Z,builtin_summarization_trace,5,0,3,0.38934426229508196,0.06485355648535565
kvzap-predictor-trace-20260817T122012Z::builtin_summarization_trace,kvzap-predictor-trace-20260817T122012Z,builtin_summarization_trace,5,0,4,0.95,0.07317073170731707
kvzap-predictor-trace-20260817T122012Z::builtin_summarization_trace,kvzap-predictor-trace-20260817T122012Z,builtin_summarization_trace,5,0,5,0.95,0.07317073170731707
kvzap-predictor-trace-20260817T122012Z::builtin_summarization_trace,kvzap-predictor-trace-20260817T122012Z,builtin_summarization_trace,5,0,6,0.9448094612352168,0.045454545454545456
kvzap-predictor-trace-20260817T122012Z::builtin_summarization_trace,kvzap-predictor-trace-20260817T122012Z,builtin_summarization_trace,5,0,7,0.9512516469038208,0.0975609756097561
kvzap-predictor-trace-20260817T122012Z::builtin_summarization_trace,kvzap-predictor-trace-20260817T122012Z,builtin_summarization_trace,5,1,2,0.9432717678100264,0.10416666666666667
kvzap-predictor-trace-20260817T122012Z::builtin_summarization_trace,kvzap-predictor-trace-20260817T122012Z,builtin_summarization_trace,5,1,3,0.3630229419703104,0.044534412955465584
kvzap-predictor-trace-20260817T122012Z::builtin_summarization_trace,kvzap-predictor-trace-20260817T122012Z,builtin_summarization_trace,5,1,4,0.9407894736842105,0.0625
kvzap-predictor-trace-20260817T122012Z::builtin_summarization_trace,kvzap-predictor-trace-20260817T122012Z,builtin_summarization_trace,5,1,5,0.9407894736842105,0.0625
kvzap-predictor-trace-20260817T122012Z::builtin_summarization_trace,kvzap-predictor-trace-20260817T122012Z,builtin_summarization_trace,5,1,6,0.9381578947368421,0.06
kvzap-predictor-trace-20260817T122012Z::builtin_summarization_trace,kvzap-predictor-trace-20260817T122012Z,builtin_summarization_trace,5,1,7,0.9369250985545335,0.04
kvzap-predictor-trace-20260817T122012Z::builtin_summarization_trace,kvzap-predictor-trace-20260817T122012Z,builtin_summarization_trace,5,2,3,0.3891820580474934,0.010683760683760684
kvzap-predictor-trace-20260817T122012Z::builtin_summarization_trace,kvzap-predictor-trace-20260817T122012Z,builtin_summarization_trace,5,2,4,0.9973684210526316,0.6
kvzap-predictor-trace-20260817T122012Z::builtin_summarization_trace,kvzap-predictor-trace-20260817T122012Z,builtin_summarization_trace,5,2,5,0.9973684210526316,0.6
kvzap-predictor-trace-20260817T122012Z::builtin_summarization_trace,kvzap-predictor-trace-20260817T122012Z,builtin_summarization_trace,5,2,6,0.9921156373193167,0.25
kvzap-predictor-trace-20260817T122012Z::builtin_summarization_trace,kvzap-predictor-trace-20260817T122012Z,builtin_summarization_trace,5,2,7,0.9934296977660972,0.2857142857142857
kvzap-predictor-trace-20260817T122012Z::builtin_summarization_trace,kvzap-predictor-trace-20260817T122012Z,builtin_summarization_trace,5,3,4,0.3881578947368421,0.00641025641025641
kvzap-predictor-trace-20260817T122012Z::builtin_summarization_trace,kvzap-predictor-trace-20260817T122012Z,builtin_summarization_trace,5,3,5,0.3881578947368421,0.00641025641025641
kvzap-predictor-trace-20260817T122012Z::builtin_summarization_trace,kvzap-predictor-trace-20260817T122012Z,builtin_summarization_trace,5,3,6,0.3891820580474934,0.010683760683760684
kvzap-predictor-trace-20260817T122012Z::builtin_summarization_trace,kvzap-predictor-trace-20260817T122012Z,builtin_summarization_trace,5,3,7,0.38866930171277997,0.008547008547008548
kvzap-predictor-trace-20260817T122012Z::builtin_summarization_trace,kvzap-predictor-trace-20260817T122012Z,builtin_summarization_trace,5,4,5,1.0,1.0
kvzap-predictor-trace-20260817T122012Z::builtin_summarization_trace,kvzap-predictor-trace-20260817T122012Z,builtin_summarization_trace,5,4,6,0.9947437582128777,0.3333333333333333
kvzap-predictor-trace-20260817T122012Z::builtin_summarization_trace,kvzap-predictor-trace-20260817T122012Z,builtin_summarization_trace,5,4,7,0.9960578186596584,0.4
kvzap-predictor-trace-20260817T122012Z::builtin_summarization_trace,kvzap-predictor-trace-20260817T122012Z,builtin_summarization_trace,5,5,6,0.9947437582128777,0.3333333333333333
kvzap-predictor-trace-20260817T122012Z::builtin_summarization_trace,kvzap-predictor-trace-20260817T122012Z,builtin_summarization_trace,5,5,7,0.9960578186596584,0.4
kvzap-predictor-trace-20260817T122012Z::builtin_summarization_trace,kvzap-predictor-trace-20260817T122012Z,builtin_summarization_trace,5,6,7,0.9908136482939632,0.125
kvzap-predictor-trace-20260817T122012Z::builtin_summarization_trace,kvzap-predictor-trace-20260817T122012Z,builtin_summarization_trace,6,0,1,0.9776902887139107,0.05555555555555555
kvzap-predictor-trace-20260817T122012Z::builtin_summarization_trace,kvzap-predictor-trace-20260817T122012Z,builtin_summarization_trace,6,0,2,0.9526938239159002,0.05263157894736842
kvzap-predictor-trace-20260817T122012Z::builtin_summarization_trace,kvzap-predictor-trace-20260817T122012Z,builtin_summarization_trace,6,0,3,0.911957950065703,0.028985507246376812
kvzap-predictor-trace-20260817T122012Z::builtin_summarization_trace,kvzap-predictor-trace-20260817T122012Z,builtin_summarization_trace,6,0,4,0.9605781865965834,0.0625
kvzap-predictor-trace-20260817T122012Z::builtin_summarization_trace,kvzap-predictor-trace-20260817T122012Z,builtin_summarization_trace,6,0,5,0.9986876640419947,0.5
kvzap-predictor-trace-20260817T122012Z::builtin_summarization_trace,kvzap-predictor-trace-20260817T122012Z,builtin_summarization_trace,6,0,6,0.9763469119579501,0.1
kvzap-predictor-trace-20260817T122012Z::builtin_summarization_trace,kvzap-predictor-trace-20260817T122012Z,builtin_summarization_trace,6,0,7,0.9329829172141918,0.03773584905660377
kvzap-predictor-trace-20260817T122012Z::builtin_summarization_trace,kvzap-predictor-trace-20260817T122012Z,builtin_summarization_trace,6,1,2,0.9380764163372859,0.0784313725490196
kvzap-predictor-trace-20260817T122012Z::builtin_summarization_trace,kvzap-predictor-trace-20260817T122012Z,builtin_summarization_trace,6,1,3,0.899736147757256,0.06172839506172839
kvzap-predictor-trace-20260817T122012Z::builtin_summarization_trace,kvzap-predictor-trace-20260817T122012Z,builtin_summarization_trace,6,1,4,0.9614873837981408,0.2564102564102564
kvzap-predictor-trace-20260817T122012Z::builtin_summarization_trace,kvzap-predictor-trace-20260817T122012Z,builtin_summarization_trace,6,1,5,0.979002624671916,0.058823529411764705
kvzap-predictor-trace-20260817T122012Z::builtin_summarization_trace,kvzap-predictor-trace-20260817T122012Z,builtin_summarization_trace,6,1,6,0.9540682414698163,0.027777777777777776
kvzap-predictor-trace-20260817T122012Z::builtin_summarization_trace,kvzap-predictor-trace-20260817T122012Z,builtin_summarization_trace,6,1,7,0.9361702127659575,0.1864406779661017
kvzap-predictor-trace-20260817T122012Z::builtin_summarization_trace,kvzap-predictor-trace-20260817T122012Z,builtin_summarization_trace,6,2,3,0.9098250336473755,0.22988505747126436
kvzap-predictor-trace-20260817T122012Z::builtin_summarization_trace,kvzap-predictor-trace-20260817T122012Z,builtin_summarization_trace,6,2,4,0.9259259259259259,0.1111111111111111
kvzap-predictor-trace-20260817T122012Z::builtin_summarization_trace,kvzap-predictor-trace-20260817T122012Z,builtin_summarization_trace,6,2,5,0.9514435695538058,0.02631578947368421
kvzap-predictor-trace-20260817T122012Z::builtin_summarization_trace,kvzap-predictor-trace-20260817T122012Z,builtin_summarization_trace,6,2,6,0.9443708609271523,0.16
kvzap-predictor-trace-20260817T122012Z::builtin_summarization_trace,kvzap-predictor-trace-20260817T122012Z,builtin_summarization_trace,6,2,7,0.9235924932975871,0.22972972972972974
kvzap-predictor-trace-20260817T122012Z::builtin_summarization_trace,kvzap-predictor-trace-20260817T122012Z,builtin_summarization_trace,6,3,4,0.8849206349206349,0.07446808510638298
kvzap-predictor-trace-20260817T122012Z::builtin_summarization_trace,kvzap-predictor-trace-20260817T122012Z,builtin_summarization_trace,6,3,5,0.910761154855643,0.014492753623188406
kvzap-predictor-trace-20260817T122012Z::builtin_summarization_trace,kvzap-predictor-trace-20260817T122012Z,builtin_summarization_trace,6,3,6,0.9007936507936508,0.08536585365853659
kvzap-predictor-trace-20260817T122012Z::builtin_summarization_trace,kvzap-predictor-trace-20260817T122012Z,builtin_summarization_trace,6,3,7,0.8870967741935484,0.18446601941747573
kvzap-predictor-trace-20260817T122012Z::builtin_summarization_trace,kvzap-predictor-trace-20260817T122012Z,builtin_summarization_trace,6,4,5,0.9593175853018373,0.03125
kvzap-predictor-trace-20260817T122012Z::builtin_summarization_trace,kvzap-predictor-trace-20260817T122012Z,builtin_summarization_trace,6,4,6,0.9445910290237467,0.10638297872340426
kvzap-predictor-trace-20260817T122012Z::builtin_summarization_trace,kvzap-predictor-trace-20260817T122012Z,builtin_summarization_trace,6,4,7,0.9264705882352942,0.21428571428571427
kvzap-predictor-trace-20260817T122012Z::builtin_summarization_trace,kvzap-predictor-trace-20260817T122012Z,builtin_summarization_trace,6,5,6,0.9750656167979003,0.05
kvzap-predictor-trace-20260817T122012Z::builtin_summarization_trace,kvzap-predictor-trace-20260817T122012Z,builtin_summarization_trace,6,5,7,0.931758530183727,0.018867924528301886
kvzap-predictor-trace-20260817T122012Z::builtin_summarization_trace,kvzap-predictor-trace-20260817T122012Z,builtin_summarization_trace,6,6,7,0.9270557029177718,0.140625
kvzap-predictor-trace-20260817T122012Z::builtin_summarization_trace,kvzap-predictor-trace-20260817T122012Z,builtin_summarization_trace,7,0,1,0.0,0.020969855832241154
kvzap-predictor-trace-20260817T122012Z::builtin_summarization_trace,kvzap-predictor-trace-20260817T122012Z,builtin_summarization_trace,7,0,2,0.9776902887139107,0.05555555555555555
kvzap-predictor-trace-20260817T122012Z::builtin_summarization_trace,kvzap-predictor-trace-20260817T122012Z,builtin_summarization_trace,7,0,3,0.9790301441677588,0.0
kvzap-predictor-trace-20260817T122012Z::builtin_summarization_trace,kvzap-predictor-trace-20260817T122012Z,builtin_summarization_trace,7,0,4,0.9790301441677588,0.0
kvzap-predictor-trace-20260817T122012Z::builtin_summarization_trace,kvzap-predictor-trace-20260817T122012Z,builtin_summarization_trace,7,0,5,0.20424403183023873,0.014778325123152709
kvzap-predictor-trace-20260817T122012Z::builtin_summarization_trace,kvzap-predictor-trace-20260817T122012Z,builtin_summarization_trace,7,0,6,0.9803149606299213,0.0625
kvzap-predictor-trace-20260817T122012Z::builtin_summarization_trace,kvzap-predictor-trace-20260817T122012Z,builtin_summarization_trace,7,0,7,0.9803149606299213,0.0625
kvzap-predictor-trace-20260817T122012Z::builtin_summarization_trace,kvzap-predictor-trace-20260817T122012Z,builtin_summarization_trace,7,1,2,0.0,0.003931847968545216
kvzap-predictor-trace-20260817T122012Z::builtin_summarization_trace,kvzap-predictor-trace-20260817T122012Z,builtin_summarization_trace,7,1,3,0.0,0.0
kvzap-predictor-trace-20260817T122012Z::builtin_summarization_trace,kvzap-predictor-trace-20260817T122012Z,builtin_summarization_trace,7,1,4,0.0,0.0
kvzap-predictor-trace-20260817T122012Z::builtin_summarization_trace,kvzap-predictor-trace-20260817T122012Z,builtin_summarization_trace,7,1,5,0.0,0.7889908256880734
kvzap-predictor-trace-20260817T122012Z::builtin_summarization_trace,kvzap-predictor-trace-20260817T122012Z,builtin_summarization_trace,7,1,6,0.0,0.001310615989515072
kvzap-predictor-trace-20260817T122012Z::builtin_summarization_trace,kvzap-predictor-trace-20260817T122012Z,builtin_summarization_trace,7,1,7,0.0,0.001310615989515072
kvzap-predictor-trace-20260817T122012Z::builtin_summarization_trace,kvzap-predictor-trace-20260817T122012Z,builtin_summarization_trace,7,2,3,0.9960681520314548,0.0
kvzap-predictor-trace-20260817T122012Z::builtin_summarization_trace,kvzap-predictor-trace-20260817T122012Z,builtin_summarization_trace,7,2,4,0.9960681520314548,0.0
kvzap-predictor-trace-20260817T122012Z::builtin_summarization_trace,kvzap-predictor-trace-20260817T122012Z,builtin_summarization_trace,7,2,5,0.2118421052631579,0.0049833887043189366
kvzap-predictor-trace-20260817T122012Z::builtin_summarization_trace,kvzap-predictor-trace-20260817T122012Z,builtin_summarization_trace,7,2,6,0.9973753280839895,0.3333333333333333
kvzap-predictor-trace-20260817T122012Z::builtin_summarization_trace,kvzap-predictor-trace-20260817T122012Z,builtin_summarization_trace,7,2,7,0.9973753280839895,0.3333333333333333
kvzap-predictor-trace-20260817T122012Z::builtin_summarization_trace,kvzap-predictor-trace-20260817T122012Z,builtin_summarization_trace,7,3,4,1.0,1.0
kvzap-predictor-trace-20260817T122012Z::builtin_summarization_trace,kvzap-predictor-trace-20260817T122012Z,builtin_summarization_trace,7,3,5,0.21100917431192662,0.0
kvzap-predictor-trace-20260817T122012Z::builtin_summarization_trace,kvzap-predictor-trace-20260817T122012Z,builtin_summarization_trace,7,3,6,0.9986893840104849,0.0
kvzap-predictor-trace-20260817T122012Z::builtin_summarization_trace,kvzap-predictor-trace-20260817T122012Z,builtin_summarization_trace,7,3,7,0.9986893840104849,0.0
kvzap-predictor-trace-20260817T122012Z::builtin_summarization_trace,kvzap-predictor-trace-20260817T122012Z,builtin_summarization_trace,7,4,5,0.21100917431192662,0.0
kvzap-predictor-trace-20260817T122012Z::builtin_summarization_trace,kvzap-predictor-trace-20260817T122012Z,builtin_summarization_trace,7,4,6,0.9986893840104849,0.0
kvzap-predictor-trace-20260817T122012Z::builtin_summarization_trace,kvzap-predictor-trace-20260817T122012Z,builtin_summarization_trace,7,4,7,0.9986893840104849,0.0
kvzap-predictor-trace-20260817T122012Z::builtin_summarization_trace,kvzap-predictor-trace-20260817T122012Z,builtin_summarization_trace,7,5,6,0.21128608923884515,0.0016611295681063123
kvzap-predictor-trace-20260817T122012Z::builtin_summarization_trace,kvzap-predictor-trace-20260817T122012Z,builtin_summarization_trace,7,5,7,0.21128608923884515,0.0016611295681063123
kvzap-predictor-trace-20260817T122012Z::builtin_summarization_trace,kvzap-predictor-trace-20260817T122012Z,builtin_summarization_trace,7,6,7,1.0,1.0
kvzap-predictor-trace-20260817T122012Z::builtin_summarization_trace,kvzap-predictor-trace-20260817T122012Z,builtin_summarization_trace,8,0,1,0.8741450068399452,0.25806451612903225
kvzap-predictor-trace-20260817T122012Z::builtin_summarization_trace,kvzap-predictor-trace-20260817T122012Z,builtin_summarization_trace,8,0,2,0.9461942257217848,0.023809523809523808
kvzap-predictor-trace-20260817T122012Z::builtin_summarization_trace,kvzap-predictor-trace-20260817T122012Z,builtin_summarization_trace,8,0,3,0.9461942257217848,0.023809523809523808
kvzap-predictor-trace-20260817T122012Z::builtin_summarization_trace,kvzap-predictor-trace-20260817T122012Z,builtin_summarization_trace,8,0,4,0.6880108991825613,0.1124031007751938
kvzap-predictor-trace-20260817T122012Z::builtin_summarization_trace,kvzap-predictor-trace-20260817T122012Z,builtin_summarization_trace,8,0,5,0.900131406044678,0.02564102564102564
kvzap-predictor-trace-20260817T122012Z::builtin_summarization_trace,kvzap-predictor-trace-20260817T122012Z,builtin_summarization_trace,8,0,6,0.8453333333333334,0.10077519379844961
kvzap-predictor-trace-20260817T122012Z::builtin_summarization_trace,kvzap-predictor-trace-20260817T122012Z,builtin_summarization_trace,8,0,7,0.951058201058201,0.1590909090909091
kvzap-predictor-trace-20260817T122012Z::builtin_summarization_trace,kvzap-predictor-trace-20260817T122012Z,builtin_summarization_trace,8,1,2,0.8517060367454068,0.008771929824561403
kvzap-predictor-trace-20260817T122012Z::builtin_summarization_trace,kvzap-predictor-trace-20260817T122012Z,builtin_summarization_trace,8,1,3,0.8517060367454068,0.008771929824561403
kvzap-predictor-trace-20260817T122012Z::builtin_summarization_trace,kvzap-predictor-trace-20260817T122012Z,builtin_summarization_trace,8,1,4,0.7417910447761195,0.34962406015037595
kvzap-predictor-trace-20260817T122012Z::builtin_summarization_trace,kvzap-predictor-trace-20260817T122012Z,builtin_summarization_trace,8,1,5,0.8174603174603174,0.04827586206896552
kvzap-predictor-trace-20260817T122012Z::builtin_summarization_trace,kvzap-predictor-trace-20260817T122012Z,builtin_summarization_trace,8,1,6,0.7377483443708609,0.038834951456310676
kvzap-predictor-trace-20260817T122012Z::builtin_summarization_trace,kvzap-predictor-trace-20260817T122012Z,builtin_summarization_trace,8,1,7,0.8607427055702918,0.07894736842105263
kvzap-predictor-trace-20260817T122012Z::builtin_summarization_trace,kvzap-predictor-trace-20260817T122012Z,builtin_summarization_trace,8,2,3,1.0,1.0
kvzap-predictor-trace-20260817T122012Z::builtin_summarization_trace,kvzap-predictor-trace-20260817T122012Z,builtin_summarization_trace,8,2,4,0.6797900262467191,0.004081632653061225
kvzap-predictor-trace-20260817T122012Z::builtin_summarization_trace,kvzap-predictor-trace-20260817T122012Z,builtin_summarization_trace,8,2,5,0.9514435695538058,0.02631578947368421
kvzap-predictor-trace-20260817T122012Z::builtin_summarization_trace,kvzap-predictor-trace-20260817T122012Z,builtin_summarization_trace,8,2,6,0.8700787401574803,0.01
kvzap-predictor-trace-20260817T122012Z::builtin_summarization_trace,kvzap-predictor-trace-20260817T122012Z,builtin_summarization_trace,8,2,7,0.989501312335958,0.1111111111111111
kvzap-predictor-trace-20260817T122012Z::builtin_summarization_trace,kvzap-predictor-trace-20260817T122012Z,builtin_summarization_trace,8,3,4,0.6797900262467191,0.004081632653061225
kvzap-predictor-trace-20260817T122012Z::builtin_summarization_trace,kvzap-predictor-trace-20260817T122012Z,builtin_summarization_trace,8,3,5,0.9514435695538058,0.02631578947368421
kvzap-predictor-trace-20260817T122012Z::builtin_summarization_trace,kvzap-predictor-trace-20260817T122012Z,builtin_summarization_trace,8,3,6,0.8700787401574803,0.01
kvzap-predictor-trace-20260817T122012Z::builtin_summarization_trace,kvzap-predictor-trace-20260817T122012Z,builtin_summarization_trace,8,3,7,0.989501312335958,0.1111111111111111
kvzap-predictor-trace-20260817T122012Z::builtin_summarization_trace,kvzap-predictor-trace-20260817T122012Z,builtin_summarization_trace,8,4,5,0.6551264980026631,0.04428044280442804
kvzap-predictor-trace-20260817T122012Z::builtin_summarization_trace,kvzap-predictor-trace-20260817T122012Z,builtin_summarization_trace,8,4,6,0.5852348993288591,0.05504587155963303
kvzap-predictor-trace-20260817T122012Z::builtin_summarization_trace,kvzap-predictor-trace-20260817T122012Z,builtin_summarization_trace,8,4,7,0.6870026525198939,0.036734693877551024
kvzap-predictor-trace-20260817T122012Z::builtin_summarization_trace,kvzap-predictor-trace-20260817T122012Z,builtin_summarization_trace,8,5,6,0.823915900131406,0.014705882352941176
kvzap-predictor-trace-20260817T122012Z::builtin_summarization_trace,kvzap-predictor-trace-20260817T122012Z,builtin_summarization_trace,8,5,7,0.9409448818897638,0.021739130434782608
kvzap-predictor-trace-20260817T122012Z::builtin_summarization_trace,kvzap-predictor-trace-20260817T122012Z,builtin_summarization_trace,8,6,7,0.8693931398416886,0.04807692307692308
kvzap-predictor-trace-20260817T122012Z::builtin_summarization_trace,kvzap-predictor-trace-20260817T122012Z,builtin_summarization_trace,9,0,1,1.0,1.0
kvzap-predictor-trace-20260817T122012Z::builtin_summarization_trace,kvzap-predictor-trace-20260817T122012Z,builtin_summarization_trace,9,0,2,0.4094488188976378,0.0022172949002217295
kvzap-predictor-trace-20260817T122012Z::builtin_summarization_trace,kvzap-predictor-trace-20260817T122012Z,builtin_summarization_trace,9,0,3,0.9671916010498688,0.038461538461538464
kvzap-predictor-trace-20260817T122012Z::builtin_summarization_trace,kvzap-predictor-trace-20260817T122012Z,builtin_summarization_trace,9,0,4,0.04199475065616798,0.0013679890560875513
kvzap-predictor-trace-20260817T122012Z::builtin_summarization_trace,kvzap-predictor-trace-20260817T122012Z,builtin_summarization_trace,9,0,5,0.9671916010498688,0.038461538461538464
kvzap-predictor-trace-20260817T122012Z::builtin_summarization_trace,kvzap-predictor-trace-20260817T122012Z,builtin_summarization_trace,9,0,6,0.8451443569553806,0.008403361344537815
kvzap-predictor-trace-20260817T122012Z::builtin_summarization_trace,kvzap-predictor-trace-20260817T122012Z,builtin_summarization_trace,9,0,7,0.15091863517060367,0.0015432098765432098
kvzap-predictor-trace-20260817T122012Z::builtin_summarization_trace,kvzap-predictor-trace-20260817T122012Z,builtin_summarization_trace,9,1,2,0.4094488188976378,0.0022172949002217295
kvzap-predictor-trace-20260817T122012Z::builtin_summarization_trace,kvzap-predictor-trace-20260817T122012Z,builtin_summarization_trace,9,1,3,0.9671916010498688,0.038461538461538464
kvzap-predictor-trace-20260817T122012Z::builtin_summarization_trace,kvzap-predictor-trace-20260817T122012Z,builtin_summarization_trace,9,1,4,0.04199475065616798,0.0013679890560875513
kvzap-predictor-trace-20260817T122012Z::builtin_summarization_trace,kvzap-predictor-trace-20260817T122012Z,builtin_summarization_trace,9,1,5,0.9671916010498688,0.038461538461538464
kvzap-predictor-trace-20260817T122012Z::builtin_summarization_trace,kvzap-predictor-trace-20260817T122012Z,builtin_summarization_trace,9,1,6,0.8451443569553806,0.008403361344537815
kvzap-predictor-trace-20260817T122012Z::builtin_summarization_trace,kvzap-predictor-trace-20260817T122012Z,builtin_summarization_trace,9,1,7,0.15091863517060367,0.0015432098765432098
kvzap-predictor-trace-20260817T122012Z::builtin_summarization_trace,kvzap-predictor-trace-20260817T122012Z,builtin_summarization_trace,9,2,3,0.4080536912751678,0.0392156862745098
kvzap-predictor-trace-20260817T122012Z::builtin_summarization_trace,kvzap-predictor-trace-20260817T122012Z,builtin_summarization_trace,9,2,4,0.05521472392638037,0.5865771812080537
kvzap-predictor-trace-20260817T122012Z::builtin_summarization_trace,kvzap-predictor-trace-20260817T122012Z,builtin_summarization_trace,9,2,5,0.41948579161028415,0.052980132450331126
kvzap-predictor-trace-20260817T122012Z::builtin_summarization_trace,kvzap-predictor-trace-20260817T122012Z,builtin_summarization_trace,9,2,6,0.41002949852507375,0.17525773195876287
kvzap-predictor-trace-20260817T122012Z::builtin_summarization_trace,kvzap-predictor-trace-20260817T122012Z,builtin_summarization_trace,9,2,7,0.2822822822822823,0.6427503736920778
kvzap-predictor-trace-20260817T122012Z::builtin_summarization_trace,kvzap-predictor-trace-20260817T122012Z,builtin_summarization_trace,9,3,4,0.04341926729986431,0.03556771545827633
kvzap-predictor-trace-20260817T122012Z::builtin_summarization_trace,kvzap-predictor-trace-20260817T122012Z,builtin_summarization_trace,9,3,5,0.9575033200531209,0.23809523809523808
kvzap-predictor-trace-20260817T122012Z::builtin_summarization_trace,kvzap-predictor-trace-20260817T122012Z,builtin_summarization_trace,9,3,6,0.8339973439575034,0.07407407407407407
kvzap-predictor-trace-20260817T122012Z::builtin_summarization_trace,kvzap-predictor-trace-20260817T122012Z,builtin_summarization_trace,9,3,7,0.15135135135135136,0.03533026113671275
kvzap-predictor-trace-20260817T122012Z::builtin_summarization_trace,kvzap-predictor-trace-20260817T122012Z,builtin_summarization_trace,9,4,5,0.03918918918918919,0.031335149863760216
kvzap-predictor-trace-20260817T122012Z::builtin_summarization_trace,kvzap-predictor-trace-20260817T122012Z,builtin_summarization_trace,9,4,6,0.025796661608497723,0.13941018766756033
kvzap-predictor-trace-20260817T122012Z::builtin_summarization_trace,kvzap-predictor-trace-20260817T122012Z,builtin_summarization_trace,9,4,7,0.027972027972027972,0.8168642951251647
kvzap-predictor-trace-20260817T122012Z::builtin_summarization_trace,kvzap-predictor-trace-20260817T122012Z,builtin_summarization_trace,9,5,6,0.8536912751677852,0.14173228346456693
kvzap-predictor-trace-20260817T122012Z::builtin_summarization_trace,kvzap-predictor-trace-20260817T122012Z,builtin_summarization_trace,9,5,7,0.1560379918588874,0.040123456790123455
kvzap-predictor-trace-20260817T122012Z::builtin_summarization_trace,kvzap-predictor-trace-20260817T122012Z,builtin_summarization_trace,9,6,7,0.1694915254237288,0.17457886676875958
kvzap-predictor-trace-20260817T122012Z::builtin_summarization_trace,kvzap-predictor-trace-20260817T122012Z,builtin_summarization_trace,10,0,1,0.994750656167979,0.2
kvzap-predictor-trace-20260817T122012Z::builtin_summarization_trace,kvzap-predictor-trace-20260817T122012Z,builtin_summarization_trace,10,0,2,0.9986876640419947,0.5
kvzap-predictor-trace-20260817T122012Z::builtin_summarization_trace,kvzap-predictor-trace-20260817T122012Z,builtin_summarization_trace,10,0,3,1.0,1.0
kvzap-predictor-trace-20260817T122012Z::builtin_summarization_trace,kvzap-predictor-trace-20260817T122012Z,builtin_summarization_trace,10,0,4,1.0,1.0
kvzap-predictor-trace-20260817T122012Z::builtin_summarization_trace,kvzap-predictor-trace-20260817T122012Z,builtin_summarization_trace,10,0,5,0.9960629921259843,0.25
kvzap-predictor-trace-20260817T122012Z::builtin_summarization_trace,kvzap-predictor-trace-20260817T122012Z,builtin_summarization_trace,10,0,6,0.884514435695538,0.011235955056179775
kvzap-predictor-trace-20260817T122012Z::builtin_summarization_trace,kvzap-predictor-trace-20260817T122012Z,builtin_summarization_trace,10,0,7,0.979002624671916,0.058823529411764705
kvzap-predictor-trace-20260817T122012Z::builtin_summarization_trace,kvzap-predictor-trace-20260817T122012Z,builtin_summarization_trace,10,1,2,0.9934383202099738,0.16666666666666666
kvzap-predictor-trace-20260817T122012Z::builtin_summarization_trace,kvzap-predictor-trace-20260817T122012Z,builtin_summarization_trace,10,1,3,0.994750656167979,0.2
kvzap-predictor-trace-20260817T122012Z::builtin_summarization_trace,kvzap-predictor-trace-20260817T122012Z,builtin_summarization_trace,10,1,4,0.994750656167979,0.2
kvzap-predictor-trace-20260817T122012Z::builtin_summarization_trace,kvzap-predictor-trace-20260817T122012Z,builtin_summarization_trace,10,1,5,0.9908136482939632,0.125
kvzap-predictor-trace-20260817T122012Z::builtin_summarization_trace,kvzap-predictor-trace-20260817T122012Z,builtin_summarization_trace,10,1,6,0.8842105263157894,0.03296703296703297
kvzap-predictor-trace-20260817T122012Z::builtin_summarization_trace,kvzap-predictor-trace-20260817T122012Z,builtin_summarization_trace,10,1,7,0.9841688654353562,0.29411764705882354
kvzap-predictor-trace-20260817T122012Z::builtin_summarization_trace,kvzap-predictor-trace-20260817T122012Z,builtin_summarization_trace,10,2,3,0.9986876640419947,0.5
kvzap-predictor-trace-20260817T122012Z::builtin_summarization_trace,kvzap-predictor-trace-20260817T122012Z,builtin_summarization_trace,10,2,4,0.9986876640419947,0.5
kvzap-predictor-trace-20260817T122012Z::builtin_summarization_trace,kvzap-predictor-trace-20260817T122012Z,builtin_summarization_trace,10,2,5,0.994750656167979,0.2
kvzap-predictor-trace-20260817T122012Z::builtin_summarization_trace,kvzap-predictor-trace-20260817T122012Z,builtin_summarization_trace,10,2,6,0.885676741130092,0.02247191011235955
kvzap-predictor-trace-20260817T122012Z::builtin_summarization_trace,kvzap-predictor-trace-20260817T122012Z,builtin_summarization_trace,10,2,7,0.9776902887139107,0.05555555555555555
kvzap-predictor-trace-20260817T122012Z::builtin_summarization_trace,kvzap-predictor-trace-20260817T122012Z,builtin_summarization_trace,10,3,4,1.0,1.0
kvzap-predictor-trace-20260817T122012Z::builtin_summarization_trace,kvzap-predictor-trace-20260817T122012Z,builtin_summarization_trace,10,3,5,0.9960629921259843,0.25
kvzap-predictor-trace-20260817T122012Z::builtin_summarization_trace,kvzap-predictor-trace-20260817T122012Z,builtin_summarization_trace,10,3,6,0.884514435695538,0.011235955056179775
kvzap-predictor-trace-20260817T122012Z::builtin_summarization_trace,kvzap-predictor-trace-20260817T122012Z,builtin_summarization_trace,10,3,7,0.979002624671916,0.058823529411764705
kvzap-predictor-trace-20260817T122012Z::builtin_summarization_trace,kvzap-predictor-trace-20260817T122012Z,builtin_summarization_trace,10,4,5,0.9960629921259843,0.25
kvzap-predictor-trace-20260817T122012Z::builtin_summarization_trace,kvzap-predictor-trace-20260817T122012Z,builtin_summarization_trace,10,4,6,0.884514435695538,0.011235955056179775
kvzap-predictor-trace-20260817T122012Z::builtin_summarization_trace,kvzap-predictor-trace-20260817T122012Z,builtin_summarization_trace,10,4,7,0.979002624671916,0.058823529411764705
kvzap-predictor-trace-20260817T122012Z::builtin_summarization_trace,kvzap-predictor-trace-20260817T122012Z,builtin_summarization_trace,10,5,6,0.8855263157894737,0.03333333333333333
kvzap-predictor-trace-20260817T122012Z::builtin_summarization_trace,kvzap-predictor-trace-20260817T122012Z,builtin_summarization_trace,10,5,7,0.9802631578947368,0.16666666666666666
kvzap-predictor-trace-20260817T122012Z::builtin_summarization_trace,kvzap-predictor-trace-20260817T122012Z,builtin_summarization_trace,10,6,7,0.8857901726427623,0.10416666666666667
kvzap-predictor-trace-20260817T122012Z::builtin_summarization_trace,kvzap-predictor-trace-20260817T122012Z,builtin_summarization_trace,11,0,1,0.9668874172185431,0.24242424242424243
kvzap-predictor-trace-20260817T122012Z::builtin_summarization_trace,kvzap-predictor-trace-20260817T122012Z,builtin_summarization_trace,11,0,2,0.1478494623655914,0.02909647779479326
kvzap-predictor-trace-20260817T122012Z::builtin_summarization_trace,kvzap-predictor-trace-20260817T122012Z,builtin_summarization_trace,11,0,3,0.9087248322147651,0.20930232558139536
kvzap-predictor-trace-20260817T122012Z::builtin_summarization_trace,kvzap-predictor-trace-20260817T122012Z,builtin_summarization_trace,11,0,4,0.9349269588313412,0.1694915254237288
kvzap-predictor-trace-20260817T122012Z::builtin_summarization_trace,kvzap-predictor-trace-20260817T122012Z,builtin_summarization_trace,11,0,5,0.9763779527559056,0.05263157894736842
kvzap-predictor-trace-20260817T122012Z::builtin_summarization_trace,kvzap-predictor-trace-20260817T122012Z,builtin_summarization_trace,11,0,6,0.8144192256341789,0.0915032679738562
kvzap-predictor-trace-20260817T122012Z::builtin_summarization_trace,kvzap-predictor-trace-20260817T122012Z,builtin_summarization_trace,11,0,7,0.9750656167979003,0.05
kvzap-predictor-trace-20260817T122012Z::builtin_summarization_trace,kvzap-predictor-trace-20260817T122012Z,builtin_summarization_trace,11,1,2,0.14535666218034993,0.030534351145038167
kvzap-predictor-trace-20260817T122012Z::builtin_summarization_trace,kvzap-predictor-trace-20260817T122012Z,builtin_summarization_trace,11,1,3,0.907258064516129,0.2159090909090909
kvzap-predictor-trace-20260817T122012Z::builtin_summarization_trace,kvzap-predictor-trace-20260817T122012Z,builtin_summarization_trace,11,1,4,0.9232804232804233,0.1076923076923077
kvzap-predictor-trace-20260817T122012Z::builtin_summarization_trace,kvzap-predictor-trace-20260817T122012Z,builtin_summarization_trace,11,1,5,0.9724409448818898,0.045454545454545456
kvzap-predictor-trace-20260817T122012Z::builtin_summarization_trace,kvzap-predictor-trace-20260817T122012Z,builtin_summarization_trace,11,1,6,0.8225806451612904,0.12582781456953643
kvzap-predictor-trace-20260817T122012Z::builtin_summarization_trace,kvzap-predictor-trace-20260817T122012Z,builtin_summarization_trace,11,1,7,0.9711286089238845,0.043478260869565216
kvzap-predictor-trace-20260817T122012Z::builtin_summarization_trace,kvzap-predictor-trace-20260817T122012Z,builtin_summarization_trace,11,2,3,0.15373352855051245,0.12158054711246201
kvzap-predictor-trace-20260817T122012Z::builtin_summarization_trace,kvzap-predictor-trace-20260817T122012Z,builtin_summarization_trace,11,2,4,0.15427769985974754,0.07656967840735068
kvzap-predictor-trace-20260817T122012Z::builtin_summarization_trace,kvzap-predictor-trace-20260817T122012Z,builtin_summarization_trace,11,2,5,0.14435695538057744,0.0015313935681470138
kvzap-predictor-trace-20260817T122012Z::builtin_summarization_trace,kvzap-predictor-trace-20260817T122012Z,builtin_summarization_trace,11,2,6,0.17313915857605178,0.22103658536585366
kvzap-predictor-trace-20260817T122012Z::builtin_summarization_trace,kvzap-predictor-trace-20260817T122012Z,builtin_summarization_trace,11,2,7,0.1445466491458607,0.0030627871362940277
kvzap-predictor-trace-20260817T122012Z::builtin_summarization_trace,kvzap-predictor-trace-20260817T122012Z,builtin_summarization_trace,11,3,4,0.8899456521739131,0.25
kvzap-predictor-trace-20260817T122012Z::builtin_summarization_trace,kvzap-predictor-trace-20260817T122012Z,builtin_summarization_trace,11,3,5,0.889763779527559,0.011764705882352941
kvzap-predictor-trace-20260817T122012Z::builtin_summarization_trace,kvzap-predictor-trace-20260817T122012Z,builtin_summarization_trace,11,3,6,0.8340425531914893,0.3314285714285714
kvzap-predictor-trace-20260817T122012Z::builtin_summarization_trace,kvzap-predictor-trace-20260817T122012Z,builtin_summarization_trace,11,3,7,0.8884514435695539,0.011627906976744186
kvzap-predictor-trace-20260817T122012Z::builtin_summarization_trace,kvzap-predictor-trace-20260817T122012Z,builtin_summarization_trace,11,4,5,0.9356955380577427,0.02
kvzap-predictor-trace-20260817T122012Z::builtin_summarization_trace,kvzap-predictor-trace-20260817T122012Z,builtin_summarization_trace,11,4,6,0.8367911479944675,0.25316455696202533
kvzap-predictor-trace-20260817T122012Z::builtin_summarization_trace,kvzap-predictor-trace-20260817T122012Z,builtin_summarization_trace,11,4,7,0.9343832020997376,0.0196078431372549
kvzap-predictor-trace-20260817T122012Z::builtin_summarization_trace,kvzap-predictor-trace-20260817T122012Z,builtin_summarization_trace,11,5,6,0.8070866141732284,0.006756756756756757
kvzap-predictor-trace-20260817T122012Z::builtin_summarization_trace,kvzap-predictor-trace-20260817T122012Z,builtin_summarization_trace,11,5,7,0.9986876640419947,0.5
kvzap-predictor-trace-20260817T122012Z::builtin_summarization_trace,kvzap-predictor-trace-20260817T122012Z,builtin_summarization_trace,11,6,7,0.8081471747700394,0.013513513513513514
kvzap-predictor-trace-20260817T122012Z::builtin_summarization_trace,kvzap-predictor-trace-20260817T122012Z,builtin_summarization_trace,12,0,1,0.3274932614555256,0.04038461538461539
kvzap-predictor-trace-20260817T122012Z::builtin_summarization_trace,kvzap-predictor-trace-20260817T122012Z,builtin_summarization_trace,12,0,2,0.3301759133964817,0.046242774566473986
kvzap-predictor-trace-20260817T122012Z::builtin_summarization_trace,kvzap-predictor-trace-20260817T122012Z,builtin_summarization_trace,12,0,3,0.330188679245283,0.04054054054054054
kvzap-predictor-trace-20260817T122012Z::builtin_summarization_trace,kvzap-predictor-trace-20260817T122012Z,builtin_summarization_trace,12,0,4,0.3275862068965517,0.01744186046511628
kvzap-predictor-trace-20260817T122012Z::builtin_summarization_trace,kvzap-predictor-trace-20260817T122012Z,builtin_summarization_trace,12,0,5,0.3182423435419441,0.022900763358778626
kvzap-predictor-trace-20260817T122012Z::builtin_summarization_trace,kvzap-predictor-trace-20260817T122012Z,builtin_summarization_trace,12,0,6,0.41471571906354515,0.7261345852895149
kvzap-predictor-trace-20260817T122012Z::builtin_summarization_trace,kvzap-predictor-trace-20260817T122012Z,builtin_summarization_trace,12,0,7,0.3425925925925926,0.21256931608133087
kvzap-predictor-trace-20260817T122012Z::builtin_summarization_trace,kvzap-predictor-trace-20260817T122012Z,builtin_summarization_trace,12,1,2,0.9496688741721855,0.17391304347826086
kvzap-predictor-trace-20260817T122012Z::builtin_summarization_trace,kvzap-predictor-trace-20260817T122012Z,builtin_summarization_trace,12,1,3,0.9601593625498008,0.25
kvzap-predictor-trace-20260817T122012Z::builtin_summarization_trace,kvzap-predictor-trace-20260817T122012Z,builtin_summarization_trace,12,1,4,0.9656992084432717,0.16129032258064516
kvzap-predictor-trace-20260817T122012Z::builtin_summarization_trace,kvzap-predictor-trace-20260817T122012Z,builtin_summarization_trace,12,1,5,0.9434954007884363,0.044444444444444446
kvzap-predictor-trace-20260817T122012Z::builtin_summarization_trace,kvzap-predictor-trace-20260817T122012Z,builtin_summarization_trace,12,1,6,0.23076923076923078,0.037162162162162164
kvzap-predictor-trace-20260817T122012Z::builtin_summarization_trace,kvzap-predictor-trace-20260817T122012Z,builtin_summarization_trace,12,1,7,0.82171581769437,0.11333333333333333
kvzap-predictor-trace-20260817T122012Z::builtin_summarization_trace,kvzap-predictor-trace-20260817T122012Z,builtin_summarization_trace,12,2,3,0.96271637816245,0.3
kvzap-predictor-trace-20260817T122012Z::builtin_summarization_trace,kvzap-predictor-trace-20260817T122012Z,builtin_summarization_trace,12,2,4,0.9682539682539683,0.22580645161290322
kvzap-predictor-trace-20260817T122012Z::builtin_summarization_trace,kvzap-predictor-trace-20260817T122012Z,builtin_summarization_trace,12,2,5,0.9408672798948752,0.0425531914893617
kvzap-predictor-trace-20260817T122012Z::builtin_summarization_trace,kvzap-predictor-trace-20260817T122012Z,builtin_summarization_trace,12,2,6,0.23809523809523808,0.047619047619047616
kvzap-predictor-trace-20260817T122012Z::builtin_summarization_trace,kvzap-predictor-trace-20260817T122012Z,builtin_summarization_trace,12,2,7,0.8117489986648865,0.09032258064516129
kvzap-predictor-trace-20260817T122012Z::builtin_summarization_trace,kvzap-predictor-trace-20260817T122012Z,builtin_summarization_trace,12,3,4,0.9735449735449735,0.25925925925925924
kvzap-predictor-trace-20260817T122012Z::builtin_summarization_trace,kvzap-predictor-trace-20260817T122012Z,builtin_summarization_trace,12,3,5,0.9461235216819974,0.046511627906976744
kvzap-predictor-trace-20260817T122012Z::builtin_summarization_trace,kvzap-predictor-trace-20260817T122012Z,builtin_summarization_trace,12,3,6,0.2368064952638701,0.04081632653061224
kvzap-predictor-trace-20260817T122012Z::builtin_summarization_trace,kvzap-predictor-trace-20260817T122012Z,builtin_summarization_trace,12,3,7,0.8416779431664412,0.1702127659574468
kvzap-predictor-trace-20260817T122012Z::builtin_summarization_trace,kvzap-predictor-trace-20260817T122012Z,builtin_summarization_trace,12,4,5,0.9619422572178478,0.03333333333333333
kvzap-predictor-trace-20260817T122012Z::builtin_summarization_trace,kvzap-predictor-trace-20260817T122012Z,builtin_summarization_trace,12,4,6,0.23240371845949534,0.017006802721088437
kvzap-predictor-trace-20260817T122012Z::builtin_summarization_trace,kvzap-predictor-trace-20260817T122012Z,builtin_summarization_trace,12,4,7,0.8211920529801324,0.055944055944055944
kvzap-predictor-trace-20260817T122012Z::builtin_summarization_trace,kvzap-predictor-trace-20260817T122012Z,builtin_summarization_trace,12,5,6,0.22429906542056074,0.023529411764705882
kvzap-predictor-trace-20260817T122012Z::builtin_summarization_trace,kvzap-predictor-trace-20260817T122012Z,builtin_summarization_trace,12,5,7,0.8308724832214766,0.125
kvzap-predictor-trace-20260817T122012Z::builtin_summarization_trace,kvzap-predictor-trace-20260817T122012Z,builtin_summarization_trace,12,6,7,0.2630744849445325,0.22110552763819097
kvzap-predictor-trace-20260817T122012Z::builtin_summarization_trace,kvzap-predictor-trace-20260817T122012Z,builtin_summarization_trace,13,0,1,0.8304862023653088,0.015267175572519083
kvzap-predictor-trace-20260817T122012Z::builtin_summarization_trace,kvzap-predictor-trace-20260817T122012Z,builtin_summarization_trace,13,0,2,0.24332810047095763,0.20723684210526316
kvzap-predictor-trace-20260817T122012Z::builtin_summarization_trace,kvzap-predictor-trace-20260817T122012Z,builtin_summarization_trace,13,0,3,0.13793103448275862,0.18518518518518517
kvzap-predictor-trace-20260817T122012Z::builtin_summarization_trace,kvzap-predictor-trace-20260817T122012Z,builtin_summarization_trace,13,0,4,0.9004457652303121,0.5732484076433121
kvzap-predictor-trace-20260817T122012Z::builtin_summarization_trace,kvzap-predictor-trace-20260817T122012Z,builtin_summarization_trace,13,0,5,0.8348623853211009,0.0
kvzap-predictor-trace-20260817T122012Z::builtin_summarization_trace,kvzap-predictor-trace-20260817T122012Z,builtin_summarization_trace,13,0,6,0.8311345646437994,0.03759398496240601
kvzap-predictor-trace-20260817T122012Z::builtin_summarization_trace,kvzap-predictor-trace-20260817T122012Z,builtin_summarization_trace,13,0,7,0.0,0.1651376146788991
kvzap-predictor-trace-20260817T122012Z::builtin_summarization_trace,kvzap-predictor-trace-20260817T122012Z,builtin_summarization_trace,13,1,2,0.19710906701708278,0.0032626427406199023
kvzap-predictor-trace-20260817T122012Z::builtin_summarization_trace,kvzap-predictor-trace-20260817T122012Z,builtin_summarization_trace,13,1,3,0.11330698287220026,0.005908419497784343
kvzap-predictor-trace-20260817T122012Z::builtin_summarization_trace,kvzap-predictor-trace-20260817T122012Z,builtin_summarization_trace,13,1,4,0.841897233201581,0.03225806451612903
kvzap-predictor-trace-20260817T122012Z::builtin_summarization_trace,kvzap-predictor-trace-20260817T122012Z,builtin_summarization_trace,13,1,5,0.9908256880733946,0.0
kvzap-predictor-trace-20260817T122012Z::builtin_summarization_trace,kvzap-predictor-trace-20260817T122012Z,builtin_summarization_trace,13,1,6,0.9802890932982917,0.11764705882352941
kvzap-predictor-trace-20260817T122012Z::builtin_summarization_trace,kvzap-predictor-trace-20260817T122012Z,builtin_summarization_trace,13,1,7,0.0,0.009174311926605505
kvzap-predictor-trace-20260817T122012Z::builtin_summarization_trace,kvzap-predictor-trace-20260817T122012Z,builtin_summarization_trace,13,2,3,0.14018691588785046,0.7489768076398363
kvzap-predictor-trace-20260817T122012Z::builtin_summarization_trace,kvzap-predictor-trace-20260817T122012Z,builtin_summarization_trace,13,2,4,0.23183925811437403,0.18923327895595432
kvzap-predictor-trace-20260817T122012Z::builtin_summarization_trace,kvzap-predictor-trace-20260817T122012Z,builtin_summarization_trace,13,2,5,0.20314547837483618,0.0
kvzap-predictor-trace-20260817T122012Z::builtin_summarization_trace,kvzap-predictor-trace-20260817T122012Z,builtin_summarization_trace,13,2,6,0.20639147802929428,0.019736842105263157
kvzap-predictor-trace-20260817T122012Z::builtin_summarization_trace,kvzap-predictor-trace-20260817T122012Z,builtin_summarization_trace,13,2,7,0.0,0.7968545216251638
kvzap-predictor-trace-20260817T122012Z::builtin_summarization_trace,kvzap-predictor-trace-20260817T122012Z,builtin_summarization_trace,13,3,4,0.12808641975308643,0.16911764705882354
kvzap-predictor-trace-20260817T122012Z::builtin_summarization_trace,kvzap-predictor-trace-20260817T122012Z,builtin_summarization_trace,13,3,5,0.11664482306684142,0.0
kvzap-predictor-trace-20260817T122012Z::builtin_summarization_trace,kvzap-predictor-trace-20260817T122012Z,builtin_summarization_trace,13,3,6,0.1111111111111111,0.010309278350515464
kvzap-predictor-trace-20260817T122012Z::builtin_summarization_trace,kvzap-predictor-trace-20260817T122012Z,builtin_summarization_trace,13,3,7,0.0,0.8833551769331586
kvzap-predictor-trace-20260817T122012Z::builtin_summarization_trace,kvzap-predictor-trace-20260817T122012Z,builtin_summarization_trace,13,4,5,0.8414154652686763,0.0
kvzap-predictor-trace-20260817T122012Z::builtin_summarization_trace,kvzap-predictor-trace-20260817T122012Z,builtin_summarization_trace,13,4,6,0.8548601864181092,0.09917355371900827
kvzap-predictor-trace-20260817T122012Z::builtin_summarization_trace,kvzap-predictor-trace-20260817T122012Z,builtin_summarization_trace,13,4,7,0.0,0.15858453473132372
kvzap-predictor-trace-20260817T122012Z::builtin_summarization_trace,kvzap-predictor-trace-20260817T122012Z,builtin_summarization_trace,13,5,6,0.9842726081258192,0.0
kvzap-predictor-trace-20260817T122012Z::builtin_summarization_trace,kvzap-predictor-trace-20260817T122012Z,builtin_summarization_trace,13,5,7,0.0,0.0
kvzap-predictor-trace-20260817T122012Z::builtin_summarization_trace,kvzap-predictor-trace-20260817T122012Z,builtin_summarization_trace,13,6,7,0.0,0.015727391874180863
kvzap-predictor-trace-20260817T122012Z::builtin_summarization_trace,kvzap-predictor-trace-20260817T122012Z,builtin_summarization_trace,14,0,1,0.916010498687664,0.015384615384615385
kvzap-predictor-trace-20260817T122012Z::builtin_summarization_trace,kvzap-predictor-trace-20260817T122012Z,builtin_summarization_trace,14,0,2,0.994750656167979,0.2
kvzap-predictor-trace-20260817T122012Z::builtin_summarization_trace,kvzap-predictor-trace-20260817T122012Z,builtin_summarization_trace,14,0,3,0.7375328083989501,0.004975124378109453
kvzap-predictor-trace-20260817T122012Z::builtin_summarization_trace,kvzap-predictor-trace-20260817T122012Z,builtin_summarization_trace,14,0,4,0.9658792650918635,0.037037037037037035
kvzap-predictor-trace-20260817T122012Z::builtin_summarization_trace,kvzap-predictor-trace-20260817T122012Z,builtin_summarization_trace,14,0,5,1.0,1.0
kvzap-predictor-trace-20260817T122012Z::builtin_summarization_trace,kvzap-predictor-trace-20260817T122012Z,builtin_summarization_trace,14,0,6,0.9488188976377953,0.025
kvzap-predictor-trace-20260817T122012Z::builtin_summarization_trace,kvzap-predictor-trace-20260817T122012Z,builtin_summarization_trace,14,0,7,0.9973753280839895,0.3333333333333333
kvzap-predictor-trace-20260817T122012Z::builtin_summarization_trace,kvzap-predictor-trace-20260817T122012Z,builtin_summarization_trace,14,1,2,0.920844327176781,0.07692307692307693
kvzap-predictor-trace-20260817T122012Z::builtin_summarization_trace,kvzap-predictor-trace-20260817T122012Z,builtin_summarization_trace,14,1,3,0.7897727272727273,0.28502415458937197
kvzap-predictor-trace-20260817T122012Z::builtin_summarization_trace,kvzap-predictor-trace-20260817T122012Z,builtin_summarization_trace,14,1,4,0.9274193548387096,0.2602739726027397
kvzap-predictor-trace-20260817T122012Z::builtin_summarization_trace,kvzap-predictor-trace-20260817T122012Z,builtin_summarization_trace,14,1,5,0.916010498687664,0.015384615384615385
kvzap-predictor-trace-20260817T122012Z::builtin_summarization_trace,kvzap-predictor-trace-20260817T122012Z,builtin_summarization_trace,14,1,6,0.9412568306010929,0.4189189189189189
kvzap-predictor-trace-20260817T122012Z::builtin_summarization_trace,kvzap-predictor-trace-20260817T122012Z,builtin_summarization_trace,14,1,7,0.9133858267716536,0.014925373134328358
kvzap-predictor-trace-20260817T122012Z::builtin_summarization_trace,kvzap-predictor-trace-20260817T122012Z,builtin_summarization_trace,14,2,3,0.7391304347826086,0.019801980198019802
kvzap-predictor-trace-20260817T122012Z::builtin_summarization_trace,kvzap-predictor-trace-20260817T122012Z,builtin_summarization_trace,14,2,4,0.9632063074901446,0.06666666666666667
kvzap-predictor-trace-20260817T122012Z::builtin_summarization_trace,kvzap-predictor-trace-20260817T122012Z,builtin_summarization_trace,14,2,5,0.994750656167979,0.2
kvzap-predictor-trace-20260817T122012Z::builtin_summarization_trace,kvzap-predictor-trace-20260817T122012Z,builtin_summarization_trace,14,2,6,0.9486842105263158,0.07142857142857142
kvzap-predictor-trace-20260817T122012Z::builtin_summarization_trace,kvzap-predictor-trace-20260817T122012Z,builtin_summarization_trace,14,2,7,0.9921259842519685,0.14285714285714285
kvzap-predictor-trace-20260817T122012Z::builtin_summarization_trace,kvzap-predictor-trace-20260817T122012Z,builtin_summarization_trace,14,3,4,0.746971736204576,0.09615384615384616
kvzap-predictor-trace-20260817T122012Z::builtin_summarization_trace,kvzap-predictor-trace-20260817T122012Z,builtin_summarization_trace,14,3,5,0.7375328083989501,0.004975124378109453
kvzap-predictor-trace-20260817T122012Z::builtin_summarization_trace,kvzap-predictor-trace-20260817T122012Z,builtin_summarization_trace,14,3,6,0.7773167358229599,0.19900497512437812
kvzap-predictor-trace-20260817T122012Z::builtin_summarization_trace,kvzap-predictor-trace-20260817T122012Z,builtin_summarization_trace,14,3,7,0.7349081364829396,0.0049261083743842365
kvzap-predictor-trace-20260817T122012Z::builtin_summarization_trace,kvzap-predictor-trace-20260817T122012Z,builtin_summarization_trace,14,4,5,0.9658792650918635,0.037037037037037035
kvzap-predictor-trace-20260817T122012Z::builtin_summarization_trace,kvzap-predictor-trace-20260817T122012Z,builtin_summarization_trace,14,4,6,0.9479305740987984,0.2641509433962264
kvzap-predictor-trace-20260817T122012Z::builtin_summarization_trace,kvzap-predictor-trace-20260817T122012Z,builtin_summarization_trace,14,4,7,0.968421052631579,0.1111111111111111
kvzap-predictor-trace-20260817T122012Z::builtin_summarization_trace,kvzap-predictor-trace-20260817T122012Z,builtin_summarization_trace,14,5,6,0.9488188976377953,0.025
kvzap-predictor-trace-20260817T122012Z::builtin_summarization_trace,kvzap-predictor-trace-20260817T122012Z,builtin_summarization_trace,14,5,7,0.9973753280839895,0.3333333333333333
kvzap-predictor-trace-20260817T122012Z::builtin_summarization_trace,kvzap-predictor-trace-20260817T122012Z,builtin_summarization_trace,14,6,7,0.9461942257217848,0.023809523809523808
kvzap-predictor-trace-20260817T122012Z::builtin_summarization_trace,kvzap-predictor-trace-20260817T122012Z,builtin_summarization_trace,15,0,1,0.8370165745856354,0.2484076433121019
kvzap-predictor-trace-20260817T122012Z::builtin_summarization_trace,kvzap-predictor-trace-20260817T122012Z,builtin_summarization_trace,15,0,2,0.2175732217573222,0.0757825370675453
kvzap-predictor-trace-20260817T122012Z::builtin_summarization_trace,kvzap-predictor-trace-20260817T122012Z,builtin_summarization_trace,15,0,3,0.7425474254742548,0.11627906976744186
kvzap-predictor-trace-20260817T122012Z::builtin_summarization_trace,kvzap-predictor-trace-20260817T122012Z,builtin_summarization_trace,15,0,4,0.9411764705882353,0.2542372881355932
kvzap-predictor-trace-20260817T122012Z::builtin_summarization_trace,kvzap-predictor-trace-20260817T122012Z,builtin_summarization_trace,15,0,5,0.9409448818897638,0.021739130434782608
kvzap-predictor-trace-20260817T122012Z::builtin_summarization_trace,kvzap-predictor-trace-20260817T122012Z,builtin_summarization_trace,15,0,6,0.9409448818897638,0.021739130434782608
kvzap-predictor-trace-20260817T122012Z::builtin_summarization_trace,kvzap-predictor-trace-20260817T122012Z,builtin_summarization_trace,15,0,7,0.8689655172413793,0.2857142857142857
kvzap-predictor-trace-20260817T122012Z::builtin_summarization_trace,kvzap-predictor-trace-20260817T122012Z,builtin_summarization_trace,15,1,2,0.23237179487179488,0.22491909385113268
kvzap-predictor-trace-20260817T122012Z::builtin_summarization_trace,kvzap-predictor-trace-20260817T122012Z,builtin_summarization_trace,15,1,3,0.73568281938326,0.31297709923664124
kvzap-predictor-trace-20260817T122012Z::builtin_summarization_trace,kvzap-predictor-trace-20260817T122012Z,builtin_summarization_trace,15,1,4,0.8240866035182679,0.15584415584415584
kvzap-predictor-trace-20260817T122012Z::builtin_summarization_trace,kvzap-predictor-trace-20260817T122012Z,builtin_summarization_trace,15,1,5,0.8044619422572179,0.006666666666666667
kvzap-predictor-trace-20260817T122012Z::builtin_summarization_trace,kvzap-predictor-trace-20260817T122012Z,builtin_summarization_trace,15,1,6,0.8044619422572179,0.006666666666666667
kvzap-predictor-trace-20260817T122012Z::builtin_summarization_trace,kvzap-predictor-trace-20260817T122012Z,builtin_summarization_trace,15,1,7,0.8699551569506726,0.5193370165745856
kvzap-predictor-trace-20260817T122012Z::builtin_summarization_trace,kvzap-predictor-trace-20260817T122012Z,builtin_summarization_trace,15,2,3,0.2719298245614035,0.31743421052631576
kvzap-predictor-trace-20260817T122012Z::builtin_summarization_trace,kvzap-predictor-trace-20260817T122012Z,builtin_summarization_trace,15,2,4,0.21224489795918366,0.04612850082372323
kvzap-predictor-trace-20260817T122012Z::builtin_summarization_trace,kvzap-predictor-trace-20260817T122012Z,builtin_summarization_trace,15,2,5,0.2047244094488189,0.0016474464579901153
kvzap-predictor-trace-20260817T122012Z::builtin_summarization_trace,kvzap-predictor-trace-20260817T122012Z,builtin_summarization_trace,15,2,6,0.2047244094488189,0.0016474464579901153
kvzap-predictor-trace-20260817T122012Z::builtin_summarization_trace,kvzap-predictor-trace-20260817T122012Z,builtin_summarization_trace,15,2,7,0.240625,0.2019704433497537
kvzap-predictor-trace-20260817T122012Z::builtin_summarization_trace,kvzap-predictor-trace-20260817T122012Z,builtin_summarization_trace,15,3,4,0.7456492637215528,0.07766990291262135
kvzap-predictor-trace-20260817T122012Z::builtin_summarization_trace,kvzap-predictor-trace-20260817T122012Z,builtin_summarization_trace,15,3,5,0.7467191601049868,0.005154639175257732
kvzap-predictor-trace-20260817T122012Z::builtin_summarization_trace,kvzap-predictor-trace-20260817T122012Z,builtin_summarization_trace,15,3,6,0.7467191601049868,0.005154639175257732
kvzap-predictor-trace-20260817T122012Z::builtin_summarization_trace,kvzap-predictor-trace-20260817T122012Z,builtin_summarization_trace,15,3,7,0.7646198830409356,0.32916666666666666
kvzap-predictor-trace-20260817T122012Z::builtin_summarization_trace,kvzap-predictor-trace-20260817T122012Z,builtin_summarization_trace,15,4,5,0.9645669291338582,0.03571428571428571
kvzap-predictor-trace-20260817T122012Z::builtin_summarization_trace,kvzap-predictor-trace-20260817T122012Z,builtin_summarization_trace,15,4,6,0.9645669291338582,0.03571428571428571
kvzap-predictor-trace-20260817T122012Z::builtin_summarization_trace,kvzap-predictor-trace-20260817T122012Z,builtin_summarization_trace,15,4,7,0.8554054054054054,0.17692307692307693
kvzap-predictor-trace-20260817T122012Z::builtin_summarization_trace,kvzap-predictor-trace-20260817T122012Z,builtin_summarization_trace,15,5,6,1.0,1.0
kvzap-predictor-trace-20260817T122012Z::builtin_summarization_trace,kvzap-predictor-trace-20260817T122012Z,builtin_summarization_trace,15,5,7,0.8372703412073491,0.008
kvzap-predictor-trace-20260817T122012Z::builtin_summarization_trace,kvzap-predictor-trace-20260817T122012Z,builtin_summarization_trace,15,6,7,0.8372703412073491,0.008
kvzap-predictor-trace-20260817T122012Z::builtin_summarization_trace,kvzap-predictor-trace-20260817T122012Z,builtin_summarization_trace,16,0,1,0.9261744966442953,0.2465753424657534
kvzap-predictor-trace-20260817T122012Z::builtin_summarization_trace,kvzap-predictor-trace-20260817T122012Z,builtin_summarization_trace,16,0,2,0.9289473684210526,0.05263157894736842
kvzap-predictor-trace-20260817T122012Z::builtin_summarization_trace,kvzap-predictor-trace-20260817T122012Z,builtin_summarization_trace,16,0,3,0.930939226519337,0.43820224719101125
kvzap-predictor-trace-20260817T122012Z::builtin_summarization_trace,kvzap-predictor-trace-20260817T122012Z,builtin_summarization_trace,16,0,4,0.9140211640211641,0.09722222222222222
kvzap-predictor-trace-20260817T122012Z::builtin_summarization_trace,kvzap-predictor-trace-20260817T122012Z,builtin_summarization_trace,16,0,5,0.29178470254957506,0.10233393177737882
kvzap-predictor-trace-20260817T122012Z::builtin_summarization_trace,kvzap-predictor-trace-20260817T122012Z,builtin_summarization_trace,16,0,6,0.9223684210526316,0.04838709677419355
kvzap-predictor-trace-20260817T122012Z::builtin_summarization_trace,kvzap-predictor-trace-20260817T122012Z,builtin_summarization_trace,16,0,7,0.9219380888290714,0.2564102564102564
kvzap-predictor-trace-20260817T122012Z::builtin_summarization_trace,kvzap-predictor-trace-20260817T122012Z,builtin_summarization_trace,16,1,2,0.9592105263157895,0.08823529411764706
kvzap-predictor-trace-20260817T122012Z::builtin_summarization_trace,kvzap-predictor-trace-20260817T122012Z,builtin_summarization_trace,16,1,3,0.9048257372654156,0.19318181818181818
kvzap-predictor-trace-20260817T122012Z::builtin_summarization_trace,kvzap-predictor-trace-20260817T122012Z,builtin_summarization_trace,16,1,4,0.9470198675496688,0.16666666666666666
kvzap-predictor-trace-20260817T122012Z::builtin_summarization_trace,kvzap-predictor-trace-20260817T122012Z,builtin_summarization_trace,16,1,5,0.2669376693766938,0.044169611307420496
kvzap-predictor-trace-20260817T122012Z::builtin_summarization_trace,kvzap-predictor-trace-20260817T122012Z,builtin_summarization_trace,16,1,6,0.9577836411609498,0.13513513513513514
kvzap-predictor-trace-20260817T122012Z::builtin_summarization_trace,kvzap-predictor-trace-20260817T122012Z,builtin_summarization_trace,16,1,7,0.9502688172043011,0.3392857142857143
kvzap-predictor-trace-20260817T122012Z::builtin_summarization_trace,kvzap-predictor-trace-20260817T122012Z,builtin_summarization_trace,16,2,3,0.9105263157894737,0.04225352112676056
kvzap-predictor-trace-20260817T122012Z::builtin_summarization_trace,kvzap-predictor-trace-20260817T122012Z,builtin_summarization_trace,16,2,4,0.9724047306176085,0.08695652173913043
kvzap-predictor-trace-20260817T122012Z::builtin_summarization_trace,kvzap-predictor-trace-20260817T122012Z,builtin_summarization_trace,16,2,5,0.2710526315789474,0.005385996409335727
kvzap-predictor-trace-20260817T122012Z::builtin_summarization_trace,kvzap-predictor-trace-20260817T122012Z,builtin_summarization_trace,16,2,6,0.9908015768725361,0.2222222222222222
kvzap-predictor-trace-20260817T122012Z::builtin_summarization_trace,kvzap-predictor-trace-20260817T122012Z,builtin_summarization_trace,16,2,7,0.95,0.07317073170731707
kvzap-predictor-trace-20260817T122012Z::builtin_summarization_trace,kvzap-predictor-trace-20260817T122012Z,builtin_summarization_trace,16,3,4,0.8955026455026455,0.08139534883720931
kvzap-predictor-trace-20260817T122012Z::builtin_summarization_trace,kvzap-predictor-trace-20260817T122012Z,builtin_summarization_trace,16,3,5,0.2920863309352518,0.12142857142857143
kvzap-predictor-trace-20260817T122012Z::builtin_summarization_trace,kvzap-predictor-trace-20260817T122012Z,builtin_summarization_trace,16,3,6,0.9039473684210526,0.039473684210526314
kvzap-predictor-trace-20260817T122012Z::builtin_summarization_trace,kvzap-predictor-trace-20260817T122012Z,builtin_summarization_trace,16,3,7,0.9030955585464334,0.21739130434782608
kvzap-predictor-trace-20260817T122012Z::builtin_summarization_trace,kvzap-predictor-trace-20260817T122012Z,builtin_summarization_trace,16,4,5,0.25763612217795484,0.01757469244288225
kvzap-predictor-trace-20260817T122012Z::builtin_summarization_trace,kvzap-predictor-trace-20260817T122012Z,builtin_summarization_trace,16,4,6,0.9762219286657859,0.25
kvzap-predictor-trace-20260817T122012Z::builtin_summarization_trace,kvzap-predictor-trace-20260817T122012Z,builtin_summarization_trace,16,4,7,0.9663978494623656,0.4318181818181818
kvzap-predictor-trace-20260817T122012Z::builtin_summarization_trace,kvzap-predictor-trace-20260817T122012Z,builtin_summarization_trace,16,5,6,0.2644736842105263,0.005338078291814947
kvzap-predictor-trace-20260817T122012Z::builtin_summarization_trace,kvzap-predictor-trace-20260817T122012Z,builtin_summarization_trace,16,5,7,0.2660300136425648,0.0528169014084507
kvzap-predictor-trace-20260817T122012Z::builtin_summarization_trace,kvzap-predictor-trace-20260817T122012Z,builtin_summarization_trace,16,6,7,0.9562913907284768,0.1951219512195122
kvzap-predictor-trace-20260817T122012Z::builtin_summarization_trace,kvzap-predictor-trace-20260817T122012Z,builtin_summarization_trace,17,0,1,0.7310469314079422,0.5837988826815642
kvzap-predictor-trace-20260817T122012Z::builtin_summarization_trace,kvzap-predictor-trace-20260817T122012Z,builtin_summarization_trace,17,0,2,0.7032520325203252,0.10245901639344263
kvzap-predictor-trace-20260817T122012Z::builtin_summarization_trace,kvzap-predictor-trace-20260817T122012Z,builtin_summarization_trace,17,0,3,0.7084548104956269,0.2779783393501805
kvzap-predictor-trace-20260817T122012Z::builtin_summarization_trace,kvzap-predictor-trace-20260817T122012Z,builtin_summarization_trace,17,0,4,0.7026279391424619,0.1568627450980392
kvzap-predictor-trace-20260817T122012Z::builtin_summarization_trace,kvzap-predictor-trace-20260817T122012Z,builtin_summarization_trace,17,0,5,0.7451612903225806,0.4750830564784053
kvzap-predictor-trace-20260817T122012Z::builtin_summarization_trace,kvzap-predictor-trace-20260817T122012Z,builtin_summarization_trace,17,0,6,0.7128874388254486,0.4601226993865031
kvzap-predictor-trace-20260817T122012Z::builtin_summarization_trace,kvzap-predictor-trace-20260817T122012Z,builtin_summarization_trace,17,0,7,0.6981627296587927,0.004329004329004329
kvzap-predictor-trace-20260817T122012Z::builtin_summarization_trace,kvzap-predictor-trace-20260817T122012Z,builtin_summarization_trace,17,1,2,0.5862068965517241,0.11242603550295859
kvzap-predictor-trace-20260817T122012Z::builtin_summarization_trace,kvzap-predictor-trace-20260817T122012Z,builtin_summarization_trace,17,1,3,0.6537267080745341,0.347953216374269
kvzap-predictor-trace-20260817T122012Z::builtin_summarization_trace,kvzap-predictor-trace-20260817T122012Z,builtin_summarization_trace,17,1,4,0.6103151862464183,0.19287833827893175
kvzap-predictor-trace-20260817T122012Z::builtin_summarization_trace,kvzap-predictor-trace-20260817T122012Z,builtin_summarization_trace,17,1,5,0.7287234042553191,0.5653409090909091
kvzap-predictor-trace-20260817T122012Z::builtin_summarization_trace,kvzap-predictor-trace-20260817T122012Z,builtin_summarization_trace,17,1,6,0.782608695652174,0.670487106017192
kvzap-predictor-trace-20260817T122012Z::builtin_summarization_trace,kvzap-predictor-trace-20260817T122012Z,builtin_summarization_trace,17,1,7,0.5577427821522309,0.0029585798816568047
kvzap-predictor-trace-20260817T122012Z::builtin_summarization_trace,kvzap-predictor-trace-20260817T122012Z,builtin_summarization_trace,17,2,3,0.8468834688346883,0.18115942028985507
kvzap-predictor-trace-20260817T122012Z::builtin_summarization_trace,kvzap-predictor-trace-20260817T122012Z,builtin_summarization_trace,17,2,4,0.9346938775510204,0.3684210526315789
kvzap-predictor-trace-20260817T122012Z::builtin_summarization_trace,kvzap-predictor-trace-20260817T122012Z,builtin_summarization_trace,17,2,5,0.7582872928176796,0.1822429906542056
kvzap-predictor-trace-20260817T122012Z::builtin_summarization_trace,kvzap-predictor-trace-20260817T122012Z,builtin_summarization_trace,17,2,6,0.7117241379310345,0.15384615384615385
kvzap-predictor-trace-20260817T122012Z::builtin_summarization_trace,kvzap-predictor-trace-20260817T122012Z,builtin_summarization_trace,17,2,7,0.9488188976377953,0.025
kvzap-predictor-trace-20260817T122012Z::builtin_summarization_trace,kvzap-predictor-trace-20260817T122012Z,builtin_summarization_trace,17,3,4,0.8725490196078431,0.35
kvzap-predictor-trace-20260817T122012Z::builtin_summarization_trace,kvzap-predictor-trace-20260817T122012Z,builtin_summarization_trace,17,3,5,0.8276923076923077,0.5022222222222222
kvzap-predictor-trace-20260817T122012Z::builtin_summarization_trace,kvzap-predictor-trace-20260817T122012Z,builtin_summarization_trace,17,3,6,0.7867078825347759,0.4566929133858268
kvzap-predictor-trace-20260817T122012Z::builtin_summarization_trace,kvzap-predictor-trace-20260817T122012Z,builtin_summarization_trace,17,3,7,0.8396846254927727,0.016129032258064516
kvzap-predictor-trace-20260817T122012Z::builtin_summarization_trace,kvzap-predictor-trace-20260817T122012Z,builtin_summarization_trace,17,4,5,0.7713068181818182,0.2681818181818182
kvzap-predictor-trace-20260817T122012Z::builtin_summarization_trace,kvzap-predictor-trace-20260817T122012Z,builtin_summarization_trace,17,4,6,0.7406876790830945,0.26422764227642276
kvzap-predictor-trace-20260817T122012Z::builtin_summarization_trace,kvzap-predictor-trace-20260817T122012Z,builtin_summarization_trace,17,4,7,0.9146981627296588,0.015151515151515152
kvzap-predictor-trace-20260817T122012Z::builtin_summarization_trace,kvzap-predictor-trace-20260817T122012Z,builtin_summarization_trace,17,5,6,0.8603839441535777,0.7037037037037037
kvzap-predictor-trace-20260817T122012Z::builtin_summarization_trace,kvzap-predictor-trace-20260817T122012Z,builtin_summarization_trace,17,5,7,0.7191601049868767,0.004651162790697674
kvzap-predictor-trace-20260817T122012Z::builtin_summarization_trace,kvzap-predictor-trace-20260817T122012Z,builtin_summarization_trace,17,6,7,0.6771653543307087,0.004048582995951417
kvzap-predictor-trace-20260817T122012Z::builtin_summarization_trace,kvzap-predictor-trace-20260817T122012Z,builtin_summarization_trace,18,0,1,0.8722002635046113,0.039603960396039604
kvzap-predictor-trace-20260817T122012Z::builtin_summarization_trace,kvzap-predictor-trace-20260817T122012Z,builtin_summarization_trace,18,0,2,0.9276315789473685,0.05172413793103448
kvzap-predictor-trace-20260817T122012Z::builtin_summarization_trace,kvzap-predictor-trace-20260817T122012Z,builtin_summarization_trace,18,0,3,0.5052770448548812,0.013157894736842105
kvzap-predictor-trace-20260817T122012Z::builtin_summarization_trace,kvzap-predictor-trace-20260817T122012Z,builtin_summarization_trace,18,0,4,0.8102766798418972,0.02702702702702703
kvzap-predictor-trace-20260817T122012Z::builtin_summarization_trace,kvzap-predictor-trace-20260817T122012Z,builtin_summarization_trace,18,0,5,0.8194993412384717,0.028368794326241134
kvzap-predictor-trace-20260817T122012Z::builtin_summarization_trace,kvzap-predictor-trace-20260817T122012Z,builtin_summarization_trace,18,0,6,0.9156785243741765,0.058823529411764705
kvzap-predictor-trace-20260817T122012Z::builtin_summarization_trace,kvzap-predictor-trace-20260817T122012Z,builtin_summarization_trace,18,0,7,0.9617414248021108,0.14705882352941177
kvzap-predictor-trace-20260817T122012Z::builtin_summarization_trace,kvzap-predictor-trace-20260817T122012Z,builtin_summarization_trace,18,1,2,0.9027777777777778,0.3805309734513274
kvzap-predictor-trace-20260817T122012Z::builtin_summarization_trace,kvzap-predictor-trace-20260817T122012Z,builtin_summarization_trace,18,1,3,0.5776772247360482,0.2631578947368421
kvzap-predictor-trace-20260817T122012Z::builtin_summarization_trace,kvzap-predictor-trace-20260817T122012Z,builtin_summarization_trace,18,1,4,0.8920118343195266,0.54375
kvzap-predictor-trace-20260817T122012Z::builtin_summarization_trace,kvzap-predictor-trace-20260817T122012Z,builtin_summarization_trace,18,1,5,0.8883994126284875,0.5189873417721519
kvzap-predictor-trace-20260817T122012Z::builtin_summarization_trace,kvzap-predictor-trace-20260817T122012Z,builtin_summarization_trace,18,1,6,0.9222065063649222,0.5045045045045045
kvzap-predictor-trace-20260817T122012Z::builtin_summarization_trace,kvzap-predictor-trace-20260817T122012Z,builtin_summarization_trace,18,1,7,0.8861788617886179,0.22935779816513763
kvzap-predictor-trace-20260817T122012Z::builtin_summarization_trace,kvzap-predictor-trace-20260817T122012Z,builtin_summarization_trace,18,2,3,0.53954802259887,0.14435695538057744
kvzap-predictor-trace-20260817T122012Z::builtin_summarization_trace,kvzap-predictor-trace-20260817T122012Z,builtin_summarization_trace,18,2,4,0.8529411764705882,0.3181818181818182
kvzap-predictor-trace-20260817T122012Z::builtin_summarization_trace,kvzap-predictor-trace-20260817T122012Z,builtin_summarization_trace,18,2,5,0.8601398601398601,0.32432432432432434
kvzap-predictor-trace-20260817T122012Z::builtin_summarization_trace,kvzap-predictor-trace-20260817T122012Z,builtin_summarization_trace,18,2,6,0.9351724137931035,0.4470588235294118
kvzap-predictor-trace-20260817T122012Z::builtin_summarization_trace,kvzap-predictor-trace-20260817T122012Z,builtin_summarization_trace,18,2,7,0.9327052489905787,0.2857142857142857
kvzap-predictor-trace-20260817T122012Z::builtin_summarization_trace,kvzap-predictor-trace-20260817T122012Z,builtin_summarization_trace,18,3,4,0.6138933764135702,0.37597911227154046
kvzap-predictor-trace-20260817T122012Z::builtin_summarization_trace,kvzap-predictor-trace-20260817T122012Z,builtin_summarization_trace,18,3,5,0.6019108280254777,0.35064935064935066
kvzap-predictor-trace-20260817T122012Z::builtin_summarization_trace,kvzap-predictor-trace-20260817T122012Z,builtin_summarization_trace,18,3,6,0.5502873563218391,0.1763157894736842
kvzap-predictor-trace-20260817T122012Z::builtin_summarization_trace,kvzap-predictor-trace-20260817T122012Z,builtin_summarization_trace,18,3,7,0.5253772290809328,0.08947368421052632
kvzap-predictor-trace-20260817T122012Z::builtin_summarization_trace,kvzap-predictor-trace-20260817T122012Z,builtin_summarization_trace,18,4,5,0.8801213960546282,0.5683060109289617
kvzap-predictor-trace-20260817T122012Z::builtin_summarization_trace,kvzap-predictor-trace-20260817T122012Z,builtin_summarization_trace,18,4,6,0.8796561604584527,0.436241610738255
kvzap-predictor-trace-20260817T122012Z::builtin_summarization_trace,kvzap-predictor-trace-20260817T122012Z,builtin_summarization_trace,18,4,7,0.832425068119891,0.19078947368421054
kvzap-predictor-trace-20260817T122012Z::builtin_summarization_trace,kvzap-predictor-trace-20260817T122012Z,builtin_summarization_trace,18,5,6,0.8551336146272855,0.33548387096774196
kvzap-predictor-trace-20260817T122012Z::builtin_summarization_trace,kvzap-predictor-trace-20260817T122012Z,builtin_summarization_trace,18,5,7,0.827027027027027,0.152317880794702
kvzap-predictor-trace-20260817T122012Z::builtin_summarization_trace,kvzap-predictor-trace-20260817T122012Z,builtin_summarization_trace,18,6,7,0.9387755102040817,0.3835616438356164
kvzap-predictor-trace-20260817T122012Z::builtin_summarization_trace,kvzap-predictor-trace-20260817T122012Z,builtin_summarization_trace,19,0,1,0.9409448818897638,0.021739130434782608
kvzap-predictor-trace-20260817T122012Z::builtin_summarization_trace,kvzap-predictor-trace-20260817T122012Z,builtin_summarization_trace,19,0,2,0.9506008010680908,0.27450980392156865
kvzap-predictor-trace-20260817T122012Z::builtin_summarization_trace,kvzap-predictor-trace-20260817T122012Z,builtin_summarization_trace,19,0,3,0.7853185595567868,0.20918367346938777
kvzap-predictor-trace-20260817T122012Z::builtin_summarization_trace,kvzap-predictor-trace-20260817T122012Z,builtin_summarization_trace,19,0,4,0.9409448818897638,0.021739130434782608
kvzap-predictor-trace-20260817T122012Z::builtin_summarization_trace,kvzap-predictor-trace-20260817T122012Z,builtin_summarization_trace,19,0,5,0.9409448818897638,0.021739130434782608
kvzap-predictor-trace-20260817T122012Z::builtin_summarization_trace,kvzap-predictor-trace-20260817T122012Z,builtin_summarization_trace,19,0,6,0.2152777777777778,0.07072368421052631
kvzap-predictor-trace-20260817T122012Z::builtin_summarization_trace,kvzap-predictor-trace-20260817T122012Z,builtin_summarization_trace,19,0,7,0.9293478260869565,0.34177215189873417
kvzap-predictor-trace-20260817T122012Z::builtin_summarization_trace,kvzap-predictor-trace-20260817T122012Z,builtin_summarization_trace,19,1,2,0.9763779527559056,0.05263157894736842
kvzap-predictor-trace-20260817T122012Z::builtin_summarization_trace,kvzap-predictor-trace-20260817T122012Z,builtin_summarization_trace,19,1,3,0.7506561679790026,0.005235602094240838
kvzap-predictor-trace-20260817T122012Z::builtin_summarization_trace,kvzap-predictor-trace-20260817T122012Z,builtin_summarization_trace,19,1,4,1.0,1.0
kvzap-predictor-trace-20260817T122012Z::builtin_summarization_trace,kvzap-predictor-trace-20260817T122012Z,builtin_summarization_trace,19,1,5,1.0,1.0
kvzap-predictor-trace-20260817T122012Z::builtin_summarization_trace,kvzap-predictor-trace-20260817T122012Z,builtin_summarization_trace,19,1,6,0.2073490813648294,0.001652892561983471
kvzap-predictor-trace-20260817T122012Z::builtin_summarization_trace,kvzap-predictor-trace-20260817T122012Z,builtin_summarization_trace,19,1,7,0.9225721784776902,0.016666666666666666
kvzap-predictor-trace-20260817T122012Z::builtin_summarization_trace,kvzap-predictor-trace-20260817T122012Z,builtin_summarization_trace,19,2,3,0.7688172043010753,0.09947643979057591
kvzap-predictor-trace-20260817T122012Z::builtin_summarization_trace,kvzap-predictor-trace-20260817T122012Z,builtin_summarization_trace,19,2,4,0.9763779527559056,0.05263157894736842
kvzap-predictor-trace-20260817T122012Z::builtin_summarization_trace,kvzap-predictor-trace-20260817T122012Z,builtin_summarization_trace,19,2,5,0.9763779527559056,0.05263157894736842
kvzap-predictor-trace-20260817T122012Z::builtin_summarization_trace,kvzap-predictor-trace-20260817T122012Z,builtin_summarization_trace,19,2,6,0.21236559139784947,0.03140495867768595
kvzap-predictor-trace-20260817T122012Z::builtin_summarization_trace,kvzap-predictor-trace-20260817T122012Z,builtin_summarization_trace,19,2,7,0.9370816599732262,0.25396825396825395
kvzap-predictor-trace-20260817T122012Z::builtin_summarization_trace,kvzap-predictor-trace-20260817T122012Z,builtin_summarization_trace,19,3,4,0.7506561679790026,0.005235602094240838
kvzap-predictor-trace-20260817T122012Z::builtin_summarization_trace,kvzap-predictor-trace-20260817T122012Z,builtin_summarization_trace,19,3,5,0.7506561679790026,0.005235602094240838
kvzap-predictor-trace-20260817T122012Z::builtin_summarization_trace,kvzap-predictor-trace-20260817T122012Z,builtin_summarization_trace,19,3,6,0.2673611111111111,0.3070607553366174
kvzap-predictor-trace-20260817T122012Z::builtin_summarization_trace,kvzap-predictor-trace-20260817T122012Z,builtin_summarization_trace,19,3,7,0.8110795454545454,0.3072916666666667
kvzap-predictor-trace-20260817T122012Z::builtin_summarization_trace,kvzap-predictor-trace-20260817T122012Z,builtin_summarization_trace,19,4,5,1.0,1.0
kvzap-predictor-trace-20260817T122012Z::builtin_summarization_trace,kvzap-predictor-trace-20260817T122012Z,builtin_summarization_trace,19,4,6,0.2073490813648294,0.001652892561983471
kvzap-predictor-trace-20260817T122012Z::builtin_summarization_trace,kvzap-predictor-trace-20260817T122012Z,builtin_summarization_trace,19,4,7,0.9225721784776902,0.016666666666666666
kvzap-predictor-trace-20260817T122012Z::builtin_summarization_trace,kvzap-predictor-trace-20260817T122012Z,builtin_summarization_trace,19,5,6,0.2073490813648294,0.001652892561983471
kvzap-predictor-trace-20260817T122012Z::builtin_summarization_trace,kvzap-predictor-trace-20260817T122012Z,builtin_summarization_trace,19,5,7,0.9225721784776902,0.016666666666666666
kvzap-predictor-trace-20260817T122012Z::builtin_summarization_trace,kvzap-predictor-trace-20260817T122012Z,builtin_summarization_trace,19,6,7,0.22475106685633,0.09917355371900827
kvzap-predictor-trace-20260817T122012Z::builtin_summarization_trace,kvzap-predictor-trace-20260817T122012Z,builtin_summarization_trace,20,0,1,0.8528252299605782,0.017543859649122806
kvzap-predictor-trace-20260817T122012Z::builtin_summarization_trace,kvzap-predictor-trace-20260817T122012Z,builtin_summarization_trace,20,0,2,0.8605263157894737,0.027522935779816515
kvzap-predictor-trace-20260817T122012Z::builtin_summarization_trace,kvzap-predictor-trace-20260817T122012Z,builtin_summarization_trace,20,0,3,0.6552631578947369,0.011320754716981131
kvzap-predictor-trace-20260817T122012Z::builtin_summarization_trace,kvzap-predictor-trace-20260817T122012Z,builtin_summarization_trace,20,0,4,0.6934210526315789,0.012711864406779662
kvzap-predictor-trace-20260817T122012Z::builtin_summarization_trace,kvzap-predictor-trace-20260817T122012Z,builtin_summarization_trace,20,0,5,0.19553805774278216,0.0016286644951140066
kvzap-predictor-trace-20260817T122012Z::builtin_summarization_trace,kvzap-predictor-trace-20260817T122012Z,builtin_summarization_trace,20,0,6,0.28083989501312334,0.0018214936247723133
kvzap-predictor-trace-20260817T122012Z::builtin_summarization_trace,kvzap-predictor-trace-20260817T122012Z,builtin_summarization_trace,20,0,7,0.33377135348226017,0.003929273084479371
kvzap-predictor-trace-20260817T122012Z::builtin_summarization_trace,kvzap-predictor-trace-20260817T122012Z,builtin_summarization_trace,20,1,2,0.8681948424068768,0.4140127388535032
kvzap-predictor-trace-20260817T122012Z::builtin_summarization_trace,kvzap-predictor-trace-20260817T122012Z,builtin_summarization_trace,20,1,3,0.7446808510638298,0.38461538461538464
kvzap-predictor-trace-20260817T122012Z::builtin_summarization_trace,kvzap-predictor-trace-20260817T122012Z,builtin_summarization_trace,20,1,4,0.8052147239263804,0.46638655462184875
kvzap-predictor-trace-20260817T122012Z::builtin_summarization_trace,kvzap-predictor-trace-20260817T122012Z,builtin_summarization_trace,20,1,5,0.21732522796352582,0.1693548387096774
kvzap-predictor-trace-20260817T122012Z::builtin_summarization_trace,kvzap-predictor-trace-20260817T122012Z,builtin_summarization_trace,20,1,6,0.3161094224924012,0.1891891891891892
kvzap-predictor-trace-20260817T122012Z::builtin_summarization_trace,kvzap-predictor-trace-20260817T122012Z,builtin_summarization_trace,20,1,7,0.3691376701966717,0.19653179190751446
kvzap-predictor-trace-20260817T122012Z::builtin_summarization_trace,kvzap-predictor-trace-20260817T122012Z,builtin_summarization_trace,20,2,3,0.6891495601173021,0.2764505119453925
kvzap-predictor-trace-20260817T122012Z::builtin_summarization_trace,kvzap-predictor-trace-20260817T122012Z,builtin_summarization_trace,20,2,4,0.7732732732732732,0.3911290322580645
kvzap-predictor-trace-20260817T122012Z::builtin_summarization_trace,kvzap-predictor-trace-20260817T122012Z,builtin_summarization_trace,20,2,5,0.17690058479532164,0.12305295950155763
kvzap-predictor-trace-20260817T122012Z::builtin_summarization_trace,kvzap-predictor-trace-20260817T122012Z,builtin_summarization_trace,20,2,6,0.28888888888888886,0.15492957746478872
kvzap-predictor-trace-20260817T122012Z::builtin_summarization_trace,kvzap-predictor-trace-20260817T122012Z,builtin_summarization_trace,20,2,7,0.32894736842105265,0.14684014869888476
kvzap-predictor-trace-20260817T122012Z::builtin_summarization_trace,kvzap-predictor-trace-20260817T122012Z,builtin_summarization_trace,20,3,4,0.7950963222416813,0.6213592233009708
kvzap-predictor-trace-20260817T122012Z::builtin_summarization_trace,kvzap-predictor-trace-20260817T122012Z,builtin_summarization_trace,20,3,5,0.275049115913556,0.40770465489566615
kvzap-predictor-trace-20260817T122012Z::builtin_summarization_trace,kvzap-predictor-trace-20260817T122012Z,builtin_summarization_trace,20,3,6,0.3652007648183556,0.4195804195804196
kvzap-predictor-trace-20260817T122012Z::builtin_summarization_trace,kvzap-predictor-trace-20260817T122012Z,builtin_summarization_trace,20,3,7,0.4649805447470817,0.4751908396946565
kvzap-predictor-trace-20260817T122012Z::builtin_summarization_trace,kvzap-predictor-trace-20260817T122012Z,builtin_summarization_trace,20,4,5,0.21942446043165467,0.32293291731669266
kvzap-predictor-trace-20260817T122012Z::builtin_summarization_trace,kvzap-predictor-trace-20260817T122012Z,builtin_summarization_trace,20,4,6,0.3435804701627486,0.36649214659685864
kvzap-predictor-trace-20260817T122012Z::builtin_summarization_trace,kvzap-predictor-trace-20260817T122012Z,builtin_summarization_trace,20,4,7,0.40394973070017953,0.3828996282527881
kvzap-predictor-trace-20260817T122012Z::builtin_summarization_trace,kvzap-predictor-trace-20260817T122012Z,builtin_summarization_trace,20,5,6,0.42248062015503873,0.77217125382263
kvzap-predictor-trace-20260817T122012Z::builtin_summarization_trace,kvzap-predictor-trace-20260817T122012Z,builtin_summarization_trace,20,5,7,0.5263157894736842,0.797752808988764
kvzap-predictor-trace-20260817T122012Z::builtin_summarization_trace,kvzap-predictor-trace-20260817T122012Z,builtin_summarization_trace,20,6,7,0.3652173913043478,0.6562009419152276
kvzap-predictor-trace-20260817T122012Z::builtin_summarization_trace,kvzap-predictor-trace-20260817T122012Z,builtin_summarization_trace,21,0,1,0.8136482939632546,0.006993006993006993
kvzap-predictor-trace-20260817T122012Z::builtin_summarization_trace,kvzap-predictor-trace-20260817T122012Z,builtin_summarization_trace,21,0,2,0.5065616797900262,0.002652519893899204
kvzap-predictor-trace-20260817T122012Z::builtin_summarization_trace,kvzap-predictor-trace-20260817T122012Z,builtin_summarization_trace,21,0,3,0.9973753280839895,0.3333333333333333
kvzap-predictor-trace-20260817T122012Z::builtin_summarization_trace,kvzap-predictor-trace-20260817T122012Z,builtin_summarization_trace,21,0,4,0.8175853018372703,0.007142857142857143
kvzap-predictor-trace-20260817T122012Z::builtin_summarization_trace,kvzap-predictor-trace-20260817T122012Z,builtin_summarization_trace,21,0,5,0.652230971128609,0.0037593984962406013
kvzap-predictor-trace-20260817T122012Z::builtin_summarization_trace,kvzap-predictor-trace-20260817T122012Z,builtin_summarization_trace,21,0,6,0.9028871391076115,0.013333333333333334
kvzap-predictor-trace-20260817T122012Z::builtin_summarization_trace,kvzap-predictor-trace-20260817T122012Z,builtin_summarization_trace,21,0,7,0.8044619422572179,0.006666666666666667
kvzap-predictor-trace-20260817T122012Z::builtin_summarization_trace,kvzap-predictor-trace-20260817T122012Z,builtin_summarization_trace,21,1,2,0.6199677938808373,0.37566137566137564
kvzap-predictor-trace-20260817T122012Z::builtin_summarization_trace,kvzap-predictor-trace-20260817T122012Z,builtin_summarization_trace,21,1,3,0.8134034165571616,0.013888888888888888
kvzap-predictor-trace-20260817T122012Z::builtin_summarization_trace,kvzap-predictor-trace-20260817T122012Z,builtin_summarization_trace,21,1,4,0.7859195402298851,0.3101851851851852
kvzap-predictor-trace-20260817T122012Z::builtin_summarization_trace,kvzap-predictor-trace-20260817T122012Z,builtin_summarization_trace,21,1,5,0.7814992025518341,0.4981684981684982
kvzap-predictor-trace-20260817T122012Z::builtin_summarization_trace,kvzap-predictor-trace-20260817T122012Z,builtin_summarization_trace,21,1,6,0.8739255014326648,0.42483660130718953
kvzap-predictor-trace-20260817T122012Z::builtin_summarization_trace,kvzap-predictor-trace-20260817T122012Z,builtin_summarization_trace,21,1,7,0.888208269525268,0.6010928961748634
kvzap-predictor-trace-20260817T122012Z::builtin_summarization_trace,kvzap-predictor-trace-20260817T122012Z,builtin_summarization_trace,21,2,3,0.5078947368421053,0.007957559681697613
kvzap-predictor-trace-20260817T122012Z::builtin_summarization_trace,kvzap-predictor-trace-20260817T122012Z,builtin_summarization_trace,21,2,4,0.6169871794871795,0.36772486772486773
kvzap-predictor-trace-20260817T122012Z::builtin_summarization_trace,kvzap-predictor-trace-20260817T122012Z,builtin_summarization_trace,21,2,5,0.7112403100775194,0.6237373737373737
kvzap-predictor-trace-20260817T122012Z::builtin_summarization_trace,kvzap-predictor-trace-20260817T122012Z,builtin_summarization_trace,21,2,6,0.5565217391304348,0.19261213720316622
kvzap-predictor-trace-20260817T122012Z::builtin_summarization_trace,kvzap-predictor-trace-20260817T122012Z,builtin_summarization_trace,21,2,7,0.6270358306188925,0.3941798941798942
kvzap-predictor-trace-20260817T122012Z::builtin_summarization_trace,kvzap-predictor-trace-20260817T122012Z,builtin_summarization_trace,21,3,4,0.8149606299212598,0.007042253521126761
kvzap-predictor-trace-20260817T122012Z::builtin_summarization_trace,kvzap-predictor-trace-20260817T122012Z,builtin_summarization_trace,21,3,5,0.6496062992125984,0.0037313432835820895
kvzap-predictor-trace-20260817T122012Z::builtin_summarization_trace,kvzap-predictor-trace-20260817T122012Z,builtin_summarization_trace,21,3,6,0.9027595269382391,0.02631578947368421
kvzap-predictor-trace-20260817T122012Z::builtin_summarization_trace,kvzap-predictor-trace-20260817T122012Z,builtin_summarization_trace,21,3,7,0.8042049934296978,0.013245033112582781
kvzap-predictor-trace-20260817T122012Z::builtin_summarization_trace,kvzap-predictor-trace-20260817T122012Z,builtin_summarization_trace,21,4,5,0.7283950617283951,0.3951890034364261
kvzap-predictor-trace-20260817T122012Z::builtin_summarization_trace,kvzap-predictor-trace-20260817T122012Z,builtin_summarization_trace,21,4,6,0.8310055865921788,0.27976190476190477
kvzap-predictor-trace-20260817T122012Z::builtin_summarization_trace,kvzap-predictor-trace-20260817T122012Z,builtin_summarization_trace,21,4,7,0.8586466165413534,0.5104166666666666
kvzap-predictor-trace-20260817T122012Z::builtin_summarization_trace,kvzap-predictor-trace-20260817T122012Z,builtin_summarization_trace,21,5,6,0.7001434720229556,0.24
kvzap-predictor-trace-20260817T122012Z::builtin_summarization_trace,kvzap-predictor-trace-20260817T122012Z,builtin_summarization_trace,21,5,7,0.7932148626817448,0.5294117647058824
kvzap-predictor-trace-20260817T122012Z::builtin_summarization_trace,kvzap-predictor-trace-20260817T122012Z,builtin_summarization_trace,21,6,7,0.8638968481375359,0.40625
kvzap-predictor-trace-20260817T122012Z::builtin_summarization_trace,kvzap-predictor-trace-20260817T122012Z,builtin_summarization_trace,22,0,1,0.8375165125495376,0.046511627906976744
kvzap-predictor-trace-20260817T122012Z::builtin_summarization_trace,kvzap-predictor-trace-20260817T122012Z,builtin_summarization_trace,22,0,2,0.9947437582128777,0.3333333333333333
kvzap-predictor-trace-20260817T122012Z::builtin_summarization_trace,kvzap-predictor-trace-20260817T122012Z,builtin_summarization_trace,22,0,3,0.9934383202099738,0.16666666666666666
kvzap-predictor-trace-20260817T122012Z::builtin_summarization_trace,kvzap-predictor-trace-20260817T122012Z,builtin_summarization_trace,22,0,4,0.9934383202099738,0.16666666666666666
kvzap-predictor-trace-20260817T122012Z::builtin_summarization_trace,kvzap-predictor-trace-20260817T122012Z,builtin_summarization_trace,22,0,5,0.12401055408970976,0.007473841554559043
kvzap-predictor-trace-20260817T122012Z::builtin_summarization_trace,kvzap-predictor-trace-20260817T122012Z,builtin_summarization_trace,22,0,6,0.9934383202099738,0.16666666666666666
kvzap-predictor-trace-20260817T122012Z::builtin_summarization_trace,kvzap-predictor-trace-20260817T122012Z,builtin_summarization_trace,22,0,7,0.9947437582128777,0.3333333333333333
kvzap-predictor-trace-20260817T122012Z::builtin_summarization_trace,kvzap-predictor-trace-20260817T122012Z,builtin_summarization_trace,22,1,2,0.8331143232588699,0.015503875968992248
kvzap-predictor-trace-20260817T122012Z::builtin_summarization_trace,kvzap-predictor-trace-20260817T122012Z,builtin_summarization_trace,22,1,3,0.8320209973753281,0.007751937984496124
kvzap-predictor-trace-20260817T122012Z::builtin_summarization_trace,kvzap-predictor-trace-20260817T122012Z,builtin_summarization_trace,22,1,4,0.8320209973753281,0.007751937984496124
kvzap-predictor-trace-20260817T122012Z::builtin_summarization_trace,kvzap-predictor-trace-20260817T122012Z,builtin_summarization_trace,22,1,5,0.1426332288401254,0.18601190476190477
kvzap-predictor-trace-20260817T122012Z::builtin_summarization_trace,kvzap-predictor-trace-20260817T122012Z,builtin_summarization_trace,22,1,6,0.8320209973753281,0.007751937984496124
kvzap-predictor-trace-20260817T122012Z::builtin_summarization_trace,kvzap-predictor-trace-20260817T122012Z,builtin_summarization_trace,22,1,7,0.8331143232588699,0.015503875968992248
kvzap-predictor-trace-20260817T122012Z::builtin_summarization_trace,kvzap-predictor-trace-20260817T122012Z,builtin_summarization_trace,22,2,3,0.9986876640419947,0.5
kvzap-predictor-trace-20260817T122012Z::builtin_summarization_trace,kvzap-predictor-trace-20260817T122012Z,builtin_summarization_trace,22,2,4,0.9986876640419947,0.5
kvzap-predictor-trace-20260817T122012Z::builtin_summarization_trace,kvzap-predictor-trace-20260817T122012Z,builtin_summarization_trace,22,2,5,0.12483574244415244,0.0029940119760479044
kvzap-predictor-trace-20260817T122012Z::builtin_summarization_trace,kvzap-predictor-trace-20260817T122012Z,builtin_summarization_trace,22,2,6,0.9986876640419947,0.5
kvzap-predictor-trace-20260817T122012Z::builtin_summarization_trace,kvzap-predictor-trace-20260817T122012Z,builtin_summarization_trace,22,2,7,0.9973753280839895,0.3333333333333333
kvzap-predictor-trace-20260817T122012Z::builtin_summarization_trace,kvzap-predictor-trace-20260817T122012Z,builtin_summarization_trace,22,3,4,1.0,1.0
kvzap-predictor-trace-20260817T122012Z::builtin_summarization_trace,kvzap-predictor-trace-20260817T122012Z,builtin_summarization_trace,22,3,5,0.12467191601049869,0.0014970059880239522
kvzap-predictor-trace-20260817T122012Z::builtin_summarization_trace,kvzap-predictor-trace-20260817T122012Z,builtin_summarization_trace,22,3,6,1.0,1.0
kvzap-predictor-trace-20260817T122012Z::builtin_summarization_trace,kvzap-predictor-trace-20260817T122012Z,builtin_summarization_trace,22,3,7,0.9986876640419947,0.5
kvzap-predictor-trace-20260817T122012Z::builtin_summarization_trace,kvzap-predictor-trace-20260817T122012Z,builtin_summarization_trace,22,4,5,0.12467191601049869,0.0014970059880239522
kvzap-predictor-trace-20260817T122012Z::builtin_summarization_trace,kvzap-predictor-trace-20260817T122012Z,builtin_summarization_trace,22,4,6,1.0,1.0
kvzap-predictor-trace-20260817T122012Z::builtin_summarization_trace,kvzap-predictor-trace-20260817T122012Z,builtin_summarization_trace,22,4,7,0.9986876640419947,0.5
kvzap-predictor-trace-20260817T122012Z::builtin_summarization_trace,kvzap-predictor-trace-20260817T122012Z,builtin_summarization_trace,22,5,6,0.12467191601049869,0.0014970059880239522
kvzap-predictor-trace-20260817T122012Z::builtin_summarization_trace,kvzap-predictor-trace-20260817T122012Z,builtin_summarization_trace,22,5,7,0.12483574244415244,0.0029940119760479044
kvzap-predictor-trace-20260817T122012Z::builtin_summarization_trace,kvzap-predictor-trace-20260817T122012Z,builtin_summarization_trace,22,6,7,0.9986876640419947,0.5
kvzap-predictor-trace-20260817T122012Z::builtin_summarization_trace,kvzap-predictor-trace-20260817T122012Z,builtin_summarization_trace,23,0,1,0.16272965879265092,0.001564945226917058
kvzap-predictor-trace-20260817T122012Z::builtin_summarization_trace,kvzap-predictor-trace-20260817T122012Z,builtin_summarization_trace,23,0,2,0.8462549277266754,0.01680672268907563
kvzap-predictor-trace-20260817T122012Z::builtin_summarization_trace,kvzap-predictor-trace-20260817T122012Z,builtin_summarization_trace,23,0,3,0.8909329829172142,0.023529411764705882
kvzap-predictor-trace-20260817T122012Z::builtin_summarization_trace,kvzap-predictor-trace-20260817T122012Z,builtin_summarization_trace,23,0,4,0.9986876640419947,0.5
kvzap-predictor-trace-20260817T122012Z::builtin_summarization_trace,kvzap-predictor-trace-20260817T122012Z,builtin_summarization_trace,23,0,5,0.7112860892388452,0.004524886877828055
kvzap-predictor-trace-20260817T122012Z::builtin_summarization_trace,kvzap-predictor-trace-20260817T122012Z,builtin_summarization_trace,23,0,6,0.9986876640419947,0.5
kvzap-predictor-trace-20260817T122012Z::builtin_summarization_trace,kvzap-predictor-trace-20260817T122012Z,builtin_summarization_trace,23,0,7,0.6228646517739816,0.006920415224913495
kvzap-predictor-trace-20260817T122012Z::builtin_summarization_trace,kvzap-predictor-trace-20260817T122012Z,builtin_summarization_trace,23,1,2,0.18307692307692308,0.17546583850931677
kvzap-predictor-trace-20260817T122012Z::builtin_summarization_trace,kvzap-predictor-trace-20260817T122012Z,builtin_summarization_trace,23,1,3,0.18262150220913106,0.13145539906103287
kvzap-predictor-trace-20260817T122012Z::builtin_summarization_trace,kvzap-predictor-trace-20260817T122012Z,builtin_summarization_trace,23,1,4,0.16404199475065617,0.001567398119122257
kvzap-predictor-trace-20260817T122012Z::builtin_summarization_trace,kvzap-predictor-trace-20260817T122012Z,builtin_summarization_trace,23,1,5,0.22794117647058823,0.3427230046948357
kvzap-predictor-trace-20260817T122012Z::builtin_summarization_trace,kvzap-predictor-trace-20260817T122012Z,builtin_summarization_trace,23,1,6,0.16404199475065617,0.001567398119122257
kvzap-predictor-trace-20260817T122012Z::builtin_summarization_trace,kvzap-predictor-trace-20260817T122012Z,builtin_summarization_trace,23,1,7,0.25313807531380755,0.4439252336448598
kvzap-predictor-trace-20260817T122012Z::builtin_summarization_trace,kvzap-predictor-trace-20260817T122012Z,builtin_summarization_trace,23,2,3,0.8994252873563219,0.48905109489051096
kvzap-predictor-trace-20260817T122012Z::builtin_summarization_trace,kvzap-predictor-trace-20260817T122012Z,builtin_summarization_trace,23,2,4,0.8451443569553806,0.008403361344537815
kvzap-predictor-trace-20260817T122012Z::builtin_summarization_trace,kvzap-predictor-trace-20260817T122012Z,builtin_summarization_trace,23,2,5,0.7559171597633136,0.34523809523809523
kvzap-predictor-trace-20260817T122012Z::builtin_summarization_trace,kvzap-predictor-trace-20260817T122012Z,builtin_summarization_trace,23,2,6,0.8451443569553806,0.008403361344537815
kvzap-predictor-trace-20260817T122012Z::builtin_summarization_trace,kvzap-predictor-trace-20260817T122012Z,builtin_summarization_trace,23,2,7,0.7016742770167428,0.3509933774834437
kvzap-predictor-trace-20260817T122012Z::builtin_summarization_trace,kvzap-predictor-trace-20260817T122012Z,builtin_summarization_trace,23,3,4,0.889763779527559,0.011764705882352941
kvzap-predictor-trace-20260817T122012Z::builtin_summarization_trace,kvzap-predictor-trace-20260817T122012Z,builtin_summarization_trace,23,3,5,0.7568345323741007,0.2869198312236287
kvzap-predictor-trace-20260817T122012Z::builtin_summarization_trace,kvzap-predictor-trace-20260817T122012Z,builtin_summarization_trace,23,3,6,0.889763779527559,0.011764705882352941
kvzap-predictor-trace-20260817T122012Z::builtin_summarization_trace,kvzap-predictor-trace-20260817T122012Z,builtin_summarization_trace,23,3,7,0.6991150442477876,0.29411764705882354
kvzap-predictor-trace-20260817T122012Z::builtin_summarization_trace,kvzap-predictor-trace-20260817T122012Z,builtin_summarization_trace,23,4,5,0.7125984251968503,0.004545454545454545
kvzap-predictor-trace-20260817T122012Z::builtin_summarization_trace,kvzap-predictor-trace-20260817T122012Z,builtin_summarization_trace,23,4,6,1.0,1.0
kvzap-predictor-trace-20260817T122012Z::builtin_summarization_trace,kvzap-predictor-trace-20260817T122012Z,builtin_summarization_trace,23,4,7,0.6220472440944882,0.0034602076124567475
kvzap-predictor-trace-20260817T122012Z::builtin_summarization_trace,kvzap-predictor-trace-20260817T122012Z,builtin_summarization_trace,23,5,6,0.7125984251968503,0.004545454545454545
kvzap-predictor-trace-20260817T122012Z::builtin_summarization_trace,kvzap-predictor-trace-20260817T122012Z,builtin_summarization_trace,23,5,7,0.7208121827411168,0.5103857566765578
kvzap-predictor-trace-20260817T122012Z::builtin_summarization_trace,kvzap-predictor-trace-20260817T122012Z,builtin_summarization_trace,23,6,7,0.6220472440944882,0.0034602076124567475
kvzap-predictor-trace-20260817T122012Z::builtin_summarization_trace,kvzap-predictor-trace-20260817T122012Z,builtin_summarization_trace,24,0,1,0.3781163434903047,0.0836734693877551
kvzap-predictor-trace-20260817T122012Z::builtin_summarization_trace,kvzap-predictor-trace-20260817T122012Z,builtin_summarization_trace,24,0,2,0.7403846153846154,0.15625
kvzap-predictor-trace-20260817T122012Z::builtin_summarization_trace,kvzap-predictor-trace-20260817T122012Z,builtin_summarization_trace,24,0,3,0.8005502063273727,0.19889502762430938
kvzap-predictor-trace-20260817T122012Z::builtin_summarization_trace,kvzap-predictor-trace-20260817T122012Z,builtin_summarization_trace,24,0,4,0.9406332453825857,0.1
kvzap-predictor-trace-20260817T122012Z::builtin_summarization_trace,kvzap-predictor-trace-20260817T122012Z,builtin_summarization_trace,24,0,5,0.12326869806094183,0.06083086053412463
kvzap-predictor-trace-20260817T122012Z::builtin_summarization_trace,kvzap-predictor-trace-20260817T122012Z,builtin_summarization_trace,24,0,6,0.9393139841688655,0.09803921568627451
kvzap-predictor-trace-20260817T122012Z::builtin_summarization_trace,kvzap-predictor-trace-20260817T122012Z,builtin_summarization_trace,24,0,7,0.44413793103448274,0.08616780045351474
kvzap-predictor-trace-20260817T122012Z::builtin_summarization_trace,kvzap-predictor-trace-20260817T122012Z,builtin_summarization_trace,24,1,2,0.46785714285714286,0.405189620758483
kvzap-predictor-trace-20260817T122012Z::builtin_summarization_trace,kvzap-predictor-trace-20260817T122012Z,builtin_summarization_trace,24,1,3,0.4619289340101523,0.3510204081632653
kvzap-predictor-trace-20260817T122012Z::builtin_summarization_trace,kvzap-predictor-trace-20260817T122012Z,builtin_summarization_trace,24,1,4,0.36617842876165113,0.02459016393442623
kvzap-predictor-trace-20260817T122012Z::builtin_summarization_trace,kvzap-predictor-trace-20260817T122012Z,builtin_summarization_trace,24,1,5,0.2887323943661972,0.7033773861967695
kvzap-predictor-trace-20260817T122012Z::builtin_summarization_trace,kvzap-predictor-trace-20260817T122012Z,builtin_summarization_trace,24,1,6,0.3648468708388815,0.024539877300613498
kvzap-predictor-trace-20260817T122012Z::builtin_summarization_trace,kvzap-predictor-trace-20260817T122012Z,builtin_summarization_trace,24,1,7,0.7249283667621776,0.8117647058823529
kvzap-predictor-trace-20260817T122012Z::builtin_summarization_trace,kvzap-predictor-trace-20260817T122012Z,builtin_summarization_trace,24,2,3,0.8352180936995154,0.5853658536585366
kvzap-predictor-trace-20260817T122012Z::builtin_summarization_trace,kvzap-predictor-trace-20260817T122012Z,builtin_summarization_trace,24,2,4,0.714663143989432,0.02702702702702703
kvzap-predictor-trace-20260817T122012Z::builtin_summarization_trace,kvzap-predictor-trace-20260817T122012Z,builtin_summarization_trace,24,2,5,0.15789473684210525,0.3136094674556213
kvzap-predictor-trace-20260817T122012Z::builtin_summarization_trace,kvzap-predictor-trace-20260817T122012Z,builtin_summarization_trace,24,2,6,0.71334214002642,0.026905829596412557
kvzap-predictor-trace-20260817T122012Z::builtin_summarization_trace,kvzap-predictor-trace-20260817T122012Z,builtin_summarization_trace,24,2,7,0.549645390070922,0.4392935982339956
kvzap-predictor-trace-20260817T122012Z::builtin_summarization_trace,kvzap-predictor-trace-20260817T122012Z,builtin_summarization_trace,24,3,4,0.7795484727755644,0.056818181818181816
kvzap-predictor-trace-20260817T122012Z::builtin_summarization_trace,kvzap-predictor-trace-20260817T122012Z,builtin_summarization_trace,24,3,5,0.1505922165820643,0.2551928783382789
kvzap-predictor-trace-20260817T122012Z::builtin_summarization_trace,kvzap-predictor-trace-20260817T122012Z,builtin_summarization_trace,24,3,6,0.7805851063829787,0.0625
kvzap-predictor-trace-20260817T122012Z::builtin_summarization_trace,kvzap-predictor-trace-20260817T122012Z,builtin_summarization_trace,24,3,7,0.5446880269814502,0.38636363636363635
kvzap-predictor-trace-20260817T122012Z::builtin_summarization_trace,kvzap-predictor-trace-20260817T122012Z,builtin_summarization_trace,24,4,5,0.12117177097203728,0.017857142857142856
kvzap-predictor-trace-20260817T122012Z::builtin_summarization_trace,kvzap-predictor-trace-20260817T122012Z,builtin_summarization_trace,24,4,6,0.9828269484808454,0.3157894736842105
kvzap-predictor-trace-20260817T122012Z::builtin_summarization_trace,kvzap-predictor-trace-20260817T122012Z,builtin_summarization_trace,24,4,7,0.43351063829787234,0.02517162471395881
kvzap-predictor-trace-20260817T122012Z::builtin_summarization_trace,kvzap-predictor-trace-20260817T122012Z,builtin_summarization_trace,24,5,6,0.11984021304926765,0.017830609212481426
kvzap-predictor-trace-20260817T122012Z::builtin_summarization_trace,kvzap-predictor-trace-20260817T122012Z,builtin_summarization_trace,24,5,7,0.27439024390243905,0.6463595839524517
kvzap-predictor-trace-20260817T122012Z::builtin_summarization_trace,kvzap-predictor-trace-20260817T122012Z,builtin_summarization_trace,24,6,7,0.436,0.02981651376146789
kvzap-predictor-trace-20260817T122012Z::builtin_summarization_trace,kvzap-predictor-trace-20260817T122012Z,builtin_summarization_trace,25,0,1,0.7808398950131233,0.005952380952380952
kvzap-predictor-trace-20260817T122012Z::builtin_summarization_trace,kvzap-predictor-trace-20260817T122012Z,builtin_summarization_trace,25,0,2,0.9343832020997376,0.0196078431372549
kvzap-predictor-trace-20260817T122012Z::builtin_summarization_trace,kvzap-predictor-trace-20260817T122012Z,builtin_summarization_trace,25,0,3,0.9908136482939632,0.125
kvzap-predictor-trace-20260817T122012Z::builtin_summarization_trace,kvzap-predictor-trace-20260817T122012Z,builtin_summarization_trace,25,0,4,0.9973753280839895,0.3333333333333333
kvzap-predictor-trace-20260817T122012Z::builtin_summarization_trace,kvzap-predictor-trace-20260817T122012Z,builtin_summarization_trace,25,0,5,0.9960629921259843,0.25
kvzap-predictor-trace-20260817T122012Z::builtin_summarization_trace,kvzap-predictor-trace-20260817T122012Z,builtin_summarization_trace,25,0,6,0.9908136482939632,0.125
kvzap-predictor-trace-20260817T122012Z::builtin_summarization_trace,kvzap-predictor-trace-20260817T122012Z,builtin_summarization_trace,25,0,7,0.5421052631578948,0.008547008547008548
kvzap-predictor-trace-20260817T122012Z::builtin_summarization_trace,kvzap-predictor-trace-20260817T122012Z,builtin_summarization_trace,25,1,2,0.7716216216216216,0.11979166666666667
kvzap-predictor-trace-20260817T122012Z::builtin_summarization_trace,kvzap-predictor-trace-20260817T122012Z,builtin_summarization_trace,25,1,3,0.7769028871391076,0.005847953216374269
kvzap-predictor-trace-20260817T122012Z::builtin_summarization_trace,kvzap-predictor-trace-20260817T122012Z,builtin_summarization_trace,25,1,4,0.7834645669291339,0.006024096385542169
kvzap-predictor-trace-20260817T122012Z::builtin_summarization_trace,kvzap-predictor-trace-20260817T122012Z,builtin_summarization_trace,25,1,5,0.7844940867279895,0.012048192771084338
kvzap-predictor-trace-20260817T122012Z::builtin_summarization_trace,kvzap-predictor-trace-20260817T122012Z,builtin_summarization_trace,25,1,6,0.7769028871391076,0.005847953216374269
kvzap-predictor-trace-20260817T122012Z::builtin_summarization_trace,kvzap-predictor-trace-20260817T122012Z,builtin_summarization_trace,25,1,7,0.5990491283676703,0.34285714285714286
kvzap-predictor-trace-20260817T122012Z::builtin_summarization_trace,kvzap-predictor-trace-20260817T122012Z,builtin_summarization_trace,25,2,3,0.9304461942257218,0.018518518518518517
kvzap-predictor-trace-20260817T122012Z::builtin_summarization_trace,kvzap-predictor-trace-20260817T122012Z,builtin_summarization_trace,25,2,4,0.937007874015748,0.02040816326530612
kvzap-predictor-trace-20260817T122012Z::builtin_summarization_trace,kvzap-predictor-trace-20260817T122012Z,builtin_summarization_trace,25,2,5,0.938239159001314,0.04081632653061224
kvzap-predictor-trace-20260817T122012Z::builtin_summarization_trace,kvzap-predictor-trace-20260817T122012Z,builtin_summarization_trace,25,2,6,0.9406332453825857,0.1
kvzap-predictor-trace-20260817T122012Z::builtin_summarization_trace,kvzap-predictor-trace-20260817T122012Z,builtin_summarization_trace,25,2,7,0.5726256983240223,0.13314447592067988
kvzap-predictor-trace-20260817T122012Z::builtin_summarization_trace,kvzap-predictor-trace-20260817T122012Z,builtin_summarization_trace,25,3,4,0.9934383202099738,0.16666666666666666
kvzap-predictor-trace-20260817T122012Z::builtin_summarization_trace,kvzap-predictor-trace-20260817T122012Z,builtin_summarization_trace,25,3,5,0.9921259842519685,0.14285714285714285
kvzap-predictor-trace-20260817T122012Z::builtin_summarization_trace,kvzap-predictor-trace-20260817T122012Z,builtin_summarization_trace,25,3,6,0.9868766404199475,0.09090909090909091
kvzap-predictor-trace-20260817T122012Z::builtin_summarization_trace,kvzap-predictor-trace-20260817T122012Z,builtin_summarization_trace,25,3,7,0.5341207349081365,0.0028089887640449437
kvzap-predictor-trace-20260817T122012Z::builtin_summarization_trace,kvzap-predictor-trace-20260817T122012Z,builtin_summarization_trace,25,4,5,0.9986876640419947,0.5
kvzap-predictor-trace-20260817T122012Z::builtin_summarization_trace,kvzap-predictor-trace-20260817T122012Z,builtin_summarization_trace,25,4,6,0.9934383202099738,0.16666666666666666
kvzap-predictor-trace-20260817T122012Z::builtin_summarization_trace,kvzap-predictor-trace-20260817T122012Z,builtin_summarization_trace,25,4,7,0.5406824146981627,0.002849002849002849
kvzap-predictor-trace-20260817T122012Z::builtin_summarization_trace,kvzap-predictor-trace-20260817T122012Z,builtin_summarization_trace,25,5,6,0.9921259842519685,0.14285714285714285
kvzap-predictor-trace-20260817T122012Z::builtin_summarization_trace,kvzap-predictor-trace-20260817T122012Z,builtin_summarization_trace,25,5,7,0.5413929040735874,0.005698005698005698
kvzap-predictor-trace-20260817T122012Z::builtin_summarization_trace,kvzap-predictor-trace-20260817T122012Z,builtin_summarization_trace,25,6,7,0.5422163588390502,0.014204545454545454
kvzap-predictor-trace-20260817T122012Z::builtin_summarization_trace,kvzap-predictor-trace-20260817T122012Z,builtin_summarization_trace,26,0,1,0.9291338582677166,0.01818181818181818
kvzap-predictor-trace-20260817T122012Z::builtin_summarization_trace,kvzap-predictor-trace-20260817T122012Z,builtin_summarization_trace,26,0,2,0.9986876640419947,0.5
kvzap-predictor-trace-20260817T122012Z::builtin_summarization_trace,kvzap-predictor-trace-20260817T122012Z,builtin_summarization_trace,26,0,3,0.7506561679790026,0.005235602094240838
kvzap-predictor-trace-20260817T122012Z::builtin_summarization_trace,kvzap-predictor-trace-20260817T122012Z,builtin_summarization_trace,26,0,4,0.9002624671916011,0.012987012987012988
kvzap-predictor-trace-20260817T122012Z::builtin_summarization_trace,kvzap-predictor-trace-20260817T122012Z,builtin_summarization_trace,26,0,5,0.994750656167979,0.2
kvzap-predictor-trace-20260817T122012Z::builtin_summarization_trace,kvzap-predictor-trace-20260817T122012Z,builtin_summarization_trace,26,0,6,0.847769028871391,0.008547008547008548
kvzap-predictor-trace-20260817T122012Z::builtin_summarization_trace,kvzap-predictor-trace-20260817T122012Z,builtin_summarization_trace,26,0,7,0.9212598425196851,0.01639344262295082
kvzap-predictor-trace-20260817T122012Z::builtin_summarization_trace,kvzap-predictor-trace-20260817T122012Z,builtin_summarization_trace,26,1,2,0.9304461942257218,0.018518518518518517
kvzap-predictor-trace-20260817T122012Z::builtin_summarization_trace,kvzap-predictor-trace-20260817T122012Z,builtin_summarization_trace,26,1,3,0.8056338028169014,0.2774869109947644
kvzap-predictor-trace-20260817T122012Z::builtin_summarization_trace,kvzap-predictor-trace-20260817T122012Z,builtin_summarization_trace,26,1,4,0.9335180055401662,0.4606741573033708
kvzap-predictor-trace-20260817T122012Z::builtin_summarization_trace,kvzap-predictor-trace-20260817T122012Z,builtin_summarization_trace,26,1,5,0.9341238471673254,0.07407407407407407
kvzap-predictor-trace-20260817T122012Z::builtin_summarization_trace,kvzap-predictor-trace-20260817T122012Z,builtin_summarization_trace,26,1,6,0.891213389121339,0.3709677419354839
kvzap-predictor-trace-20260817T122012Z::builtin_summarization_trace,kvzap-predictor-trace-20260817T122012Z,builtin_summarization_trace,26,1,7,0.9316005471956225,0.3902439024390244
kvzap-predictor-trace-20260817T122012Z::builtin_summarization_trace,kvzap-predictor-trace-20260817T122012Z,builtin_summarization_trace,26,2,3,0.7519685039370079,0.005263157894736842
kvzap-predictor-trace-20260817T122012Z::builtin_summarization_trace,kvzap-predictor-trace-20260817T122012Z,builtin_summarization_trace,26,2,4,0.9015748031496063,0.013157894736842105
kvzap-predictor-trace-20260817T122012Z::builtin_summarization_trace,kvzap-predictor-trace-20260817T122012Z,builtin_summarization_trace,26,2,5,0.9960629921259843,0.25
kvzap-predictor-trace-20260817T122012Z::builtin_summarization_trace,kvzap-predictor-trace-20260817T122012Z,builtin_summarization_trace,26,2,6,0.8490813648293963,0.008620689655172414
kvzap-predictor-trace-20260817T122012Z::builtin_summarization_trace,kvzap-predictor-trace-20260817T122012Z,builtin_summarization_trace,26,2,7,0.9225721784776902,0.016666666666666666
kvzap-predictor-trace-20260817T122012Z::builtin_summarization_trace,kvzap-predictor-trace-20260817T122012Z,builtin_summarization_trace,26,3,4,0.8181818181818182,0.35714285714285715
kvzap-predictor-trace-20260817T122012Z::builtin_summarization_trace,kvzap-predictor-trace-20260817T122012Z,builtin_summarization_trace,26,3,5,0.7549407114624506,0.021052631578947368
kvzap-predictor-trace-20260817T122012Z::builtin_summarization_trace,kvzap-predictor-trace-20260817T122012Z,builtin_summarization_trace,26,3,6,0.8345864661654135,0.47115384615384615
kvzap-predictor-trace-20260817T122012Z::builtin_summarization_trace,kvzap-predictor-trace-20260817T122012Z,builtin_summarization_trace,26,3,7,0.8022598870056498,0.28205128205128205
kvzap-predictor-trace-20260817T122012Z::builtin_summarization_trace,kvzap-predictor-trace-20260817T122012Z,builtin_summarization_trace,26,4,5,0.9051383399209486,0.05263157894736842
kvzap-predictor-trace-20260817T122012Z::builtin_summarization_trace,kvzap-predictor-trace-20260817T122012Z,builtin_summarization_trace,26,4,6,0.8788732394366198,0.381294964028777
kvzap-predictor-trace-20260817T122012Z::builtin_summarization_trace,kvzap-predictor-trace-20260817T122012Z,builtin_summarization_trace,26,4,7,0.9146005509641874,0.37373737373737376
kvzap-predictor-trace-20260817T122012Z::builtin_summarization_trace,kvzap-predictor-trace-20260817T122012Z,builtin_summarization_trace,26,5,6,0.852437417654809,0.034482758620689655
kvzap-predictor-trace-20260817T122012Z::builtin_summarization_trace,kvzap-predictor-trace-20260817T122012Z,builtin_summarization_trace,26,5,7,0.9262187088274044,0.06666666666666667
kvzap-predictor-trace-20260817T122012Z::builtin_summarization_trace,kvzap-predictor-trace-20260817T122012Z,builtin_summarization_trace,26,6,7,0.8987341772151899,0.41935483870967744
kvzap-predictor-trace-20260817T122012Z::builtin_summarization_trace,kvzap-predictor-trace-20260817T122012Z,builtin_summarization_trace,27,0,1,0.9986876640419947,0.5
kvzap-predictor-trace-20260817T122012Z::builtin_summarization_trace,kvzap-predictor-trace-20260817T122012Z,builtin_summarization_trace,27,0,2,0.9986876640419947,0.5
kvzap-predictor-trace-20260817T122012Z::builtin_summarization_trace,kvzap-predictor-trace-20260817T122012Z,builtin_summarization_trace,27,0,3,0.8805774278215223,0.010869565217391304
kvzap-predictor-trace-20260817T122012Z::builtin_summarization_trace,kvzap-predictor-trace-20260817T122012Z,builtin_summarization_trace,27,0,4,0.8963254593175853,0.0125
kvzap-predictor-trace-20260817T122012Z::builtin_summarization_trace,kvzap-predictor-trace-20260817T122012Z,builtin_summarization_trace,27,0,5,0.9960629921259843,0.25
kvzap-predictor-trace-20260817T122012Z::builtin_summarization_trace,kvzap-predictor-trace-20260817T122012Z,builtin_summarization_trace,27,0,6,0.8937007874015748,0.012195121951219513
kvzap-predictor-trace-20260817T122012Z::builtin_summarization_trace,kvzap-predictor-trace-20260817T122012Z,builtin_summarization_trace,27,0,7,0.9763779527559056,0.05263157894736842
kvzap-predictor-trace-20260817T122012Z::builtin_summarization_trace,kvzap-predictor-trace-20260817T122012Z,builtin_summarization_trace,27,1,2,0.9973753280839895,0.3333333333333333
kvzap-predictor-trace-20260817T122012Z::builtin_summarization_trace,kvzap-predictor-trace-20260817T122012Z,builtin_summarization_trace,27,1,3,0.8792650918635171,0.010752688172043012
kvzap-predictor-trace-20260817T122012Z::builtin_summarization_trace,kvzap-predictor-trace-20260817T122012Z,builtin_summarization_trace,27,1,4,0.89501312335958,0.012345679012345678
kvzap-predictor-trace-20260817T122012Z::builtin_summarization_trace,kvzap-predictor-trace-20260817T122012Z,builtin_summarization_trace,27,1,5,0.994750656167979,0.2
kvzap-predictor-trace-20260817T122012Z::builtin_summarization_trace,kvzap-predictor-trace-20260817T122012Z,builtin_summarization_trace,27,1,6,0.8923884514435696,0.012048192771084338
kvzap-predictor-trace-20260817T122012Z::builtin_summarization_trace,kvzap-predictor-trace-20260817T122012Z,builtin_summarization_trace,27,1,7,0.9776609724047306,0.10526315789473684
kvzap-predictor-trace-20260817T122012Z::builtin_summarization_trace,kvzap-predictor-trace-20260817T122012Z,builtin_summarization_trace,27,2,3,0.8792650918635171,0.010752688172043012
kvzap-predictor-trace-20260817T122012Z::builtin_summarization_trace,kvzap-predictor-trace-20260817T122012Z,builtin_summarization_trace,27,2,4,0.89501312335958,0.012345679012345678
kvzap-predictor-trace-20260817T122012Z::builtin_summarization_trace,kvzap-predictor-trace-20260817T122012Z,builtin_summarization_trace,27,2,5,0.994750656167979,0.2
kvzap-predictor-trace-20260817T122012Z::builtin_summarization_trace,kvzap-predictor-trace-20260817T122012Z,builtin_summarization_trace,27,2,6,0.8923884514435696,0.012048192771084338
kvzap-predictor-trace-20260817T122012Z::builtin_summarization_trace,kvzap-predictor-trace-20260817T122012Z,builtin_summarization_trace,27,2,7,0.9750656167979003,0.05
kvzap-predictor-trace-20260817T122012Z::builtin_summarization_trace,kvzap-predictor-trace-20260817T122012Z,builtin_summarization_trace,27,3,4,0.9070422535211268,0.44537815126050423
kvzap-predictor-trace-20260817T122012Z::builtin_summarization_trace,kvzap-predictor-trace-20260817T122012Z,builtin_summarization_trace,27,3,5,0.8840579710144928,0.043478260869565216
kvzap-predictor-trace-20260817T122012Z::builtin_summarization_trace,kvzap-predictor-trace-20260817T122012Z,builtin_summarization_trace,27,3,6,0.9015471167369902,0.4262295081967213
kvzap-predictor-trace-20260817T122012Z::builtin_summarization_trace,kvzap-predictor-trace-20260817T122012Z,builtin_summarization_trace,27,3,7,0.8866666666666667,0.1326530612244898
kvzap-predictor-trace-20260817T122012Z::builtin_summarization_trace,kvzap-predictor-trace-20260817T122012Z,builtin_summarization_trace,27,4,5,0.8998682476943346,0.05
kvzap-predictor-trace-20260817T122012Z::builtin_summarization_trace,kvzap-predictor-trace-20260817T122012Z,builtin_summarization_trace,27,4,6,0.9184247538677919,0.4727272727272727
kvzap-predictor-trace-20260817T122012Z::builtin_summarization_trace,kvzap-predictor-trace-20260817T122012Z,builtin_summarization_trace,27,4,7,0.8976063829787234,0.125
kvzap-predictor-trace-20260817T122012Z::builtin_summarization_trace,kvzap-predictor-trace-20260817T122012Z,builtin_summarization_trace,27,5,6,0.8972332015810277,0.04878048780487805
kvzap-predictor-trace-20260817T122012Z::builtin_summarization_trace,kvzap-predictor-trace-20260817T122012Z,builtin_summarization_trace,27,5,7,0.9776315789473684,0.15
kvzap-predictor-trace-20260817T122012Z::builtin_summarization_trace,kvzap-predictor-trace-20260817T122012Z,builtin_summarization_trace,27,6,7,0.8824306472919419,0.06315789473684211
kvzap-predictor-trace-20260817T122012Z::builtin_summarization_trace,kvzap-predictor-trace-20260817T122012Z,builtin_summarization_trace,28,0,1,0.678477690288714,0.0040650406504065045
kvzap-predictor-trace-20260817T122012Z::builtin_summarization_trace,kvzap-predictor-trace-20260817T122012Z,builtin_summarization_trace,28,0,2,0.7402597402597403,0.28
kvzap-predictor-trace-20260817T122012Z::builtin_summarization_trace,kvzap-predictor-trace-20260817T122012Z,builtin_summarization_trace,28,0,3,0.745839636913767,0.37777777777777777
kvzap-predictor-trace-20260817T122012Z::builtin_summarization_trace,kvzap-predictor-trace-20260817T122012Z,builtin_summarization_trace,28,0,4,0.7152777777777778,0.17338709677419356
kvzap-predictor-trace-20260817T122012Z::builtin_summarization_trace,kvzap-predictor-trace-20260817T122012Z,builtin_summarization_trace,28,0,5,0.8134328358208955,0.6941896024464832
kvzap-predictor-trace-20260817T122012Z::builtin_summarization_trace,kvzap-predictor-trace-20260817T122012Z,builtin_summarization_trace,28,0,6,0.678477690288714,0.0040650406504065045
kvzap-predictor-trace-20260817T122012Z::builtin_summarization_trace,kvzap-predictor-trace-20260817T122012Z,builtin_summarization_trace,28,0,7,0.678477690288714,0.0040650406504065045
kvzap-predictor-trace-20260817T122012Z::builtin_summarization_trace,kvzap-predictor-trace-20260817T122012Z,builtin_summarization_trace,28,1,2,0.9041994750656168,0.013513513513513514
kvzap-predictor-trace-20260817T122012Z::builtin_summarization_trace,kvzap-predictor-trace-20260817T122012Z,builtin_summarization_trace,28,1,3,0.8359580052493438,0.007936507936507936
kvzap-predictor-trace-20260817T122012Z::builtin_summarization_trace,kvzap-predictor-trace-20260817T122012Z,builtin_summarization_trace,28,1,4,0.9422572178477691,0.022222222222222223
kvzap-predictor-trace-20260817T122012Z::builtin_summarization_trace,kvzap-predictor-trace-20260817T122012Z,builtin_summarization_trace,28,1,5,0.5971128608923885,0.003246753246753247
kvzap-predictor-trace-20260817T122012Z::builtin_summarization_trace,kvzap-predictor-trace-20260817T122012Z,builtin_summarization_trace,28,1,6,1.0,1.0
kvzap-predictor-trace-20260817T122012Z::builtin_summarization_trace,kvzap-predictor-trace-20260817T122012Z,builtin_summarization_trace,28,1,7,1.0,1.0
kvzap-predictor-trace-20260817T122012Z::builtin_summarization_trace,kvzap-predictor-trace-20260817T122012Z,builtin_summarization_trace,28,2,3,0.8214285714285714,0.21212121212121213
kvzap-predictor-trace-20260817T122012Z::builtin_summarization_trace,kvzap-predictor-trace-20260817T122012Z,builtin_summarization_trace,28,2,4,0.9039242219215156,0.25263157894736843
kvzap-predictor-trace-20260817T122012Z::builtin_summarization_trace,kvzap-predictor-trace-20260817T122012Z,builtin_summarization_trace,28,2,5,0.6507936507936508,0.22435897435897437
kvzap-predictor-trace-20260817T122012Z::builtin_summarization_trace,kvzap-predictor-trace-20260817T122012Z,builtin_summarization_trace,28,2,6,0.9041994750656168,0.013513513513513514
kvzap-predictor-trace-20260817T122012Z::builtin_summarization_trace,kvzap-predictor-trace-20260817T122012Z,builtin_summarization_trace,28,2,7,0.9041994750656168,0.013513513513513514
kvzap-predictor-trace-20260817T122012Z::builtin_summarization_trace,kvzap-predictor-trace-20260817T122012Z,builtin_summarization_trace,28,3,4,0.8187919463087249,0.11764705882352941
kvzap-predictor-trace-20260817T122012Z::builtin_summarization_trace,kvzap-predictor-trace-20260817T122012Z,builtin_summarization_trace,28,3,5,0.68,0.35202492211838005
kvzap-predictor-trace-20260817T122012Z::builtin_summarization_trace,kvzap-predictor-trace-20260817T122012Z,builtin_summarization_trace,28,3,6,0.8359580052493438,0.007936507936507936
kvzap-predictor-trace-20260817T122012Z::builtin_summarization_trace,kvzap-predictor-trace-20260817T122012Z,builtin_summarization_trace,28,3,7,0.8359580052493438,0.007936507936507936
kvzap-predictor-trace-20260817T122012Z::builtin_summarization_trace,kvzap-predictor-trace-20260817T122012Z,builtin_summarization_trace,28,4,5,0.631432545201669,0.1423948220064725
kvzap-predictor-trace-20260817T122012Z::builtin_summarization_trace,kvzap-predictor-trace-20260817T122012Z,builtin_summarization_trace,28,4,6,0.9422572178477691,0.022222222222222223
kvzap-predictor-trace-20260817T122012Z::builtin_summarization_trace,kvzap-predictor-trace-20260817T122012Z,builtin_summarization_trace,28,4,7,0.9422572178477691,0.022222222222222223
kvzap-predictor-trace-20260817T122012Z::builtin_summarization_trace,kvzap-predictor-trace-20260817T122012Z,builtin_summarization_trace,28,5,6,0.5971128608923885,0.003246753246753247
kvzap-predictor-trace-20260817T122012Z::builtin_summarization_trace,kvzap-predictor-trace-20260817T122012Z,builtin_summarization_trace,28,5,7,0.5971128608923885,0.003246753246753247
kvzap-predictor-trace-20260817T122012Z::builtin_summarization_trace,kvzap-predictor-trace-20260817T122012Z,builtin_summarization_trace,28,6,7,1.0,1.0
kvzap-predictor-trace-20260817T122012Z::builtin_summarization_trace,kvzap-predictor-trace-20260817T122012Z,builtin_summarization_trace,29,0,1,0.8979289940828402,0.5576923076923077
kvzap-predictor-trace-20260817T122012Z::builtin_summarization_trace,kvzap-predictor-trace-20260817T122012Z,builtin_summarization_trace,29,0,2,0.3500784929356358,0.23333333333333334
kvzap-predictor-trace-20260817T122012Z::builtin_summarization_trace,kvzap-predictor-trace-20260817T122012Z,builtin_summarization_trace,29,0,3,0.21821036106750394,0.20192307692307693
kvzap-predictor-trace-20260817T122012Z::builtin_summarization_trace,kvzap-predictor-trace-20260817T122012Z,builtin_summarization_trace,29,0,4,0.8311345646437994,0.03759398496240601
kvzap-predictor-trace-20260817T122012Z::builtin_summarization_trace,kvzap-predictor-trace-20260817T122012Z,builtin_summarization_trace,29,0,5,0.8267716535433071,0.007518796992481203
kvzap-predictor-trace-20260817T122012Z::builtin_summarization_trace,kvzap-predictor-trace-20260817T122012Z,builtin_summarization_trace,29,0,6,0.8434547908232118,0.15942028985507245
kvzap-predictor-trace-20260817T122012Z::builtin_summarization_trace,kvzap-predictor-trace-20260817T122012Z,builtin_summarization_trace,29,0,7,0.8267716535433071,0.007518796992481203
kvzap-predictor-trace-20260817T122012Z::builtin_summarization_trace,kvzap-predictor-trace-20260817T122012Z,builtin_summarization_trace,29,1,2,0.35222052067381315,0.20637898686679174
kvzap-predictor-trace-20260817T122012Z::builtin_summarization_trace,kvzap-predictor-trace-20260817T122012Z,builtin_summarization_trace,29,1,3,0.2217125382262997,0.17637540453074432
kvzap-predictor-trace-20260817T122012Z::builtin_summarization_trace,kvzap-predictor-trace-20260817T122012Z,builtin_summarization_trace,29,1,4,0.8614775725593667,0.045454545454545456
kvzap-predictor-trace-20260817T122012Z::builtin_summarization_trace,kvzap-predictor-trace-20260817T122012Z,builtin_summarization_trace,29,1,5,0.8569553805774278,0.00909090909090909
kvzap-predictor-trace-20260817T122012Z::builtin_summarization_trace,kvzap-predictor-trace-20260817T122012Z,builtin_summarization_trace,29,1,6,0.8795669824086604,0.21238938053097345
kvzap-predictor-trace-20260817T122012Z::builtin_summarization_trace,kvzap-predictor-trace-20260817T122012Z,builtin_summarization_trace,29,1,7,0.8569553805774278,0.00909090909090909
kvzap-predictor-trace-20260817T122012Z::builtin_summarization_trace,kvzap-predictor-trace-20260817T122012Z,builtin_summarization_trace,29,2,3,0.48616600790513836,0.796875
kvzap-predictor-trace-20260817T122012Z::builtin_summarization_trace,kvzap-predictor-trace-20260817T122012Z,builtin_summarization_trace,29,2,4,0.3034300791556728,0.009380863039399626
kvzap-predictor-trace-20260817T122012Z::builtin_summarization_trace,kvzap-predictor-trace-20260817T122012Z,builtin_summarization_trace,29,2,5,0.30183727034120733,0.001876172607879925
kvzap-predictor-trace-20260817T122012Z::builtin_summarization_trace,kvzap-predictor-trace-20260817T122012Z,builtin_summarization_trace,29,2,6,0.310719131614654,0.04868913857677903
kvzap-predictor-trace-20260817T122012Z::builtin_summarization_trace,kvzap-predictor-trace-20260817T122012Z,builtin_summarization_trace,29,2,7,0.30183727034120733,0.001876172607879925
kvzap-predictor-trace-20260817T122012Z::builtin_summarization_trace,kvzap-predictor-trace-20260817T122012Z,builtin_summarization_trace,29,3,4,0.19261213720316622,0.008103727714748784
kvzap-predictor-trace-20260817T122012Z::builtin_summarization_trace,kvzap-predictor-trace-20260817T122012Z,builtin_summarization_trace,29,3,5,0.19160104986876642,0.0016207455429497568
kvzap-predictor-trace-20260817T122012Z::builtin_summarization_trace,kvzap-predictor-trace-20260817T122012Z,builtin_summarization_trace,29,3,6,0.19674355495251017,0.042071197411003236
kvzap-predictor-trace-20260817T122012Z::builtin_summarization_trace,kvzap-predictor-trace-20260817T122012Z,builtin_summarization_trace,29,3,7,0.19160104986876642,0.0016207455429497568
kvzap-predictor-trace-20260817T122012Z::builtin_summarization_trace,kvzap-predictor-trace-20260817T122012Z,builtin_summarization_trace,29,4,5,0.994750656167979,0.2
kvzap-predictor-trace-20260817T122012Z::builtin_summarization_trace,kvzap-predictor-trace-20260817T122012Z,builtin_summarization_trace,29,4,6,0.9632063074901446,0.06666666666666667
kvzap-predictor-trace-20260817T122012Z::builtin_summarization_trace,kvzap-predictor-trace-20260817T122012Z,builtin_summarization_trace,29,4,7,0.994750656167979,0.2
kvzap-predictor-trace-20260817T122012Z::builtin_summarization_trace,kvzap-predictor-trace-20260817T122012Z,builtin_summarization_trace,29,5,6,0.9658792650918635,0.037037037037037035
kvzap-predictor-trace-20260817T122012Z::builtin_summarization_trace,kvzap-predictor-trace-20260817T122012Z,builtin_summarization_trace,29,5,7,1.0,1.0
kvzap-predictor-trace-20260817T122012Z::builtin_summarization_trace,kvzap-predictor-trace-20260817T122012Z,builtin_summarization_trace,29,6,7,0.9658792650918635,0.037037037037037035
kvzap-predictor-trace-20260817T122012Z::builtin_summarization_trace,kvzap-predictor-trace-20260817T122012Z,builtin_summarization_trace,30,0,1,0.5826771653543307,0.003134796238244514
kvzap-predictor-trace-20260817T122012Z::builtin_summarization_trace,kvzap-predictor-trace-20260817T122012Z,builtin_summarization_trace,30,0,2,0.8700787401574803,0.01
kvzap-predictor-trace-20260817T122012Z::builtin_summarization_trace,kvzap-predictor-trace-20260817T122012Z,builtin_summarization_trace,30,0,3,1.0,1.0
kvzap-predictor-trace-20260817T122012Z::builtin_summarization_trace,kvzap-predictor-trace-20260817T122012Z,builtin_summarization_trace,30,0,4,0.994750656167979,0.2
kvzap-predictor-trace-20260817T122012Z::builtin_summarization_trace,kvzap-predictor-trace-20260817T122012Z,builtin_summarization_trace,30,0,5,1.0,1.0
kvzap-predictor-trace-20260817T122012Z::builtin_summarization_trace,kvzap-predictor-trace-20260817T122012Z,builtin_summarization_trace,30,0,6,0.8280839895013123,0.007575757575757576
kvzap-predictor-trace-20260817T122012Z::builtin_summarization_trace,kvzap-predictor-trace-20260817T122012Z,builtin_summarization_trace,30,0,7,1.0,1.0
kvzap-predictor-trace-20260817T122012Z::builtin_summarization_trace,kvzap-predictor-trace-20260817T122012Z,builtin_summarization_trace,30,1,2,0.5746799431009957,0.1671309192200557
kvzap-predictor-trace-20260817T122012Z::builtin_summarization_trace,kvzap-predictor-trace-20260817T122012Z,builtin_summarization_trace,30,1,3,0.5826771653543307,0.003134796238244514
kvzap-predictor-trace-20260817T122012Z::builtin_summarization_trace,kvzap-predictor-trace-20260817T122012Z,builtin_summarization_trace,30,1,4,0.5815789473684211,0.009345794392523364
kvzap-predictor-trace-20260817T122012Z::builtin_summarization_trace,kvzap-predictor-trace-20260817T122012Z,builtin_summarization_trace,30,1,5,0.5826771653543307,0.003134796238244514
kvzap-predictor-trace-20260817T122012Z::builtin_summarization_trace,kvzap-predictor-trace-20260817T122012Z,builtin_summarization_trace,30,1,6,0.5716374269005848,0.21236559139784947
kvzap-predictor-trace-20260817T122012Z::builtin_summarization_trace,kvzap-predictor-trace-20260817T122012Z,builtin_summarization_trace,30,1,7,0.5826771653543307,0.003134796238244514
kvzap-predictor-trace-20260817T122012Z::builtin_summarization_trace,kvzap-predictor-trace-20260817T122012Z,builtin_summarization_trace,30,2,3,0.8700787401574803,0.01
kvzap-predictor-trace-20260817T122012Z::builtin_summarization_trace,kvzap-predictor-trace-20260817T122012Z,builtin_summarization_trace,30,2,4,0.8697368421052631,0.029411764705882353
kvzap-predictor-trace-20260817T122012Z::builtin_summarization_trace,kvzap-predictor-trace-20260817T122012Z,builtin_summarization_trace,30,2,5,0.8700787401574803,0.01
kvzap-predictor-trace-20260817T122012Z::builtin_summarization_trace,kvzap-predictor-trace-20260817T122012Z,builtin_summarization_trace,30,2,6,0.8538681948424068,0.38922155688622756
kvzap-predictor-trace-20260817T122012Z::builtin_summarization_trace,kvzap-predictor-trace-20260817T122012Z,builtin_summarization_trace,30,2,7,0.8700787401574803,0.01
kvzap-predictor-trace-20260817T122012Z::builtin_summarization_trace,kvzap-predictor-trace-20260817T122012Z,builtin_summarization_trace,30,3,4,0.994750656167979,0.2
kvzap-predictor-trace-20260817T122012Z::builtin_summarization_trace,kvzap-predictor-trace-20260817T122012Z,builtin_summarization_trace,30,3,5,1.0,1.0
kvzap-predictor-trace-20260817T122012Z::builtin_summarization_trace,kvzap-predictor-trace-20260817T122012Z,builtin_summarization_trace,30,3,6,0.8280839895013123,0.007575757575757576
kvzap-predictor-trace-20260817T122012Z::builtin_summarization_trace,kvzap-predictor-trace-20260817T122012Z,builtin_summarization_trace,30,3,7,1.0,1.0
kvzap-predictor-trace-20260817T122012Z::builtin_summarization_trace,kvzap-predictor-trace-20260817T122012Z,builtin_summarization_trace,30,4,5,0.994750656167979,0.2
kvzap-predictor-trace-20260817T122012Z::builtin_summarization_trace,kvzap-predictor-trace-20260817T122012Z,builtin_summarization_trace,30,4,6,0.8300395256916996,0.03007518796992481
kvzap-predictor-trace-20260817T122012Z::builtin_summarization_trace,kvzap-predictor-trace-20260817T122012Z,builtin_summarization_trace,30,4,7,0.994750656167979,0.2
kvzap-predictor-trace-20260817T122012Z::builtin_summarization_trace,kvzap-predictor-trace-20260817T122012Z,builtin_summarization_trace,30,5,6,0.8280839895013123,0.007575757575757576
kvzap-predictor-trace-20260817T122012Z::builtin_summarization_trace,kvzap-predictor-trace-20260817T122012Z,builtin_summarization_trace,30,5,7,1.0,1.0
kvzap-predictor-trace-20260817T122012Z::builtin_summarization_trace,kvzap-predictor-trace-20260817T122012Z,builtin_summarization_trace,30,6,7,0.8280839895013123,0.007575757575757576
kvzap-predictor-trace-20260817T122012Z::builtin_summarization_trace,kvzap-predictor-trace-20260817T122012Z,builtin_summarization_trace,31,0,1,0.8278580814717477,0.015037593984962405
kvzap-predictor-trace-20260817T122012Z::builtin_summarization_trace,kvzap-predictor-trace-20260817T122012Z,builtin_summarization_trace,31,0,2,0.9960629921259843,0.25
kvzap-predictor-trace-20260817T122012Z::builtin_summarization_trace,kvzap-predictor-trace-20260817T122012Z,builtin_summarization_trace,31,0,3,0.9198423127463863,0.031746031746031744
kvzap-predictor-trace-20260817T122012Z::builtin_summarization_trace,kvzap-predictor-trace-20260817T122012Z,builtin_summarization_trace,31,0,4,0.9973753280839895,0.3333333333333333
kvzap-predictor-trace-20260817T122012Z::builtin_summarization_trace,kvzap-predictor-trace-20260817T122012Z,builtin_summarization_trace,31,0,5,0.9671916010498688,0.038461538461538464
kvzap-predictor-trace-20260817T122012Z::builtin_summarization_trace,kvzap-predictor-trace-20260817T122012Z,builtin_summarization_trace,31,0,6,0.9973753280839895,0.3333333333333333
kvzap-predictor-trace-20260817T122012Z::builtin_summarization_trace,kvzap-predictor-trace-20260817T122012Z,builtin_summarization_trace,31,0,7,0.6671052631578948,0.01171875
kvzap-predictor-trace-20260817T122012Z::builtin_summarization_trace,kvzap-predictor-trace-20260817T122012Z,builtin_summarization_trace,31,1,2,0.8291721419185283,0.015151515151515152
kvzap-predictor-trace-20260817T122012Z::builtin_summarization_trace,kvzap-predictor-trace-20260817T122012Z,builtin_summarization_trace,31,1,3,0.8271604938271605,0.2125
kvzap-predictor-trace-20260817T122012Z::builtin_summarization_trace,kvzap-predictor-trace-20260817T122012Z,builtin_summarization_trace,31,1,4,0.8280839895013123,0.007575757575757576
kvzap-predictor-trace-20260817T122012Z::builtin_summarization_trace,kvzap-predictor-trace-20260817T122012Z,builtin_summarization_trace,31,1,5,0.8266666666666667,0.09090909090909091
kvzap-predictor-trace-20260817T122012Z::builtin_summarization_trace,kvzap-predictor-trace-20260817T122012Z,builtin_summarization_trace,31,1,6,0.8280839895013123,0.007575757575757576
kvzap-predictor-trace-20260817T122012Z::builtin_summarization_trace,kvzap-predictor-trace-20260817T122012Z,builtin_summarization_trace,31,1,7,0.7753510140405616,0.45864661654135336
kvzap-predictor-trace-20260817T122012Z::builtin_summarization_trace,kvzap-predictor-trace-20260817T122012Z,builtin_summarization_trace,31,2,3,0.9186351706036745,0.015873015873015872
kvzap-predictor-trace-20260817T122012Z::builtin_summarization_trace,kvzap-predictor-trace-20260817T122012Z,builtin_summarization_trace,31,2,4,0.9986876640419947,0.5
kvzap-predictor-trace-20260817T122012Z::builtin_summarization_trace,kvzap-predictor-trace-20260817T122012Z,builtin_summarization_trace,31,2,5,0.968503937007874,0.04
kvzap-predictor-trace-20260817T122012Z::builtin_summarization_trace,kvzap-predictor-trace-20260817T122012Z,builtin_summarization_trace,31,2,6,0.9986876640419947,0.5
kvzap-predictor-trace-20260817T122012Z::builtin_summarization_trace,kvzap-predictor-trace-20260817T122012Z,builtin_summarization_trace,31,2,7,0.6662286465177398,0.0078125
kvzap-predictor-trace-20260817T122012Z::builtin_summarization_trace,kvzap-predictor-trace-20260817T122012Z,builtin_summarization_trace,31,3,4,0.9199475065616798,0.016129032258064516
kvzap-predictor-trace-20260817T122012Z::builtin_summarization_trace,kvzap-predictor-trace-20260817T122012Z,builtin_summarization_trace,31,3,5,0.9302949061662198,0.2463768115942029
kvzap-predictor-trace-20260817T122012Z::builtin_summarization_trace,kvzap-predictor-trace-20260817T122012Z,builtin_summarization_trace,31,3,6,0.9199475065616798,0.016129032258064516
kvzap-predictor-trace-20260817T122012Z::builtin_summarization_trace,kvzap-predictor-trace-20260817T122012Z,builtin_summarization_trace,31,3,7,0.7134751773049646,0.2230769230769231
kvzap-predictor-trace-20260817T122012Z::builtin_summarization_trace,kvzap-predictor-trace-20260817T122012Z,builtin_summarization_trace,31,4,5,0.9698162729658792,0.041666666666666664
kvzap-predictor-trace-20260817T122012Z::builtin_summarization_trace,kvzap-predictor-trace-20260817T122012Z,builtin_summarization_trace,31,4,6,1.0,1.0
kvzap-predictor-trace-20260817T122012Z::builtin_summarization_trace,kvzap-predictor-trace-20260817T122012Z,builtin_summarization_trace,31,4,7,0.6653543307086615,0.00390625
kvzap-predictor-trace-20260817T122012Z::builtin_summarization_trace,kvzap-predictor-trace-20260817T122012Z,builtin_summarization_trace,31,5,6,0.9698162729658792,0.041666666666666664
kvzap-predictor-trace-20260817T122012Z::builtin_summarization_trace,kvzap-predictor-trace-20260817T122012Z,builtin_summarization_trace,31,5,7,0.6815114709851552,0.08527131782945736
kvzap-predictor-trace-20260817T122012Z::builtin_summarization_trace,kvzap-predictor-trace-20260817T122012Z,builtin_summarization_trace,31,6,7,0.6653543307086615,0.00390625
kvzap-predictor-trace-20260817T122012Z::builtin_summarization_trace,kvzap-predictor-trace-20260817T122012Z,builtin_summarization_trace,32,0,1,0.7653631284916201,0.2186046511627907
kvzap-predictor-trace-20260817T122012Z::builtin_summarization_trace,kvzap-predictor-trace-20260817T122012Z,builtin_summarization_trace,32,0,2,0.8777292576419214,0.475
kvzap-predictor-trace-20260817T122012Z::builtin_summarization_trace,kvzap-predictor-trace-20260817T122012Z,builtin_summarization_trace,32,0,3,0.8018372703412073,0.006578947368421052
kvzap-predictor-trace-20260817T122012Z::builtin_summarization_trace,kvzap-predictor-trace-20260817T122012Z,builtin_summarization_trace,32,0,4,0.8018372703412073,0.006578947368421052
kvzap-predictor-trace-20260817T122012Z::builtin_summarization_trace,kvzap-predictor-trace-20260817T122012Z,builtin_summarization_trace,32,0,5,0.8018372703412073,0.006578947368421052
kvzap-predictor-trace-20260817T122012Z::builtin_summarization_trace,kvzap-predictor-trace-20260817T122012Z,builtin_summarization_trace,32,0,6,0.8018372703412073,0.006578947368421052
kvzap-predictor-trace-20260817T122012Z::builtin_summarization_trace,kvzap-predictor-trace-20260817T122012Z,builtin_summarization_trace,32,0,7,0.8018372703412073,0.006578947368421052
kvzap-predictor-trace-20260817T122012Z::builtin_summarization_trace,kvzap-predictor-trace-20260817T122012Z,builtin_summarization_trace,32,1,2,0.8296703296703297,0.22012578616352202
kvzap-predictor-trace-20260817T122012Z::builtin_summarization_trace,kvzap-predictor-trace-20260817T122012Z,builtin_summarization_trace,32,1,3,0.8569553805774278,0.00909090909090909
kvzap-predictor-trace-20260817T122012Z::builtin_summarization_trace,kvzap-predictor-trace-20260817T122012Z,builtin_summarization_trace,32,1,4,0.8569553805774278,0.00909090909090909
kvzap-predictor-trace-20260817T122012Z::builtin_summarization_trace,kvzap-predictor-trace-20260817T122012Z,builtin_summarization_trace,32,1,5,0.8569553805774278,0.00909090909090909
kvzap-predictor-trace-20260817T122012Z::builtin_summarization_trace,kvzap-predictor-trace-20260817T122012Z,builtin_summarization_trace,32,1,6,0.8569553805774278,0.00909090909090909
kvzap-predictor-trace-20260817T122012Z::builtin_summarization_trace,kvzap-predictor-trace-20260817T122012Z,builtin_summarization_trace,32,1,7,0.8569553805774278,0.00909090909090909
kvzap-predictor-trace-20260817T122012Z::builtin_summarization_trace,kvzap-predictor-trace-20260817T122012Z,builtin_summarization_trace,32,2,3,0.8910761154855643,0.011904761904761904
kvzap-predictor-trace-20260817T122012Z::builtin_summarization_trace,kvzap-predictor-trace-20260817T122012Z,builtin_summarization_trace,32,2,4,0.8910761154855643,0.011904761904761904
kvzap-predictor-trace-20260817T122012Z::builtin_summarization_trace,kvzap-predictor-trace-20260817T122012Z,builtin_summarization_trace,32,2,5,0.8910761154855643,0.011904761904761904
kvzap-predictor-trace-20260817T122012Z::builtin_summarization_trace,kvzap-predictor-trace-20260817T122012Z,builtin_summarization_trace,32,2,6,0.8910761154855643,0.011904761904761904
kvzap-predictor-trace-20260817T122012Z::builtin_summarization_trace,kvzap-predictor-trace-20260817T122012Z,builtin_summarization_trace,32,2,7,0.8910761154855643,0.011904761904761904
kvzap-predictor-trace-20260817T122012Z::builtin_summarization_trace,kvzap-predictor-trace-20260817T122012Z,builtin_summarization_trace,32,3,4,1.0,1.0
kvzap-predictor-trace-20260817T122012Z::builtin_summarization_trace,kvzap-predictor-trace-20260817T122012Z,builtin_summarization_trace,32,3,5,1.0,1.0
kvzap-predictor-trace-20260817T122012Z::builtin_summarization_trace,kvzap-predictor-trace-20260817T122012Z,builtin_summarization_trace,32,3,6,1.0,1.0
kvzap-predictor-trace-20260817T122012Z::builtin_summarization_trace,kvzap-predictor-trace-20260817T122012Z,builtin_summarization_trace,32,3,7,1.0,1.0
kvzap-predictor-trace-20260817T122012Z::builtin_summarization_trace,kvzap-predictor-trace-20260817T122012Z,builtin_summarization_trace,32,4,5,1.0,1.0
kvzap-predictor-trace-20260817T122012Z::builtin_summarization_trace,kvzap-predictor-trace-20260817T122012Z,builtin_summarization_trace,32,4,6,1.0,1.0
kvzap-predictor-trace-20260817T122012Z::builtin_summarization_trace,kvzap-predictor-trace-20260817T122012Z,builtin_summarization_trace,32,4,7,1.0,1.0
kvzap-predictor-trace-20260817T122012Z::builtin_summarization_trace,kvzap-predictor-trace-20260817T122012Z,builtin_summarization_trace,32,5,6,1.0,1.0
kvzap-predictor-trace-20260817T122012Z::builtin_summarization_trace,kvzap-predictor-trace-20260817T122012Z,builtin_summarization_trace,32,5,7,1.0,1.0
kvzap-predictor-trace-20260817T122012Z::builtin_summarization_trace,kvzap-predictor-trace-20260817T122012Z,builtin_summarization_trace,32,6,7,1.0,1.0
kvzap-predictor-trace-20260817T122012Z::builtin_summarization_trace,kvzap-predictor-trace-20260817T122012Z,builtin_summarization_trace,33,0,1,0.9131578947368421,0.043478260869565216
kvzap-predictor-trace-20260817T122012Z::builtin_summarization_trace,kvzap-predictor-trace-20260817T122012Z,builtin_summarization_trace,33,0,2,0.7592105263157894,0.016129032258064516
kvzap-predictor-trace-20260817T122012Z::builtin_summarization_trace,kvzap-predictor-trace-20260817T122012Z,builtin_summarization_trace,33,0,3,0.847769028871391,0.008547008547008548
kvzap-predictor-trace-20260817T122012Z::builtin_summarization_trace,kvzap-predictor-trace-20260817T122012Z,builtin_summarization_trace,33,0,4,0.7921052631578948,0.018633540372670808
kvzap-predictor-trace-20260817T122012Z::builtin_summarization_trace,kvzap-predictor-trace-20260817T122012Z,builtin_summarization_trace,33,0,5,0.9461942257217848,0.023809523809523808
kvzap-predictor-trace-20260817T122012Z::builtin_summarization_trace,kvzap-predictor-trace-20260817T122012Z,builtin_summarization_trace,33,0,6,0.9960629921259843,0.25
kvzap-predictor-trace-20260817T122012Z::builtin_summarization_trace,kvzap-predictor-trace-20260817T122012Z,builtin_summarization_trace,33,0,7,0.4492753623188406,0.009478672985781991
kvzap-predictor-trace-20260817T122012Z::builtin_summarization_trace,kvzap-predictor-trace-20260817T122012Z,builtin_summarization_trace,33,1,2,0.7656033287101248,0.1990521327014218
kvzap-predictor-trace-20260817T122012Z::builtin_summarization_trace,kvzap-predictor-trace-20260817T122012Z,builtin_summarization_trace,33,1,3,0.8537931034482759,0.2638888888888889
kvzap-predictor-trace-20260817T122012Z::builtin_summarization_trace,kvzap-predictor-trace-20260817T122012Z,builtin_summarization_trace,33,1,4,0.7977839335180056,0.2192513368983957
kvzap-predictor-trace-20260817T122012Z::builtin_summarization_trace,kvzap-predictor-trace-20260817T122012Z,builtin_summarization_trace,33,1,5,0.9021447721179625,0.18888888888888888
kvzap-predictor-trace-20260817T122012Z::builtin_summarization_trace,kvzap-predictor-trace-20260817T122012Z,builtin_summarization_trace,33,1,6,0.9120734908136483,0.014705882352941176
kvzap-predictor-trace-20260817T122012Z::builtin_summarization_trace,kvzap-predictor-trace-20260817T122012Z,builtin_summarization_trace,33,1,7,0.48424068767908307,0.15294117647058825
kvzap-predictor-trace-20260817T122012Z::builtin_summarization_trace,kvzap-predictor-trace-20260817T122012Z,builtin_summarization_trace,33,2,3,0.8070692194403535,0.39069767441860465
kvzap-predictor-trace-20260817T122012Z::builtin_summarization_trace,kvzap-predictor-trace-20260817T122012Z,builtin_summarization_trace,33,2,4,0.7653213751868461,0.3745019920318725
kvzap-predictor-trace-20260817T122012Z::builtin_summarization_trace,kvzap-predictor-trace-20260817T122012Z,builtin_summarization_trace,33,2,5,0.7786885245901639,0.16062176165803108
kvzap-predictor-trace-20260817T122012Z::builtin_summarization_trace,kvzap-predictor-trace-20260817T122012Z,builtin_summarization_trace,33,2,6,0.7585301837270341,0.005405405405405406
kvzap-predictor-trace-20260817T122012Z::builtin_summarization_trace,kvzap-predictor-trace-20260817T122012Z,builtin_summarization_trace,33,2,7,0.499184339314845,0.3282275711159737
kvzap-predictor-trace-20260817T122012Z::builtin_summarization_trace,kvzap-predictor-trace-20260817T122012Z,builtin_summarization_trace,33,3,4,0.8304093567251462,0.40512820512820513
kvzap-predictor-trace-20260817T122012Z::builtin_summarization_trace,kvzap-predictor-trace-20260817T122012Z,builtin_summarization_trace,33,3,5,0.8834019204389575,0.2857142857142857
kvzap-predictor-trace-20260817T122012Z::builtin_summarization_trace,kvzap-predictor-trace-20260817T122012Z,builtin_summarization_trace,33,3,6,0.8517060367454068,0.008771929824561403
kvzap-predictor-trace-20260817T122012Z::builtin_summarization_trace,kvzap-predictor-trace-20260817T122012Z,builtin_summarization_trace,33,3,7,0.5254237288135594,0.27014218009478674
kvzap-predictor-trace-20260817T122012Z::builtin_summarization_trace,kvzap-predictor-trace-20260817T122012Z,builtin_summarization_trace,33,4,5,0.8253094910591472,0.22085889570552147
kvzap-predictor-trace-20260817T122012Z::builtin_summarization_trace,kvzap-predictor-trace-20260817T122012Z,builtin_summarization_trace,33,4,6,0.7913385826771654,0.00625
kvzap-predictor-trace-20260817T122012Z::builtin_summarization_trace,kvzap-predictor-trace-20260817T122012Z,builtin_summarization_trace,33,4,7,0.5629139072847682,0.375886524822695
kvzap-predictor-trace-20260817T122012Z::builtin_summarization_trace,kvzap-predictor-trace-20260817T122012Z,builtin_summarization_trace,33,5,6,0.9501312335958005,0.02564102564102564
kvzap-predictor-trace-20260817T122012Z::builtin_summarization_trace,kvzap-predictor-trace-20260817T122012Z,builtin_summarization_trace,33,5,7,0.47099447513812154,0.0924170616113744
kvzap-predictor-trace-20260817T122012Z::builtin_summarization_trace,kvzap-predictor-trace-20260817T122012Z,builtin_summarization_trace,33,6,7,0.44750656167979,0.002369668246445498
kvzap-predictor-trace-20260817T122012Z::builtin_summarization_trace,kvzap-predictor-trace-20260817T122012Z,builtin_summarization_trace,34,0,1,0.8663729809104258,0.47398843930635837
kvzap-predictor-trace-20260817T122012Z::builtin_summarization_trace,kvzap-predictor-trace-20260817T122012Z,builtin_summarization_trace,34,0,2,0.7887139107611548,0.006172839506172839
kvzap-predictor-trace-20260817T122012Z::builtin_summarization_trace,kvzap-predictor-trace-20260817T122012Z,builtin_summarization_trace,34,0,3,0.7887139107611548,0.006172839506172839
kvzap-predictor-trace-20260817T122012Z::builtin_summarization_trace,kvzap-predictor-trace-20260817T122012Z,builtin_summarization_trace,34,0,4,0.813953488372093,0.19047619047619047
kvzap-predictor-trace-20260817T122012Z::builtin_summarization_trace,kvzap-predictor-trace-20260817T122012Z,builtin_summarization_trace,34,0,5,0.7907894736842105,0.018518518518518517
kvzap-predictor-trace-20260817T122012Z::builtin_summarization_trace,kvzap-predictor-trace-20260817T122012Z,builtin_summarization_trace,34,0,6,0.7887139107611548,0.006172839506172839
kvzap-predictor-trace-20260817T122012Z::builtin_summarization_trace,kvzap-predictor-trace-20260817T122012Z,builtin_summarization_trace,34,0,7,0.3034825870646766,0.27586206896551724
kvzap-predictor-trace-20260817T122012Z::builtin_summarization_trace,kvzap-predictor-trace-20260817T122012Z,builtin_summarization_trace,34,1,2,0.8792650918635171,0.010752688172043012
kvzap-predictor-trace-20260817T122012Z::builtin_summarization_trace,kvzap-predictor-trace-20260817T122012Z,builtin_summarization_trace,34,1,3,0.8792650918635171,0.010752688172043012
kvzap-predictor-trace-20260817T122012Z::builtin_summarization_trace,kvzap-predictor-trace-20260817T122012Z,builtin_summarization_trace,34,1,4,0.8876860622462788,0.22429906542056074
kvzap-predictor-trace-20260817T122012Z::builtin_summarization_trace,kvzap-predictor-trace-20260817T122012Z,builtin_summarization_trace,34,1,5,0.881578947368421,0.03225806451612903
kvzap-predictor-trace-20260817T122012Z::builtin_summarization_trace,kvzap-predictor-trace-20260817T122012Z,builtin_summarization_trace,34,1,6,0.8792650918635171,0.010752688172043012
kvzap-predictor-trace-20260817T122012Z::builtin_summarization_trace,kvzap-predictor-trace-20260817T122012Z,builtin_summarization_trace,34,1,7,0.27232142857142855,0.15689655172413794
kvzap-predictor-trace-20260817T122012Z::builtin_summarization_trace,kvzap-predictor-trace-20260817T122012Z,builtin_summarization_trace,34,2,3,1.0,1.0
kvzap-predictor-trace-20260817T122012Z::builtin_summarization_trace,kvzap-predictor-trace-20260817T122012Z,builtin_summarization_trace,34,2,4,0.9514435695538058,0.02631578947368421
kvzap-predictor-trace-20260817T122012Z::builtin_summarization_trace,kvzap-predictor-trace-20260817T122012Z,builtin_summarization_trace,34,2,5,0.9973753280839895,0.3333333333333333
kvzap-predictor-trace-20260817T122012Z::builtin_summarization_trace,kvzap-predictor-trace-20260817T122012Z,builtin_summarization_trace,34,2,6,1.0,1.0
kvzap-predictor-trace-20260817T122012Z::builtin_summarization_trace,kvzap-predictor-trace-20260817T122012Z,builtin_summarization_trace,34,2,7,0.24278215223097113,0.0017301038062283738
kvzap-predictor-trace-20260817T122012Z::builtin_summarization_trace,kvzap-predictor-trace-20260817T122012Z,builtin_summarization_trace,34,3,4,0.9514435695538058,0.02631578947368421
kvzap-predictor-trace-20260817T122012Z::builtin_summarization_trace,kvzap-predictor-trace-20260817T122012Z,builtin_summarization_trace,34,3,5,0.9973753280839895,0.3333333333333333
kvzap-predictor-trace-20260817T122012Z::builtin_summarization_trace,kvzap-predictor-trace-20260817T122012Z,builtin_summarization_trace,34,3,6,1.0,1.0
kvzap-predictor-trace-20260817T122012Z::builtin_summarization_trace,kvzap-predictor-trace-20260817T122012Z,builtin_summarization_trace,34,3,7,0.24278215223097113,0.0017301038062283738
kvzap-predictor-trace-20260817T122012Z::builtin_summarization_trace,kvzap-predictor-trace-20260817T122012Z,builtin_summarization_trace,34,4,5,0.9539473684210527,0.07894736842105263
kvzap-predictor-trace-20260817T122012Z::builtin_summarization_trace,kvzap-predictor-trace-20260817T122012Z,builtin_summarization_trace,34,4,6,0.9514435695538058,0.02631578947368421
kvzap-predictor-trace-20260817T122012Z::builtin_summarization_trace,kvzap-predictor-trace-20260817T122012Z,builtin_summarization_trace,34,4,7,0.25517241379310346,0.0657439446366782
kvzap-predictor-trace-20260817T122012Z::builtin_summarization_trace,kvzap-predictor-trace-20260817T122012Z,builtin_summarization_trace,34,5,6,0.9973753280839895,0.3333333333333333
kvzap-predictor-trace-20260817T122012Z::builtin_summarization_trace,kvzap-predictor-trace-20260817T122012Z,builtin_summarization_trace,34,5,7,0.24342105263157895,0.005190311418685121
kvzap-predictor-trace-20260817T122012Z::builtin_summarization_trace,kvzap-predictor-trace-20260817T122012Z,builtin_summarization_trace,34,6,7,0.24278215223097113,0.0017301038062283738
kvzap-predictor-trace-20260817T122012Z::builtin_summarization_trace,kvzap-predictor-trace-20260817T122012Z,builtin_summarization_trace,35,0,1,1.0,1.0
kvzap-predictor-trace-20260817T122012Z::builtin_summarization_trace,kvzap-predictor-trace-20260817T122012Z,builtin_summarization_trace,35,0,2,0.9658792650918635,0.037037037037037035
kvzap-predictor-trace-20260817T122012Z::builtin_summarization_trace,kvzap-predictor-trace-20260817T122012Z,builtin_summarization_trace,35,0,3,1.0,1.0
kvzap-predictor-trace-20260817T122012Z::builtin_summarization_trace,kvzap-predictor-trace-20260817T122012Z,builtin_summarization_trace,35,0,4,0.9881889763779528,0.1
kvzap-predictor-trace-20260817T122012Z::builtin_summarization_trace,kvzap-predictor-trace-20260817T122012Z,builtin_summarization_trace,35,0,5,0.952755905511811,0.02702702702702703
kvzap-predictor-trace-20260817T122012Z::builtin_summarization_trace,kvzap-predictor-trace-20260817T122012Z,builtin_summarization_trace,35,0,6,0.9855643044619422,0.08333333333333333
kvzap-predictor-trace-20260817T122012Z::builtin_summarization_trace,kvzap-predictor-trace-20260817T122012Z,builtin_summarization_trace,35,0,7,1.0,1.0
kvzap-predictor-trace-20260817T122012Z::builtin_summarization_trace,kvzap-predictor-trace-20260817T122012Z,builtin_summarization_trace,35,1,2,0.9658792650918635,0.037037037037037035
kvzap-predictor-trace-20260817T122012Z::builtin_summarization_trace,kvzap-predictor-trace-20260817T122012Z,builtin_summarization_trace,35,1,3,1.0,1.0
kvzap-predictor-trace-20260817T122012Z::builtin_summarization_trace,kvzap-predictor-trace-20260817T122012Z,builtin_summarization_trace,35,1,4,0.9881889763779528,0.1
kvzap-predictor-trace-20260817T122012Z::builtin_summarization_trace,kvzap-predictor-trace-20260817T122012Z,builtin_summarization_trace,35,1,5,0.952755905511811,0.02702702702702703
kvzap-predictor-trace-20260817T122012Z::builtin_summarization_trace,kvzap-predictor-trace-20260817T122012Z,builtin_summarization_trace,35,1,6,0.9855643044619422,0.08333333333333333
kvzap-predictor-trace-20260817T122012Z::builtin_summarization_trace,kvzap-predictor-trace-20260817T122012Z,builtin_summarization_trace,35,1,7,1.0,1.0
kvzap-predictor-trace-20260817T122012Z::builtin_summarization_trace,kvzap-predictor-trace-20260817T122012Z,builtin_summarization_trace,35,2,3,0.9658792650918635,0.037037037037037035
kvzap-predictor-trace-20260817T122012Z::builtin_summarization_trace,kvzap-predictor-trace-20260817T122012Z,builtin_summarization_trace,35,2,4,0.9669749009247027,0.1935483870967742
kvzap-predictor-trace-20260817T122012Z::builtin_summarization_trace,kvzap-predictor-trace-20260817T122012Z,builtin_summarization_trace,35,2,5,0.9211563731931669,0.03225806451612903
kvzap-predictor-trace-20260817T122012Z::builtin_summarization_trace,kvzap-predictor-trace-20260817T122012Z,builtin_summarization_trace,35,2,6,0.9721485411140584,0.3
kvzap-predictor-trace-20260817T122012Z::builtin_summarization_trace,kvzap-predictor-trace-20260817T122012Z,builtin_summarization_trace,35,2,7,0.9658792650918635,0.037037037037037035
kvzap-predictor-trace-20260817T122012Z::builtin_summarization_trace,kvzap-predictor-trace-20260817T122012Z,builtin_summarization_trace,35,3,4,0.9881889763779528,0.1
kvzap-predictor-trace-20260817T122012Z::builtin_summarization_trace,kvzap-predictor-trace-20260817T122012Z,builtin_summarization_trace,35,3,5,0.952755905511811,0.02702702702702703
kvzap-predictor-trace-20260817T122012Z::builtin_summarization_trace,kvzap-predictor-trace-20260817T122012Z,builtin_summarization_trace,35,3,6,0.9855643044619422,0.08333333333333333
kvzap-predictor-trace-20260817T122012Z::builtin_summarization_trace,kvzap-predictor-trace-20260817T122012Z,builtin_summarization_trace,35,3,7,1.0,1.0
kvzap-predictor-trace-20260817T122012Z::builtin_summarization_trace,kvzap-predictor-trace-20260817T122012Z,builtin_summarization_trace,35,4,5,0.9486166007905138,0.09302325581395349
kvzap-predictor-trace-20260817T122012Z::builtin_summarization_trace,kvzap-predictor-trace-20260817T122012Z,builtin_summarization_trace,35,4,6,0.9894179894179894,0.4666666666666667
kvzap-predictor-trace-20260817T122012Z::builtin_summarization_trace,kvzap-predictor-trace-20260817T122012Z,builtin_summarization_trace,35,4,7,0.9881889763779528,0.1
kvzap-predictor-trace-20260817T122012Z::builtin_summarization_trace,kvzap-predictor-trace-20260817T122012Z,builtin_summarization_trace,35,5,6,0.9434210526315789,0.06521739130434782
kvzap-predictor-trace-20260817T122012Z::builtin_summarization_trace,kvzap-predictor-trace-20260817T122012Z,builtin_summarization_trace,35,5,7,0.952755905511811,0.02702702702702703
kvzap-predictor-trace-20260817T122012Z::builtin_summarization_trace,kvzap-predictor-trace-20260817T122012Z,builtin_summarization_trace,35,6,7,0.9855643044619422,0.08333333333333333
kvzap-predictor-trace-20260817T122049Z::builtin_reasoning_trace,kvzap-predictor-trace-20260817T122049Z,builtin_reasoning_trace,0,0,1,0.9758276405675249,0.0
kvzap-predictor-trace-20260817T122049Z::builtin_reasoning_trace,kvzap-predictor-trace-20260817T122049Z,builtin_reasoning_trace,0,0,2,0.9816079873883342,0.0
kvzap-predictor-trace-20260817T122049Z::builtin_reasoning_trace,kvzap-predictor-trace-20260817T122049Z,builtin_reasoning_trace,0,0,3,0.9700315457413249,0.017241379310344827
kvzap-predictor-trace-20260817T122049Z::builtin_reasoning_trace,kvzap-predictor-trace-20260817T122049Z,builtin_reasoning_trace,0,0,4,0.9816079873883342,0.0
kvzap-predictor-trace-20260817T122049Z::builtin_reasoning_trace,kvzap-predictor-trace-20260817T122049Z,builtin_reasoning_trace,0,0,5,0.9873150105708245,0.3142857142857143
kvzap-predictor-trace-20260817T122049Z::builtin_reasoning_trace,kvzap-predictor-trace-20260817T122049Z,builtin_reasoning_trace,0,0,6,0.7599787120808941,0.05052631578947368
kvzap-predictor-trace-20260817T122049Z::builtin_reasoning_trace,kvzap-predictor-trace-20260817T122049Z,builtin_reasoning_trace,0,0,7,0.9816079873883342,0.0
kvzap-predictor-trace-20260817T122049Z::builtin_reasoning_trace,kvzap-predictor-trace-20260817T122049Z,builtin_reasoning_trace,0,1,2,0.9942196531791907,0.0
kvzap-predictor-trace-20260817T122049Z::builtin_reasoning_trace,kvzap-predictor-trace-20260817T122049Z,builtin_reasoning_trace,0,1,3,0.9816079873883342,0.0
kvzap-predictor-trace-20260817T122049Z::builtin_reasoning_trace,kvzap-predictor-trace-20260817T122049Z,builtin_reasoning_trace,0,1,4,0.9942196531791907,0.0
kvzap-predictor-trace-20260817T122049Z::builtin_reasoning_trace,kvzap-predictor-trace-20260817T122049Z,builtin_reasoning_trace,0,1,5,0.9884393063583815,0.0
kvzap-predictor-trace-20260817T122049Z::builtin_reasoning_trace,kvzap-predictor-trace-20260817T122049Z,builtin_reasoning_trace,0,1,6,0.7503941145559643,0.0
kvzap-predictor-trace-20260817T122049Z::builtin_reasoning_trace,kvzap-predictor-trace-20260817T122049Z,builtin_reasoning_trace,0,1,7,0.9942196531791907,0.0
kvzap-predictor-trace-20260817T122049Z::builtin_reasoning_trace,kvzap-predictor-trace-20260817T122049Z,builtin_reasoning_trace,0,2,3,0.9873883342091434,0.0
kvzap-predictor-trace-20260817T122049Z::builtin_reasoning_trace,kvzap-predictor-trace-20260817T122049Z,builtin_reasoning_trace,0,2,4,1.0,1.0
kvzap-predictor-trace-20260817T122049Z::builtin_reasoning_trace,kvzap-predictor-trace-20260817T122049Z,builtin_reasoning_trace,0,2,5,0.9942196531791907,0.0
kvzap-predictor-trace-20260817T122049Z::builtin_reasoning_trace,kvzap-predictor-trace-20260817T122049Z,builtin_reasoning_trace,0,2,6,0.7561744613767735,0.0
kvzap-predictor-trace-20260817T122049Z::builtin_reasoning_trace,kvzap-predictor-trace-20260817T122049Z,builtin_reasoning_trace,0,2,7,1.0,1.0
kvzap-predictor-trace-20260817T122049Z::builtin_reasoning_trace,kvzap-predictor-trace-20260817T122049Z,builtin_reasoning_trace,0,3,4,0.9873883342091434,0.0
kvzap-predictor-trace-20260817T122049Z::builtin_reasoning_trace,kvzap-predictor-trace-20260817T122049Z,builtin_reasoning_trace,0,3,5,0.9816079873883342,0.0
kvzap-predictor-trace-20260817T122049Z::builtin_reasoning_trace,kvzap-predictor-trace-20260817T122049Z,builtin_reasoning_trace,0,3,6,0.7444794952681388,0.002053388090349076
kvzap-predictor-trace-20260817T122049Z::builtin_reasoning_trace,kvzap-predictor-trace-20260817T122049Z,builtin_reasoning_trace,0,3,7,0.9873883342091434,0.0
kvzap-predictor-trace-20260817T122049Z::builtin_reasoning_trace,kvzap-predictor-trace-20260817T122049Z,builtin_reasoning_trace,0,4,5,0.9942196531791907,0.0
kvzap-predictor-trace-20260817T122049Z::builtin_reasoning_trace,kvzap-predictor-trace-20260817T122049Z,builtin_reasoning_trace,0,4,6,0.7561744613767735,0.0
kvzap-predictor-trace-20260817T122049Z::builtin_reasoning_trace,kvzap-predictor-trace-20260817T122049Z,builtin_reasoning_trace,0,4,7,1.0,1.0
kvzap-predictor-trace-20260817T122049Z::builtin_reasoning_trace,kvzap-predictor-trace-20260817T122049Z,builtin_reasoning_trace,0,5,6,0.7605708245243129,0.023706896551724137
kvzap-predictor-trace-20260817T122049Z::builtin_reasoning_trace,kvzap-predictor-trace-20260817T122049Z,builtin_reasoning_trace,0,5,7,0.9942196531791907,0.0
kvzap-predictor-trace-20260817T122049Z::builtin_reasoning_trace,kvzap-predictor-trace-20260817T122049Z,builtin_reasoning_trace,0,6,7,0.7561744613767735,0.0
kvzap-predictor-trace-20260817T122049Z::builtin_reasoning_trace,kvzap-predictor-trace-20260817T122049Z,builtin_reasoning_trace,1,0,1,1.0,1.0
kvzap-predictor-trace-20260817T122049Z::builtin_reasoning_trace,kvzap-predictor-trace-20260817T122049Z,builtin_reasoning_trace,1,0,2,0.9858118759852864,0.0
kvzap-predictor-trace-20260817T122049Z::builtin_reasoning_trace,kvzap-predictor-trace-20260817T122049Z,builtin_reasoning_trace,1,0,3,1.0,1.0
kvzap-predictor-trace-20260817T122049Z::builtin_reasoning_trace,kvzap-predictor-trace-20260817T122049Z,builtin_reasoning_trace,1,0,4,0.9674198633736206,0.0
kvzap-predictor-trace-20260817T122049Z::builtin_reasoning_trace,kvzap-predictor-trace-20260817T122049Z,builtin_reasoning_trace,1,0,5,0.8113504992117709,0.0
kvzap-predictor-trace-20260817T122049Z::builtin_reasoning_trace,kvzap-predictor-trace-20260817T122049Z,builtin_reasoning_trace,1,0,6,1.0,1.0
kvzap-predictor-trace-20260817T122049Z::builtin_reasoning_trace,kvzap-predictor-trace-20260817T122049Z,builtin_reasoning_trace,1,0,7,0.15396741986337362,0.0
kvzap-predictor-trace-20260817T122049Z::builtin_reasoning_trace,kvzap-predictor-trace-20260817T122049Z,builtin_reasoning_trace,1,1,2,0.9858118759852864,0.0
kvzap-predictor-trace-20260817T122049Z::builtin_reasoning_trace,kvzap-predictor-trace-20260817T122049Z,builtin_reasoning_trace,1,1,3,1.0,1.0
kvzap-predictor-trace-20260817T122049Z::builtin_reasoning_trace,kvzap-predictor-trace-20260817T122049Z,builtin_reasoning_trace,1,1,4,0.9674198633736206,0.0
kvzap-predictor-trace-20260817T122049Z::builtin_reasoning_trace,kvzap-predictor-trace-20260817T122049Z,builtin_reasoning_trace,1,1,5,0.8113504992117709,0.0
kvzap-predictor-trace-20260817T122049Z::builtin_reasoning_trace,kvzap-predictor-trace-20260817T122049Z,builtin_reasoning_trace,1,1,6,1.0,1.0
kvzap-predictor-trace-20260817T122049Z::builtin_reasoning_trace,kvzap-predictor-trace-20260817T122049Z,builtin_reasoning_trace,1,1,7,0.15396741986337362,0.0
kvzap-predictor-trace-20260817T122049Z::builtin_reasoning_trace,kvzap-predictor-trace-20260817T122049Z,builtin_reasoning_trace,1,2,3,0.9858118759852864,0.0
kvzap-predictor-trace-20260817T122049Z::builtin_reasoning_trace,kvzap-predictor-trace-20260817T122049Z,builtin_reasoning_trace,1,2,4,0.953231739358907,0.0
kvzap-predictor-trace-20260817T122049Z::builtin_reasoning_trace,kvzap-predictor-trace-20260817T122049Z,builtin_reasoning_trace,1,2,5,0.8076109936575053,0.029333333333333333
kvzap-predictor-trace-20260817T122049Z::builtin_reasoning_trace,kvzap-predictor-trace-20260817T122049Z,builtin_reasoning_trace,1,2,6,0.9858118759852864,0.0
kvzap-predictor-trace-20260817T122049Z::builtin_reasoning_trace,kvzap-predictor-trace-20260817T122049Z,builtin_reasoning_trace,1,2,7,0.15618336886993603,0.016770186335403725
kvzap-predictor-trace-20260817T122049Z::builtin_reasoning_trace,kvzap-predictor-trace-20260817T122049Z,builtin_reasoning_trace,1,3,4,0.9674198633736206,0.0
kvzap-predictor-trace-20260817T122049Z::builtin_reasoning_trace,kvzap-predictor-trace-20260817T122049Z,builtin_reasoning_trace,1,3,5,0.8113504992117709,0.0
kvzap-predictor-trace-20260817T122049Z::builtin_reasoning_trace,kvzap-predictor-trace-20260817T122049Z,builtin_reasoning_trace,1,3,6,1.0,1.0
kvzap-predictor-trace-20260817T122049Z::builtin_reasoning_trace,kvzap-predictor-trace-20260817T122049Z,builtin_reasoning_trace,1,3,7,0.15396741986337362,0.0
kvzap-predictor-trace-20260817T122049Z::builtin_reasoning_trace,kvzap-predictor-trace-20260817T122049Z,builtin_reasoning_trace,1,4,5,0.8024494142705005,0.06313131313131314
kvzap-predictor-trace-20260817T122049Z::builtin_reasoning_trace,kvzap-predictor-trace-20260817T122049Z,builtin_reasoning_trace,1,4,6,0.9674198633736206,0.0
kvzap-predictor-trace-20260817T122049Z::builtin_reasoning_trace,kvzap-predictor-trace-20260817T122049Z,builtin_reasoning_trace,1,4,7,0.14854682454251883,0.027658266748617086
kvzap-predictor-trace-20260817T122049Z::builtin_reasoning_trace,kvzap-predictor-trace-20260817T122049Z,builtin_reasoning_trace,1,5,6,0.8113504992117709,0.0
kvzap-predictor-trace-20260817T122049Z::builtin_reasoning_trace,kvzap-predictor-trace-20260817T122049Z,builtin_reasoning_trace,1,5,7,0.06802325581395349,0.10246360582306831
kvzap-predictor-trace-20260817T122049Z::builtin_reasoning_trace,kvzap-predictor-trace-20260817T122049Z,builtin_reasoning_trace,1,6,7,0.15396741986337362,0.0
kvzap-predictor-trace-20260817T122049Z::builtin_reasoning_trace,kvzap-predictor-trace-20260817T122049Z,builtin_reasoning_trace,2,0,1,0.9469259064634787,0.0
kvzap-predictor-trace-20260817T122049Z::builtin_reasoning_trace,kvzap-predictor-trace-20260817T122049Z,builtin_reasoning_trace,2,0,2,0.9637333333333333,0.2916666666666667
kvzap-predictor-trace-20260817T122049Z::builtin_reasoning_trace,kvzap-predictor-trace-20260817T122049Z,builtin_reasoning_trace,2,0,3,0.9012086179716238,0.0
kvzap-predictor-trace-20260817T122049Z::builtin_reasoning_trace,kvzap-predictor-trace-20260817T122049Z,builtin_reasoning_trace,2,0,4,0.9784550709406201,0.0
kvzap-predictor-trace-20260817T122049Z::builtin_reasoning_trace,kvzap-predictor-trace-20260817T122049Z,builtin_reasoning_trace,2,0,5,0.8775185577942736,0.06854838709677419
kvzap-predictor-trace-20260817T122049Z::builtin_reasoning_trace,kvzap-predictor-trace-20260817T122049Z,builtin_reasoning_trace,2,0,6,0.9795060430898581,0.0
kvzap-predictor-trace-20260817T122049Z::builtin_reasoning_trace,kvzap-predictor-trace-20260817T122049Z,builtin_reasoning_trace,2,0,7,0.0005333333333333334,0.014721345951629864
kvzap-predictor-trace-20260817T122049Z::builtin_reasoning_trace,kvzap-predictor-trace-20260817T122049Z,builtin_reasoning_trace,2,1,2,0.9111928533893852,0.0
kvzap-predictor-trace-20260817T122049Z::builtin_reasoning_trace,kvzap-predictor-trace-20260817T122049Z,builtin_reasoning_trace,2,1,3,0.9189044038668098,0.21354166666666666
kvzap-predictor-trace-20260817T122049Z::builtin_reasoning_trace,kvzap-predictor-trace-20260817T122049Z,builtin_reasoning_trace,2,1,4,0.9609910384818134,0.075
kvzap-predictor-trace-20260817T122049Z::builtin_reasoning_trace,kvzap-predictor-trace-20260817T122049Z,builtin_reasoning_trace,2,1,5,0.8516949152542372,0.05084745762711865
kvzap-predictor-trace-20260817T122049Z::builtin_reasoning_trace,kvzap-predictor-trace-20260817T122049Z,builtin_reasoning_trace,2,1,6,0.96723044397463,0.1506849315068493
kvzap-predictor-trace-20260817T122049Z::builtin_reasoning_trace,kvzap-predictor-trace-20260817T122049Z,builtin_reasoning_trace,2,1,7,0.000546448087431694,0.03838065194532071
kvzap-predictor-trace-20260817T122049Z::builtin_reasoning_trace,kvzap-predictor-trace-20260817T122049Z,builtin_reasoning_trace,2,2,3,0.871375856615709,0.024
kvzap-predictor-trace-20260817T122049Z::builtin_reasoning_trace,kvzap-predictor-trace-20260817T122049Z,builtin_reasoning_trace,2,2,4,0.9427220178665265,0.0
kvzap-predictor-trace-20260817T122049Z::builtin_reasoning_trace,kvzap-predictor-trace-20260817T122049Z,builtin_reasoning_trace,2,2,5,0.8522666666666666,0.09180327868852459
kvzap-predictor-trace-20260817T122049Z::builtin_reasoning_trace,kvzap-predictor-trace-20260817T122049Z,builtin_reasoning_trace,2,2,6,0.9437729900157645,0.0
kvzap-predictor-trace-20260817T122049Z::builtin_reasoning_trace,kvzap-predictor-trace-20260817T122049Z,builtin_reasoning_trace,2,2,7,0.0005534034311012728,0.050473186119873815
kvzap-predictor-trace-20260817T122049Z::builtin_reasoning_trace,kvzap-predictor-trace-20260817T122049Z,builtin_reasoning_trace,2,3,4,0.915129151291513,0.03592814371257485
kvzap-predictor-trace-20260817T122049Z::builtin_reasoning_trace,kvzap-predictor-trace-20260817T122049Z,builtin_reasoning_trace,2,3,5,0.8456957227937195,0.16422287390029325
kvzap-predictor-trace-20260817T122049Z::builtin_reasoning_trace,kvzap-predictor-trace-20260817T122049Z,builtin_reasoning_trace,2,3,6,0.921247357293869,0.06875
kvzap-predictor-trace-20260817T122049Z::builtin_reasoning_trace,kvzap-predictor-trace-20260817T122049Z,builtin_reasoning_trace,2,3,7,0.0005737234652897303,0.08412197686645637
kvzap-predictor-trace-20260817T122049Z::builtin_reasoning_trace,kvzap-predictor-trace-20260817T122049Z,builtin_reasoning_trace,2,4,5,0.871578947368421,0.012145748987854251
kvzap-predictor-trace-20260817T122049Z::builtin_reasoning_trace,kvzap-predictor-trace-20260817T122049Z,builtin_reasoning_trace,2,4,6,0.9873883342091434,0.0
kvzap-predictor-trace-20260817T122049Z::builtin_reasoning_trace,kvzap-predictor-trace-20260817T122049Z,builtin_reasoning_trace,2,4,7,0.0005291005291005291,0.006834910620399579
kvzap-predictor-trace-20260817T122049Z::builtin_reasoning_trace,kvzap-predictor-trace-20260817T122049Z,builtin_reasoning_trace,2,5,6,0.8696794534944824,0.0
kvzap-predictor-trace-20260817T122049Z::builtin_reasoning_trace,kvzap-predictor-trace-20260817T122049Z,builtin_reasoning_trace,2,5,7,0.0006002400960384153,0.12460567823343849
kvzap-predictor-trace-20260817T122049Z::builtin_reasoning_trace,kvzap-predictor-trace-20260817T122049Z,builtin_reasoning_trace,2,6,7,0.0005285412262156448,0.0057833859095688745
kvzap-predictor-trace-20260817T122049Z::builtin_reasoning_trace,kvzap-predictor-trace-20260817T122049Z,builtin_reasoning_trace,3,0,1,0.18677685950413223,0.056265984654731455
kvzap-predictor-trace-20260817T122049Z::builtin_reasoning_trace,kvzap-predictor-trace-20260817T122049Z,builtin_reasoning_trace,3,0,2,0.8819068255687974,0.20727272727272728
kvzap-predictor-trace-20260817T122049Z::builtin_reasoning_trace,kvzap-predictor-trace-20260817T122049Z,builtin_reasoning_trace,3,0,3,0.34268753372908795,0.03943217665615142
kvzap-predictor-trace-20260817T122049Z::builtin_reasoning_trace,kvzap-predictor-trace-20260817T122049Z,builtin_reasoning_trace,3,0,4,0.8191940615058324,0.04748603351955307
kvzap-predictor-trace-20260817T122049Z::builtin_reasoning_trace,kvzap-predictor-trace-20260817T122049Z,builtin_reasoning_trace,3,0,5,0.9484210526315789,0.0297029702970297
kvzap-predictor-trace-20260817T122049Z::builtin_reasoning_trace,kvzap-predictor-trace-20260817T122049Z,builtin_reasoning_trace,3,0,6,0.9475357710651828,0.1391304347826087
kvzap-predictor-trace-20260817T122049Z::builtin_reasoning_trace,kvzap-predictor-trace-20260817T122049Z,builtin_reasoning_trace,3,0,7,0.9488272921108742,0.21951219512195122
kvzap-predictor-trace-20260817T122049Z::builtin_reasoning_trace,kvzap-predictor-trace-20260817T122049Z,builtin_reasoning_trace,3,1,2,0.18165784832451498,0.12672521957340024
kvzap-predictor-trace-20260817T122049Z::builtin_reasoning_trace,kvzap-predictor-trace-20260817T122049Z,builtin_reasoning_trace,3,1,3,0.38191632928475033,0.717283950617284
kvzap-predictor-trace-20260817T122049Z::builtin_reasoning_trace,kvzap-predictor-trace-20260817T122049Z,builtin_reasoning_trace,3,1,4,0.21120689655172414,0.17884615384615385
kvzap-predictor-trace-20260817T122049Z::builtin_reasoning_trace,kvzap-predictor-trace-20260817T122049Z,builtin_reasoning_trace,3,1,5,0.18225039619651348,0.006418485237483954
kvzap-predictor-trace-20260817T122049Z::builtin_reasoning_trace,kvzap-predictor-trace-20260817T122049Z,builtin_reasoning_trace,3,1,6,0.18488745980707397,0.02374839537869063
kvzap-predictor-trace-20260817T122049Z::builtin_reasoning_trace,kvzap-predictor-trace-20260817T122049Z,builtin_reasoning_trace,3,1,7,0.18678938819707633,0.03594351732991014
kvzap-predictor-trace-20260817T122049Z::builtin_reasoning_trace,kvzap-predictor-trace-20260817T122049Z,builtin_reasoning_trace,3,2,3,0.3235460191981931,0.09924812030075188
kvzap-predictor-trace-20260817T122049Z::builtin_reasoning_trace,kvzap-predictor-trace-20260817T122049Z,builtin_reasoning_trace,3,2,4,0.7873844480696031,0.14065934065934066
kvzap-predictor-trace-20260817T122049Z::builtin_reasoning_trace,kvzap-predictor-trace-20260817T122049Z,builtin_reasoning_trace,3,2,5,0.8775725593667546,0.03333333333333333
kvzap-predictor-trace-20260817T122049Z::builtin_reasoning_trace,kvzap-predictor-trace-20260817T122049Z,builtin_reasoning_trace,3,2,6,0.8732095490716181,0.07003891050583658
kvzap-predictor-trace-20260817T122049Z::builtin_reasoning_trace,kvzap-predictor-trace-20260817T122049Z,builtin_reasoning_trace,3,2,7,0.8740661686232657,0.10943396226415095
kvzap-predictor-trace-20260817T122049Z::builtin_reasoning_trace,kvzap-predictor-trace-20260817T122049Z,builtin_reasoning_trace,3,3,4,0.3770197486535009,0.18224666142969365
kvzap-predictor-trace-20260817T122049Z::builtin_reasoning_trace,kvzap-predictor-trace-20260817T122049Z,builtin_reasoning_trace,3,3,5,0.3543970510795155,0.0032520325203252032
kvzap-predictor-trace-20260817T122049Z::builtin_reasoning_trace,kvzap-predictor-trace-20260817T122049Z,builtin_reasoning_trace,3,3,6,0.3587827015483182,0.024370430544272948
kvzap-predictor-trace-20260817T122049Z::builtin_reasoning_trace,kvzap-predictor-trace-20260817T122049Z,builtin_reasoning_trace,3,3,7,0.36172506738544474,0.03896103896103896
kvzap-predictor-trace-20260817T122049Z::builtin_reasoning_trace,kvzap-predictor-trace-20260817T122049Z,builtin_reasoning_trace,3,4,5,0.8519494204425712,0.017482517482517484
kvzap-predictor-trace-20260817T122049Z::builtin_reasoning_trace,kvzap-predictor-trace-20260817T122049Z,builtin_reasoning_trace,3,4,6,0.8455026455026455,0.04262295081967213
kvzap-predictor-trace-20260817T122049Z::builtin_reasoning_trace,kvzap-predictor-trace-20260817T122049Z,builtin_reasoning_trace,3,4,7,0.8412951167728238,0.059748427672955975
kvzap-predictor-trace-20260817T122049Z::builtin_reasoning_trace,kvzap-predictor-trace-20260817T122049Z,builtin_reasoning_trace,3,5,6,0.978421052631579,0.06818181818181818
kvzap-predictor-trace-20260817T122049Z::builtin_reasoning_trace,kvzap-predictor-trace-20260817T122049Z,builtin_reasoning_trace,3,5,7,0.968421052631579,0.047619047619047616
kvzap-predictor-trace-20260817T122049Z::builtin_reasoning_trace,kvzap-predictor-trace-20260817T122049Z,builtin_reasoning_trace,3,6,7,0.9687168610816543,0.2236842105263158
kvzap-predictor-trace-20260817T122049Z::builtin_reasoning_trace,kvzap-predictor-trace-20260817T122049Z,builtin_reasoning_trace,4,0,1,0.09273318872017354,0.034064665127020784
kvzap-predictor-trace-20260817T122049Z::builtin_reasoning_trace,kvzap-predictor-trace-20260817T122049Z,builtin_reasoning_trace,4,0,2,0.9652814308258811,0.029411764705882353
kvzap-predictor-trace-20260817T122049Z::builtin_reasoning_trace,kvzap-predictor-trace-20260817T122049Z,builtin_reasoning_trace,4,0,3,0.9658254468980021,0.015151515151515152
kvzap-predictor-trace-20260817T122049Z::builtin_reasoning_trace,kvzap-predictor-trace-20260817T122049Z,builtin_reasoning_trace,4,0,4,0.9600630583289543,0.0
kvzap-predictor-trace-20260817T122049Z::builtin_reasoning_trace,kvzap-predictor-trace-20260817T122049Z,builtin_reasoning_trace,4,0,5,0.9695057833859095,0.01694915254237288
kvzap-predictor-trace-20260817T122049Z::builtin_reasoning_trace,kvzap-predictor-trace-20260817T122049Z,builtin_reasoning_trace,4,0,6,0.9621650026274303,0.0
kvzap-predictor-trace-20260817T122049Z::builtin_reasoning_trace,kvzap-predictor-trace-20260817T122049Z,builtin_reasoning_trace,4,0,7,0.9335812964930924,0.14383561643835616
kvzap-predictor-trace-20260817T122049Z::builtin_reasoning_trace,kvzap-predictor-trace-20260817T122049Z,builtin_reasoning_trace,4,1,2,0.09038054968287526,0.006351039260969977
kvzap-predictor-trace-20260817T122049Z::builtin_reasoning_trace,kvzap-predictor-trace-20260817T122049Z,builtin_reasoning_trace,4,1,3,0.09023746701846966,0.004618937644341801
kvzap-predictor-trace-20260817T122049Z::builtin_reasoning_trace,kvzap-predictor-trace-20260817T122049Z,builtin_reasoning_trace,4,1,4,0.09066808059384941,0.009815242494226328
kvzap-predictor-trace-20260817T122049Z::builtin_reasoning_trace,kvzap-predictor-trace-20260817T122049Z,builtin_reasoning_trace,4,1,5,0.08990536277602523,0.0005773672055427252
kvzap-predictor-trace-20260817T122049Z::builtin_reasoning_trace,kvzap-predictor-trace-20260817T122049Z,builtin_reasoning_trace,4,1,6,0.09047619047619047,0.007505773672055427
kvzap-predictor-trace-20260817T122049Z::builtin_reasoning_trace,kvzap-predictor-trace-20260817T122049Z,builtin_reasoning_trace,4,1,7,0.08980044345898004,0.05686387133831131
kvzap-predictor-trace-20260817T122049Z::builtin_reasoning_trace,kvzap-predictor-trace-20260817T122049Z,builtin_reasoning_trace,4,2,3,0.9931578947368421,0.1875
kvzap-predictor-trace-20260817T122049Z::builtin_reasoning_trace,kvzap-predictor-trace-20260817T122049Z,builtin_reasoning_trace,4,2,4,0.988421052631579,0.12
kvzap-predictor-trace-20260817T122049Z::builtin_reasoning_trace,kvzap-predictor-trace-20260817T122049Z,builtin_reasoning_trace,4,2,5,0.9936941671045717,0.0
kvzap-predictor-trace-20260817T122049Z::builtin_reasoning_trace,kvzap-predictor-trace-20260817T122049Z,builtin_reasoning_trace,4,2,6,0.9915745129015271,0.2
kvzap-predictor-trace-20260817T122049Z::builtin_reasoning_trace,kvzap-predictor-trace-20260817T122049Z,builtin_reasoning_trace,4,2,7,0.9425711275026344,0.043859649122807015
kvzap-predictor-trace-20260817T122049Z::builtin_reasoning_trace,kvzap-predictor-trace-20260817T122049Z,builtin_reasoning_trace,4,3,4,0.9920969441517387,0.25
kvzap-predictor-trace-20260817T122049Z::builtin_reasoning_trace,kvzap-predictor-trace-20260817T122049Z,builtin_reasoning_trace,4,3,5,0.9952706253284288,0.0
kvzap-predictor-trace-20260817T122049Z::builtin_reasoning_trace,kvzap-predictor-trace-20260817T122049Z,builtin_reasoning_trace,4,3,6,0.9963080168776371,0.5
kvzap-predictor-trace-20260817T122049Z::builtin_reasoning_trace,kvzap-predictor-trace-20260817T122049Z,builtin_reasoning_trace,4,3,7,0.9451765946230891,0.05454545454545454
kvzap-predictor-trace-20260817T122049Z::builtin_reasoning_trace,kvzap-predictor-trace-20260817T122049Z,builtin_reasoning_trace,4,4,5,0.9905412506568576,0.0
kvzap-predictor-trace-20260817T122049Z::builtin_reasoning_trace,kvzap-predictor-trace-20260817T122049Z,builtin_reasoning_trace,4,4,6,0.9894625922023182,0.2
kvzap-predictor-trace-20260817T122049Z::builtin_reasoning_trace,kvzap-predictor-trace-20260817T122049Z,builtin_reasoning_trace,4,4,7,0.9455602536997886,0.09649122807017543
kvzap-predictor-trace-20260817T122049Z::builtin_reasoning_trace,kvzap-predictor-trace-20260817T122049Z,builtin_reasoning_trace,4,5,6,0.9926431949553337,0.0
kvzap-predictor-trace-20260817T122049Z::builtin_reasoning_trace,kvzap-predictor-trace-20260817T122049Z,builtin_reasoning_trace,4,5,7,0.9437434279705573,0.009259259259259259
kvzap-predictor-trace-20260817T122049Z::builtin_reasoning_trace,kvzap-predictor-trace-20260817T122049Z,builtin_reasoning_trace,4,6,7,0.9476744186046512,0.1
kvzap-predictor-trace-20260817T122049Z::builtin_reasoning_trace,kvzap-predictor-trace-20260817T122049Z,builtin_reasoning_trace,5,0,1,0.7525773195876289,0.11627906976744186
kvzap-predictor-trace-20260817T122049Z::builtin_reasoning_trace,kvzap-predictor-trace-20260817T122049Z,builtin_reasoning_trace,5,0,2,0.9000528820729773,0.05970149253731343
kvzap-predictor-trace-20260817T122049Z::builtin_reasoning_trace,kvzap-predictor-trace-20260817T122049Z,builtin_reasoning_trace,5,0,3,0.29909194097616343,0.10247093023255814
kvzap-predictor-trace-20260817T122049Z::builtin_reasoning_trace,kvzap-predictor-trace-20260817T122049Z,builtin_reasoning_trace,5,0,4,0.9014752370916754,0.026041666666666668
kvzap-predictor-trace-20260817T122049Z::builtin_reasoning_trace,kvzap-predictor-trace-20260817T122049Z,builtin_reasoning_trace,5,0,5,0.8842714360862703,0.009009009009009009
kvzap-predictor-trace-20260817T122049Z::builtin_reasoning_trace,kvzap-predictor-trace-20260817T122049Z,builtin_reasoning_trace,5,0,6,0.8995793901156677,0.005208333333333333
kvzap-predictor-trace-20260817T122049Z::builtin_reasoning_trace,kvzap-predictor-trace-20260817T122049Z,builtin_reasoning_trace,5,0,7,0.9004214963119073,0.02577319587628866
kvzap-predictor-trace-20260817T122049Z::builtin_reasoning_trace,kvzap-predictor-trace-20260817T122049Z,builtin_reasoning_trace,5,1,2,0.8023317435082141,0.04113110539845758
kvzap-predictor-trace-20260817T122049Z::builtin_reasoning_trace,kvzap-predictor-trace-20260817T122049Z,builtin_reasoning_trace,5,1,3,0.3000619962802232,0.204369274136716
kvzap-predictor-trace-20260817T122049Z::builtin_reasoning_trace,kvzap-predictor-trace-20260817T122049Z,builtin_reasoning_trace,5,1,4,0.8003161222339304,0.013020833333333334
kvzap-predictor-trace-20260817T122049Z::builtin_reasoning_trace,kvzap-predictor-trace-20260817T122049Z,builtin_reasoning_trace,5,1,5,0.8060735215769845,0.06666666666666667
kvzap-predictor-trace-20260817T122049Z::builtin_reasoning_trace,kvzap-predictor-trace-20260817T122049Z,builtin_reasoning_trace,5,1,6,0.7986330178759201,0.0026041666666666665
kvzap-predictor-trace-20260817T122049Z::builtin_reasoning_trace,kvzap-predictor-trace-20260817T122049Z,builtin_reasoning_trace,5,1,7,0.795478443743428,0.002564102564102564
kvzap-predictor-trace-20260817T122049Z::builtin_reasoning_trace,kvzap-predictor-trace-20260817T122049Z,builtin_reasoning_trace,5,2,3,0.29952456418383516,0.0074850299401197605
kvzap-predictor-trace-20260817T122049Z::builtin_reasoning_trace,kvzap-predictor-trace-20260817T122049Z,builtin_reasoning_trace,5,2,4,0.9915700737618546,0.23809523809523808
kvzap-predictor-trace-20260817T122049Z::builtin_reasoning_trace,kvzap-predictor-trace-20260817T122049Z,builtin_reasoning_trace,5,2,5,0.976303317535545,0.08163265306122448
kvzap-predictor-trace-20260817T122049Z::builtin_reasoning_trace,kvzap-predictor-trace-20260817T122049Z,builtin_reasoning_trace,5,2,6,0.9894847528916929,0.047619047619047616
kvzap-predictor-trace-20260817T122049Z::builtin_reasoning_trace,kvzap-predictor-trace-20260817T122049Z,builtin_reasoning_trace,5,2,7,0.9863301787592008,0.037037037037037035
kvzap-predictor-trace-20260817T122049Z::builtin_reasoning_trace,kvzap-predictor-trace-20260817T122049Z,builtin_reasoning_trace,5,3,4,0.30453108535300316,0.0037735849056603774
kvzap-predictor-trace-20260817T122049Z::builtin_reasoning_trace,kvzap-predictor-trace-20260817T122049Z,builtin_reasoning_trace,5,3,5,0.3005841741901221,0.014958863126402393
kvzap-predictor-trace-20260817T122049Z::builtin_reasoning_trace,kvzap-predictor-trace-20260817T122049Z,builtin_reasoning_trace,5,3,6,0.3038906414300736,0.0007547169811320754
kvzap-predictor-trace-20260817T122049Z::builtin_reasoning_trace,kvzap-predictor-trace-20260817T122049Z,builtin_reasoning_trace,5,3,7,0.3048523206751055,0.005283018867924529
kvzap-predictor-trace-20260817T122049Z::builtin_reasoning_trace,kvzap-predictor-trace-20260817T122049Z,builtin_reasoning_trace,5,4,5,0.9815983175604627,0.027777777777777776
kvzap-predictor-trace-20260817T122049Z::builtin_reasoning_trace,kvzap-predictor-trace-20260817T122049Z,builtin_reasoning_trace,5,4,6,0.9978969505783386,0.2
kvzap-predictor-trace-20260817T122049Z::builtin_reasoning_trace,kvzap-predictor-trace-20260817T122049Z,builtin_reasoning_trace,5,4,7,0.9947423764458465,0.09090909090909091
kvzap-predictor-trace-20260817T122049Z::builtin_reasoning_trace,kvzap-predictor-trace-20260817T122049Z,builtin_reasoning_trace,5,5,6,0.9837013669821241,0.03125
kvzap-predictor-trace-20260817T122049Z::builtin_reasoning_trace,kvzap-predictor-trace-20260817T122049Z,builtin_reasoning_trace,5,5,7,0.9795060430898581,0.0
kvzap-predictor-trace-20260817T122049Z::builtin_reasoning_trace,kvzap-predictor-trace-20260817T122049Z,builtin_reasoning_trace,5,6,7,0.9957961114030478,0.0
kvzap-predictor-trace-20260817T122049Z::builtin_reasoning_trace,kvzap-predictor-trace-20260817T122049Z,builtin_reasoning_trace,6,0,1,0.9921135646687698,0.0625
kvzap-predictor-trace-20260817T122049Z::builtin_reasoning_trace,kvzap-predictor-trace-20260817T122049Z,builtin_reasoning_trace,6,0,2,0.9431877958968964,0.01818181818181818
kvzap-predictor-trace-20260817T122049Z::builtin_reasoning_trace,kvzap-predictor-trace-20260817T122049Z,builtin_reasoning_trace,6,0,3,0.7681388012618297,0.0022624434389140274
kvzap-predictor-trace-20260817T122049Z::builtin_reasoning_trace,kvzap-predictor-trace-20260817T122049Z,builtin_reasoning_trace,6,0,4,0.9779179810725552,0.023255813953488372
kvzap-predictor-trace-20260817T122049Z::builtin_reasoning_trace,kvzap-predictor-trace-20260817T122049Z,builtin_reasoning_trace,6,0,5,0.9973711882229233,0.16666666666666666
kvzap-predictor-trace-20260817T122049Z::builtin_reasoning_trace,kvzap-predictor-trace-20260817T122049Z,builtin_reasoning_trace,6,0,6,0.9658254468980021,0.015151515151515152
kvzap-predictor-trace-20260817T122049Z::builtin_reasoning_trace,kvzap-predictor-trace-20260817T122049Z,builtin_reasoning_trace,6,0,7,0.8905263157894737,0.014218009478672985
kvzap-predictor-trace-20260817T122049Z::builtin_reasoning_trace,kvzap-predictor-trace-20260817T122049Z,builtin_reasoning_trace,6,1,2,0.9405576012624934,0.017391304347826087
kvzap-predictor-trace-20260817T122049Z::builtin_reasoning_trace,kvzap-predictor-trace-20260817T122049Z,builtin_reasoning_trace,6,1,3,0.7748414376321353,0.02517162471395881
kvzap-predictor-trace-20260817T122049Z::builtin_reasoning_trace,kvzap-predictor-trace-20260817T122049Z,builtin_reasoning_trace,6,1,4,0.9763282482903735,0.0425531914893617
kvzap-predictor-trace-20260817T122049Z::builtin_reasoning_trace,kvzap-predictor-trace-20260817T122049Z,builtin_reasoning_trace,6,1,5,0.9947423764458465,0.09090909090909091
kvzap-predictor-trace-20260817T122049Z::builtin_reasoning_trace,kvzap-predictor-trace-20260817T122049Z,builtin_reasoning_trace,6,1,6,0.9631966351209253,0.014084507042253521
kvzap-predictor-trace-20260817T122049Z::builtin_reasoning_trace,kvzap-predictor-trace-20260817T122049Z,builtin_reasoning_trace,6,1,7,0.8888888888888888,0.018604651162790697
kvzap-predictor-trace-20260817T122049Z::builtin_reasoning_trace,kvzap-predictor-trace-20260817T122049Z,builtin_reasoning_trace,6,2,3,0.7752992383025027,0.13598326359832635
kvzap-predictor-trace-20260817T122049Z::builtin_reasoning_trace,kvzap-predictor-trace-20260817T122049Z,builtin_reasoning_trace,6,2,4,0.9396186440677966,0.11627906976744186
kvzap-predictor-trace-20260817T122049Z::builtin_reasoning_trace,kvzap-predictor-trace-20260817T122049Z,builtin_reasoning_trace,6,2,5,0.944794952681388,0.009433962264150943
kvzap-predictor-trace-20260817T122049Z::builtin_reasoning_trace,kvzap-predictor-trace-20260817T122049Z,builtin_reasoning_trace,6,2,6,0.9512064343163539,0.29457364341085274
kvzap-predictor-trace-20260817T122049Z::builtin_reasoning_trace,kvzap-predictor-trace-20260817T122049Z,builtin_reasoning_trace,6,2,7,0.8967952199891364,0.24603174603174602
kvzap-predictor-trace-20260817T122049Z::builtin_reasoning_trace,kvzap-predictor-trace-20260817T122049Z,builtin_reasoning_trace,6,3,4,0.7624338624338625,0.02813852813852814
kvzap-predictor-trace-20260817T122049Z::builtin_reasoning_trace,kvzap-predictor-trace-20260817T122049Z,builtin_reasoning_trace,6,3,5,0.7707676130389064,0.002288329519450801
kvzap-predictor-trace-20260817T122049Z::builtin_reasoning_trace,kvzap-predictor-trace-20260817T122049Z,builtin_reasoning_trace,6,3,6,0.7746781115879828,0.08496732026143791
kvzap-predictor-trace-20260817T122049Z::builtin_reasoning_trace,kvzap-predictor-trace-20260817T122049Z,builtin_reasoning_trace,6,3,7,0.7828539199097575,0.2524271844660194
kvzap-predictor-trace-20260817T122049Z::builtin_reasoning_trace,kvzap-predictor-trace-20260817T122049Z,builtin_reasoning_trace,6,4,5,0.980546792849632,0.02631578947368421
kvzap-predictor-trace-20260817T122049Z::builtin_reasoning_trace,kvzap-predictor-trace-20260817T122049Z,builtin_reasoning_trace,6,4,6,0.9490010515247108,0.01020408163265306
kvzap-predictor-trace-20260817T122049Z::builtin_reasoning_trace,kvzap-predictor-trace-20260817T122049Z,builtin_reasoning_trace,6,4,7,0.8936170212765957,0.1031390134529148
kvzap-predictor-trace-20260817T122049Z::builtin_reasoning_trace,kvzap-predictor-trace-20260817T122049Z,builtin_reasoning_trace,6,5,6,0.9684542586750788,0.01639344262295082
kvzap-predictor-trace-20260817T122049Z::builtin_reasoning_trace,kvzap-predictor-trace-20260817T122049Z,builtin_reasoning_trace,6,5,7,0.8911671924290221,0.004807692307692308
kvzap-predictor-trace-20260817T122049Z::builtin_reasoning_trace,kvzap-predictor-trace-20260817T122049Z,builtin_reasoning_trace,6,6,7,0.8803827751196173,0.08906882591093117
kvzap-predictor-trace-20260817T122049Z::builtin_reasoning_trace,kvzap-predictor-trace-20260817T122049Z,builtin_reasoning_trace,7,0,1,0.0,0.02417235943247504
kvzap-predictor-trace-20260817T122049Z::builtin_reasoning_trace,kvzap-predictor-trace-20260817T122049Z,builtin_reasoning_trace,7,0,2,0.9747634069400631,0.02040816326530612
kvzap-predictor-trace-20260817T122049Z::builtin_reasoning_trace,kvzap-predictor-trace-20260817T122049Z,builtin_reasoning_trace,7,0,3,0.9758276405675249,0.0
kvzap-predictor-trace-20260817T122049Z::builtin_reasoning_trace,kvzap-predictor-trace-20260817T122049Z,builtin_reasoning_trace,7,0,4,0.9758276405675249,0.0
kvzap-predictor-trace-20260817T122049Z::builtin_reasoning_trace,kvzap-predictor-trace-20260817T122049Z,builtin_reasoning_trace,7,0,5,0.15573333333333333,0.01738050900062073
kvzap-predictor-trace-20260817T122049Z::builtin_reasoning_trace,kvzap-predictor-trace-20260817T122049Z,builtin_reasoning_trace,7,0,6,0.9763406940063092,0.021739130434782608
kvzap-predictor-trace-20260817T122049Z::builtin_reasoning_trace,kvzap-predictor-trace-20260817T122049Z,builtin_reasoning_trace,7,0,7,0.9763406940063092,0.021739130434782608
kvzap-predictor-trace-20260817T122049Z::builtin_reasoning_trace,kvzap-predictor-trace-20260817T122049Z,builtin_reasoning_trace,7,1,2,0.0,0.0021019442984760903
kvzap-predictor-trace-20260817T122049Z::builtin_reasoning_trace,kvzap-predictor-trace-20260817T122049Z,builtin_reasoning_trace,7,1,3,0.0,0.0
kvzap-predictor-trace-20260817T122049Z::builtin_reasoning_trace,kvzap-predictor-trace-20260817T122049Z,builtin_reasoning_trace,7,1,4,0.0,0.0
kvzap-predictor-trace-20260817T122049Z::builtin_reasoning_trace,kvzap-predictor-trace-20260817T122049Z,builtin_reasoning_trace,7,1,5,0.0,0.837099316868103
kvzap-predictor-trace-20260817T122049Z::builtin_reasoning_trace,kvzap-predictor-trace-20260817T122049Z,builtin_reasoning_trace,7,1,6,0.0,0.0005254860746190226
kvzap-predictor-trace-20260817T122049Z::builtin_reasoning_trace,kvzap-predictor-trace-20260817T122049Z,builtin_reasoning_trace,7,1,7,0.0,0.0005254860746190226
kvzap-predictor-trace-20260817T122049Z::builtin_reasoning_trace,kvzap-predictor-trace-20260817T122049Z,builtin_reasoning_trace,7,2,3,0.9978980557015239,0.0
kvzap-predictor-trace-20260817T122049Z::builtin_reasoning_trace,kvzap-predictor-trace-20260817T122049Z,builtin_reasoning_trace,7,2,4,0.9978980557015239,0.0
kvzap-predictor-trace-20260817T122049Z::builtin_reasoning_trace,kvzap-predictor-trace-20260817T122049Z,builtin_reasoning_trace,7,2,5,0.16324381253291206,0.0025109855618330196
kvzap-predictor-trace-20260817T122049Z::builtin_reasoning_trace,kvzap-predictor-trace-20260817T122049Z,builtin_reasoning_trace,7,2,6,0.998422712933754,0.25
kvzap-predictor-trace-20260817T122049Z::builtin_reasoning_trace,kvzap-predictor-trace-20260817T122049Z,builtin_reasoning_trace,7,2,7,0.998422712933754,0.25
kvzap-predictor-trace-20260817T122049Z::builtin_reasoning_trace,kvzap-predictor-trace-20260817T122049Z,builtin_reasoning_trace,7,3,4,1.0,1.0
kvzap-predictor-trace-20260817T122049Z::builtin_reasoning_trace,kvzap-predictor-trace-20260817T122049Z,builtin_reasoning_trace,7,3,5,0.162900683131897,0.0
kvzap-predictor-trace-20260817T122049Z::builtin_reasoning_trace,kvzap-predictor-trace-20260817T122049Z,builtin_reasoning_trace,7,3,6,0.999474513925381,0.0
kvzap-predictor-trace-20260817T122049Z::builtin_reasoning_trace,kvzap-predictor-trace-20260817T122049Z,builtin_reasoning_trace,7,3,7,0.999474513925381,0.0
kvzap-predictor-trace-20260817T122049Z::builtin_reasoning_trace,kvzap-predictor-trace-20260817T122049Z,builtin_reasoning_trace,7,4,5,0.162900683131897,0.0
kvzap-predictor-trace-20260817T122049Z::builtin_reasoning_trace,kvzap-predictor-trace-20260817T122049Z,builtin_reasoning_trace,7,4,6,0.999474513925381,0.0
kvzap-predictor-trace-20260817T122049Z::builtin_reasoning_trace,kvzap-predictor-trace-20260817T122049Z,builtin_reasoning_trace,7,4,7,0.999474513925381,0.0
kvzap-predictor-trace-20260817T122049Z::builtin_reasoning_trace,kvzap-predictor-trace-20260817T122049Z,builtin_reasoning_trace,7,5,6,0.16298633017875921,0.0006277463904582549
kvzap-predictor-trace-20260817T122049Z::builtin_reasoning_trace,kvzap-predictor-trace-20260817T122049Z,builtin_reasoning_trace,7,5,7,0.16298633017875921,0.0006277463904582549
kvzap-predictor-trace-20260817T122049Z::builtin_reasoning_trace,kvzap-predictor-trace-20260817T122049Z,builtin_reasoning_trace,7,6,7,1.0,1.0
kvzap-predictor-trace-20260817T122049Z::builtin_reasoning_trace,kvzap-predictor-trace-20260817T122049Z,builtin_reasoning_trace,8,0,1,0.9193899782135077,0.3116279069767442
kvzap-predictor-trace-20260817T122049Z::builtin_reasoning_trace,kvzap-predictor-trace-20260817T122049Z,builtin_reasoning_trace,8,0,2,0.9584647739221872,0.0125
kvzap-predictor-trace-20260817T122049Z::builtin_reasoning_trace,kvzap-predictor-trace-20260817T122049Z,builtin_reasoning_trace,8,0,3,0.9589689637033141,0.025
kvzap-predictor-trace-20260817T122049Z::builtin_reasoning_trace,kvzap-predictor-trace-20260817T122049Z,builtin_reasoning_trace,8,0,4,0.5641725832878208,0.08275862068965517
kvzap-predictor-trace-20260817T122049Z::builtin_reasoning_trace,kvzap-predictor-trace-20260817T122049Z,builtin_reasoning_trace,8,0,5,0.8294491525423728,0.04451038575667656
kvzap-predictor-trace-20260817T122049Z::builtin_reasoning_trace,kvzap-predictor-trace-20260817T122049Z,builtin_reasoning_trace,8,0,6,0.8342217484008528,0.07988165680473373
kvzap-predictor-trace-20260817T122049Z::builtin_reasoning_trace,kvzap-predictor-trace-20260817T122049Z,builtin_reasoning_trace,8,0,7,0.9637719765583378,0.2765957446808511
kvzap-predictor-trace-20260817T122049Z::builtin_reasoning_trace,kvzap-predictor-trace-20260817T122049Z,builtin_reasoning_trace,8,1,2,0.8943217665615142,0.0049504950495049506
kvzap-predictor-trace-20260817T122049Z::builtin_reasoning_trace,kvzap-predictor-trace-20260817T122049Z,builtin_reasoning_trace,8,1,3,0.8937960042060988,0.0049261083743842365
kvzap-predictor-trace-20260817T122049Z::builtin_reasoning_trace,kvzap-predictor-trace-20260817T122049Z,builtin_reasoning_trace,8,1,4,0.5951134380453752,0.20909090909090908
kvzap-predictor-trace-20260817T122049Z::builtin_reasoning_trace,kvzap-predictor-trace-20260817T122049Z,builtin_reasoning_trace,8,1,5,0.7789642285104111,0.06756756756756757
kvzap-predictor-trace-20260817T122049Z::builtin_reasoning_trace,kvzap-predictor-trace-20260817T122049Z,builtin_reasoning_trace,8,1,6,0.7720234917245061,0.06564551422319474
kvzap-predictor-trace-20260817T122049Z::builtin_reasoning_trace,kvzap-predictor-trace-20260817T122049Z,builtin_reasoning_trace,8,1,7,0.9079229122055674,0.16908212560386474
kvzap-predictor-trace-20260817T122049Z::builtin_reasoning_trace,kvzap-predictor-trace-20260817T122049Z,builtin_reasoning_trace,8,2,3,0.9994742376445847,0.5
kvzap-predictor-trace-20260817T122049Z::builtin_reasoning_trace,kvzap-predictor-trace-20260817T122049Z,builtin_reasoning_trace,8,2,4,0.5473186119873817,0.001160092807424594
kvzap-predictor-trace-20260817T122049Z::builtin_reasoning_trace,kvzap-predictor-trace-20260817T122049Z,builtin_reasoning_trace,8,2,5,0.8575184016824395,0.003676470588235294
kvzap-predictor-trace-20260817T122049Z::builtin_reasoning_trace,kvzap-predictor-trace-20260817T122049Z,builtin_reasoning_trace,8,2,6,0.85068349106204,0.0035087719298245615
kvzap-predictor-trace-20260817T122049Z::builtin_reasoning_trace,kvzap-predictor-trace-20260817T122049Z,builtin_reasoning_trace,8,2,7,0.9794952681388013,0.025
kvzap-predictor-trace-20260817T122049Z::builtin_reasoning_trace,kvzap-predictor-trace-20260817T122049Z,builtin_reasoning_trace,8,3,4,0.5467928496319664,0.0011587485515643105
kvzap-predictor-trace-20260817T122049Z::builtin_reasoning_trace,kvzap-predictor-trace-20260817T122049Z,builtin_reasoning_trace,8,3,5,0.857969489742241,0.007352941176470588
kvzap-predictor-trace-20260817T122049Z::builtin_reasoning_trace,kvzap-predictor-trace-20260817T122049Z,builtin_reasoning_trace,8,3,6,0.8511309836927933,0.007017543859649123
kvzap-predictor-trace-20260817T122049Z::builtin_reasoning_trace,kvzap-predictor-trace-20260817T122049Z,builtin_reasoning_trace,8,3,7,0.9800105207785376,0.05
kvzap-predictor-trace-20260817T122049Z::builtin_reasoning_trace,kvzap-predictor-trace-20260817T122049Z,builtin_reasoning_trace,8,4,5,0.4969187675070028,0.11614173228346457
kvzap-predictor-trace-20260817T122049Z::builtin_reasoning_trace,kvzap-predictor-trace-20260817T122049Z,builtin_reasoning_trace,8,4,6,0.4280343716433942,0.037070524412296565
kvzap-predictor-trace-20260817T122049Z::builtin_reasoning_trace,kvzap-predictor-trace-20260817T122049Z,builtin_reasoning_trace,8,4,7,0.5554365291912159,0.04157043879907621
kvzap-predictor-trace-20260817T122049Z::builtin_reasoning_trace,kvzap-predictor-trace-20260817T122049Z,builtin_reasoning_trace,8,5,6,0.7543196544276458,0.1007905138339921
kvzap-predictor-trace-20260817T122049Z::builtin_reasoning_trace,kvzap-predictor-trace-20260817T122049Z,builtin_reasoning_trace,8,5,7,0.8486772486772487,0.043478260869565216
kvzap-predictor-trace-20260817T122049Z::builtin_reasoning_trace,kvzap-predictor-trace-20260817T122049Z,builtin_reasoning_trace,8,6,7,0.8408249603384452,0.038338658146964855
kvzap-predictor-trace-20260817T122049Z::builtin_reasoning_trace,kvzap-predictor-trace-20260817T122049Z,builtin_reasoning_trace,9,0,1,0.9931650893796005,0.07142857142857142
kvzap-predictor-trace-20260817T122049Z::builtin_reasoning_trace,kvzap-predictor-trace-20260817T122049Z,builtin_reasoning_trace,9,0,2,0.43792921288959324,0.00931098696461825
kvzap-predictor-trace-20260817T122049Z::builtin_reasoning_trace,kvzap-predictor-trace-20260817T122049Z,builtin_reasoning_trace,9,0,3,0.955719557195572,0.06666666666666667
kvzap-predictor-trace-20260817T122049Z::builtin_reasoning_trace,kvzap-predictor-trace-20260817T122049Z,builtin_reasoning_trace,9,0,4,0.025898520084566595,0.005933117583603021
kvzap-predictor-trace-20260817T122049Z::builtin_reasoning_trace,kvzap-predictor-trace-20260817T122049Z,builtin_reasoning_trace,9,0,5,0.9598944591029024,0.09523809523809523
kvzap-predictor-trace-20260817T122049Z::builtin_reasoning_trace,kvzap-predictor-trace-20260817T122049Z,builtin_reasoning_trace,9,0,6,0.8677248677248677,0.049429657794676805
kvzap-predictor-trace-20260817T122049Z::builtin_reasoning_trace,kvzap-predictor-trace-20260817T122049Z,builtin_reasoning_trace,9,0,7,0.1868713605082054,0.00903225806451613
kvzap-predictor-trace-20260817T122049Z::builtin_reasoning_trace,kvzap-predictor-trace-20260817T122049Z,builtin_reasoning_trace,9,1,2,0.43796004206098843,0.0009345794392523365
kvzap-predictor-trace-20260817T122049Z::builtin_reasoning_trace,kvzap-predictor-trace-20260817T122049Z,builtin_reasoning_trace,9,1,3,0.9574132492113565,0.012195121951219513
kvzap-predictor-trace-20260817T122049Z::builtin_reasoning_trace,kvzap-predictor-trace-20260817T122049Z,builtin_reasoning_trace,9,1,4,0.027339642481598318,0.0005402485143165856
kvzap-predictor-trace-20260817T122049Z::builtin_reasoning_trace,kvzap-predictor-trace-20260817T122049Z,builtin_reasoning_trace,9,1,5,0.9595162986330179,0.01282051282051282
kvzap-predictor-trace-20260817T122049Z::builtin_reasoning_trace,kvzap-predictor-trace-20260817T122049Z,builtin_reasoning_trace,9,1,6,0.862776025236593,0.003816793893129771
kvzap-predictor-trace-20260817T122049Z::builtin_reasoning_trace,kvzap-predictor-trace-20260817T122049Z,builtin_reasoning_trace,9,1,7,0.18559411146161936,0.0006451612903225806
kvzap-predictor-trace-20260817T122049Z::builtin_reasoning_trace,kvzap-predictor-trace-20260817T122049Z,builtin_reasoning_trace,9,2,3,0.437703141928494,0.052054794520547946
kvzap-predictor-trace-20260817T122049Z::builtin_reasoning_trace,kvzap-predictor-trace-20260817T122049Z,builtin_reasoning_trace,9,2,4,0.041176470588235294,0.5637044967880086
kvzap-predictor-trace-20260817T122049Z::builtin_reasoning_trace,kvzap-predictor-trace-20260817T122049Z,builtin_reasoning_trace,9,2,5,0.44613710554951036,0.06001846722068329
kvzap-predictor-trace-20260817T122049Z::builtin_reasoning_trace,kvzap-predictor-trace-20260817T122049Z,builtin_reasoning_trace,9,2,6,0.46737841043890865,0.19461883408071748
kvzap-predictor-trace-20260817T122049Z::builtin_reasoning_trace,kvzap-predictor-trace-20260817T122049Z,builtin_reasoning_trace,9,2,7,0.22268041237113403,0.5530527563722585
kvzap-predictor-trace-20260817T122049Z::builtin_reasoning_trace,kvzap-predictor-trace-20260817T122049Z,builtin_reasoning_trace,9,3,4,0.028555738605161998,0.04430037817396002
kvzap-predictor-trace-20260817T122049Z::builtin_reasoning_trace,kvzap-predictor-trace-20260817T122049Z,builtin_reasoning_trace,9,3,5,0.9591617409994626,0.3559322033898305
kvzap-predictor-trace-20260817T122049Z::builtin_reasoning_trace,kvzap-predictor-trace-20260817T122049Z,builtin_reasoning_trace,9,3,6,0.8602901665771091,0.1390728476821192
kvzap-predictor-trace-20260817T122049Z::builtin_reasoning_trace,kvzap-predictor-trace-20260817T122049Z,builtin_reasoning_trace,9,3,7,0.18538713195201745,0.044145873320537425
kvzap-predictor-trace-20260817T122049Z::builtin_reasoning_trace,kvzap-predictor-trace-20260817T122049Z,builtin_reasoning_trace,9,4,5,0.025683060109289616,0.03933189655172414
kvzap-predictor-trace-20260817T122049Z::builtin_reasoning_trace,kvzap-predictor-trace-20260817T122049Z,builtin_reasoning_trace,9,4,6,0.008939213349225268,0.11917372881355932
kvzap-predictor-trace-20260817T122049Z::builtin_reasoning_trace,kvzap-predictor-trace-20260817T122049Z,builtin_reasoning_trace,9,4,7,0.004962779156327543,0.7890583903208838
kvzap-predictor-trace-20260817T122049Z::builtin_reasoning_trace,kvzap-predictor-trace-20260817T122049Z,builtin_reasoning_trace,9,5,6,0.8775731310942578,0.20141342756183744
kvzap-predictor-trace-20260817T122049Z::builtin_reasoning_trace,kvzap-predictor-trace-20260817T122049Z,builtin_reasoning_trace,9,5,7,0.18951392681594756,0.04627249357326478
kvzap-predictor-trace-20260817T122049Z::builtin_reasoning_trace,kvzap-predictor-trace-20260817T122049Z,builtin_reasoning_trace,9,6,7,0.2099514563106796,0.16377649325626203
kvzap-predictor-trace-20260817T122049Z::builtin_reasoning_trace,kvzap-predictor-trace-20260817T122049Z,builtin_reasoning_trace,10,0,1,0.9810725552050473,0.02702702702702703
kvzap-predictor-trace-20260817T122049Z::builtin_reasoning_trace,kvzap-predictor-trace-20260817T122049Z,builtin_reasoning_trace,10,0,2,0.9815983175604627,0.027777777777777776
kvzap-predictor-trace-20260817T122049Z::builtin_reasoning_trace,kvzap-predictor-trace-20260817T122049Z,builtin_reasoning_trace,10,0,3,0.9863301787592008,0.037037037037037035
kvzap-predictor-trace-20260817T122049Z::builtin_reasoning_trace,kvzap-predictor-trace-20260817T122049Z,builtin_reasoning_trace,10,0,4,0.9926393270241851,0.06666666666666667
kvzap-predictor-trace-20260817T122049Z::builtin_reasoning_trace,kvzap-predictor-trace-20260817T122049Z,builtin_reasoning_trace,10,0,5,0.9900105152471083,0.05
kvzap-predictor-trace-20260817T122049Z::builtin_reasoning_trace,kvzap-predictor-trace-20260817T122049Z,builtin_reasoning_trace,10,0,6,0.8659305993690851,0.00390625
kvzap-predictor-trace-20260817T122049Z::builtin_reasoning_trace,kvzap-predictor-trace-20260817T122049Z,builtin_reasoning_trace,10,0,7,0.9742376445846478,0.02
kvzap-predictor-trace-20260817T122049Z::builtin_reasoning_trace,kvzap-predictor-trace-20260817T122049Z,builtin_reasoning_trace,10,1,2,0.9773922187171399,0.022727272727272728
kvzap-predictor-trace-20260817T122049Z::builtin_reasoning_trace,kvzap-predictor-trace-20260817T122049Z,builtin_reasoning_trace,10,1,3,0.982124079915878,0.02857142857142857
kvzap-predictor-trace-20260817T122049Z::builtin_reasoning_trace,kvzap-predictor-trace-20260817T122049Z,builtin_reasoning_trace,10,1,4,0.9884332281808622,0.043478260869565216
kvzap-predictor-trace-20260817T122049Z::builtin_reasoning_trace,kvzap-predictor-trace-20260817T122049Z,builtin_reasoning_trace,10,1,5,0.9868490268279853,0.07407407407407407
kvzap-predictor-trace-20260817T122049Z::builtin_reasoning_trace,kvzap-predictor-trace-20260817T122049Z,builtin_reasoning_trace,10,1,6,0.8835106382978724,0.09504132231404959
kvzap-predictor-trace-20260817T122049Z::builtin_reasoning_trace,kvzap-predictor-trace-20260817T122049Z,builtin_reasoning_trace,10,1,7,0.9804439746300211,0.22916666666666666
kvzap-predictor-trace-20260817T122049Z::builtin_reasoning_trace,kvzap-predictor-trace-20260817T122049Z,builtin_reasoning_trace,10,2,3,0.9878755930416447,0.20689655172413793
kvzap-predictor-trace-20260817T122049Z::builtin_reasoning_trace,kvzap-predictor-trace-20260817T122049Z,builtin_reasoning_trace,10,2,4,0.9889589905362776,0.045454545454545456
kvzap-predictor-trace-20260817T122049Z::builtin_reasoning_trace,kvzap-predictor-trace-20260817T122049Z,builtin_reasoning_trace,10,2,5,0.9863301787592008,0.037037037037037035
kvzap-predictor-trace-20260817T122049Z::builtin_reasoning_trace,kvzap-predictor-trace-20260817T122049Z,builtin_reasoning_trace,10,2,6,0.8622502628811777,0.0038022813688212928
kvzap-predictor-trace-20260817T122049Z::builtin_reasoning_trace,kvzap-predictor-trace-20260817T122049Z,builtin_reasoning_trace,10,2,7,0.9705573080967402,0.017543859649122806
kvzap-predictor-trace-20260817T122049Z::builtin_reasoning_trace,kvzap-predictor-trace-20260817T122049Z,builtin_reasoning_trace,10,3,4,0.9936908517350158,0.07692307692307693
kvzap-predictor-trace-20260817T122049Z::builtin_reasoning_trace,kvzap-predictor-trace-20260817T122049Z,builtin_reasoning_trace,10,3,5,0.991062039957939,0.05555555555555555
kvzap-predictor-trace-20260817T122049Z::builtin_reasoning_trace,kvzap-predictor-trace-20260817T122049Z,builtin_reasoning_trace,10,3,6,0.8689473684210526,0.011904761904761904
kvzap-predictor-trace-20260817T122049Z::builtin_reasoning_trace,kvzap-predictor-trace-20260817T122049Z,builtin_reasoning_trace,10,3,7,0.9752891692954785,0.020833333333333332
kvzap-predictor-trace-20260817T122049Z::builtin_reasoning_trace,kvzap-predictor-trace-20260817T122049Z,builtin_reasoning_trace,10,4,5,0.9973711882229233,0.16666666666666666
kvzap-predictor-trace-20260817T122049Z::builtin_reasoning_trace,kvzap-predictor-trace-20260817T122049Z,builtin_reasoning_trace,10,4,6,0.8732912723449001,0.004132231404958678
kvzap-predictor-trace-20260817T122049Z::builtin_reasoning_trace,kvzap-predictor-trace-20260817T122049Z,builtin_reasoning_trace,10,4,7,0.9815983175604627,0.027777777777777776
kvzap-predictor-trace-20260817T122049Z::builtin_reasoning_trace,kvzap-predictor-trace-20260817T122049Z,builtin_reasoning_trace,10,5,6,0.8736176935229067,0.01639344262295082
kvzap-predictor-trace-20260817T122049Z::builtin_reasoning_trace,kvzap-predictor-trace-20260817T122049Z,builtin_reasoning_trace,10,5,7,0.9820958399157451,0.10526315789473684
kvzap-predictor-trace-20260817T122049Z::builtin_reasoning_trace,kvzap-predictor-trace-20260817T122049Z,builtin_reasoning_trace,10,6,7,0.8866310160427807,0.1346938775510204
kvzap-predictor-trace-20260817T122049Z::builtin_reasoning_trace,kvzap-predictor-trace-20260817T122049Z,builtin_reasoning_trace,11,0,1,0.8877887788778878,0.29411764705882354
kvzap-predictor-trace-20260817T122049Z::builtin_reasoning_trace,kvzap-predictor-trace-20260817T122049Z,builtin_reasoning_trace,11,0,2,0.06818181818181818,0.05561797752808989
kvzap-predictor-trace-20260817T122049Z::builtin_reasoning_trace,kvzap-predictor-trace-20260817T122049Z,builtin_reasoning_trace,11,0,3,0.7996688741721855,0.20044052863436124
kvzap-predictor-trace-20260817T122049Z::builtin_reasoning_trace,kvzap-predictor-trace-20260817T122049Z,builtin_reasoning_trace,11,0,4,0.7630279758639605,0.15625
kvzap-predictor-trace-20260817T122049Z::builtin_reasoning_trace,kvzap-predictor-trace-20260817T122049Z,builtin_reasoning_trace,11,0,5,0.9498945147679325,0.06862745098039216
kvzap-predictor-trace-20260817T122049Z::builtin_reasoning_trace,kvzap-predictor-trace-20260817T122049Z,builtin_reasoning_trace,11,0,6,0.6991150442477876,0.1486697965571205
kvzap-predictor-trace-20260817T122049Z::builtin_reasoning_trace,kvzap-predictor-trace-20260817T122049Z,builtin_reasoning_trace,11,0,7,0.9532163742690059,0.2
kvzap-predictor-trace-20260817T122049Z::builtin_reasoning_trace,kvzap-predictor-trace-20260817T122049Z,builtin_reasoning_trace,11,1,2,0.0748925721301412,0.15384615384615385
kvzap-predictor-trace-20260817T122049Z::builtin_reasoning_trace,kvzap-predictor-trace-20260817T122049Z,builtin_reasoning_trace,11,1,3,0.8104460093896714,0.38122605363984674
kvzap-predictor-trace-20260817T122049Z::builtin_reasoning_trace,kvzap-predictor-trace-20260817T122049Z,builtin_reasoning_trace,11,1,4,0.75,0.2778702163061564
kvzap-predictor-trace-20260817T122049Z::builtin_reasoning_trace,kvzap-predictor-trace-20260817T122049Z,builtin_reasoning_trace,11,1,5,0.8600105652403592,0.03636363636363636
kvzap-predictor-trace-20260817T122049Z::builtin_reasoning_trace,kvzap-predictor-trace-20260817T122049Z,builtin_reasoning_trace,11,1,6,0.7424789410348978,0.3602391629297459
kvzap-predictor-trace-20260817T122049Z::builtin_reasoning_trace,kvzap-predictor-trace-20260817T122049Z,builtin_reasoning_trace,11,1,7,0.8626198083067093,0.08833922261484099
kvzap-predictor-trace-20260817T122049Z::builtin_reasoning_trace,kvzap-predictor-trace-20260817T122049Z,builtin_reasoning_trace,11,2,3,0.08367626886145405,0.24985962942167322
kvzap-predictor-trace-20260817T122049Z::builtin_reasoning_trace,kvzap-predictor-trace-20260817T122049Z,builtin_reasoning_trace,11,2,4,0.08723404255319149,0.2769662921348315
kvzap-predictor-trace-20260817T122049Z::builtin_reasoning_trace,kvzap-predictor-trace-20260817T122049Z,builtin_reasoning_trace,11,2,5,0.06497622820919176,0.0056179775280898875
kvzap-predictor-trace-20260817T122049Z::builtin_reasoning_trace,kvzap-predictor-trace-20260817T122049Z,builtin_reasoning_trace,11,2,6,0.09012539184952978,0.35067114093959734
kvzap-predictor-trace-20260817T122049Z::builtin_reasoning_trace,kvzap-predictor-trace-20260817T122049Z,builtin_reasoning_trace,11,2,7,0.06577540106951872,0.01853932584269663
kvzap-predictor-trace-20260817T122049Z::builtin_reasoning_trace,kvzap-predictor-trace-20260817T122049Z,builtin_reasoning_trace,11,3,4,0.7708462013588635,0.433587786259542
kvzap-predictor-trace-20260817T122049Z::builtin_reasoning_trace,kvzap-predictor-trace-20260817T122049Z,builtin_reasoning_trace,11,3,5,0.7696777601690439,0.02242152466367713
kvzap-predictor-trace-20260817T122049Z::builtin_reasoning_trace,kvzap-predictor-trace-20260817T122049Z,builtin_reasoning_trace,11,3,6,0.7798824297844547,0.5246826516220028
kvzap-predictor-trace-20260817T122049Z::builtin_reasoning_trace,kvzap-predictor-trace-20260817T122049Z,builtin_reasoning_trace,11,3,7,0.7725093233883857,0.05739514348785872
kvzap-predictor-trace-20260817T122049Z::builtin_reasoning_trace,kvzap-predictor-trace-20260817T122049Z,builtin_reasoning_trace,11,4,5,0.738421052631579,0.006
kvzap-predictor-trace-20260817T122049Z::builtin_reasoning_trace,kvzap-predictor-trace-20260817T122049Z,builtin_reasoning_trace,11,4,6,0.7434895833333334,0.48226018396846254
kvzap-predictor-trace-20260817T122049Z::builtin_reasoning_trace,kvzap-predictor-trace-20260817T122049Z,builtin_reasoning_trace,11,4,7,0.7419012214551248,0.039525691699604744
kvzap-predictor-trace-20260817T122049Z::builtin_reasoning_trace,kvzap-predictor-trace-20260817T122049Z,builtin_reasoning_trace,11,5,6,0.6689545934530094,0.014150943396226415
kvzap-predictor-trace-20260817T122049Z::builtin_reasoning_trace,kvzap-predictor-trace-20260817T122049Z,builtin_reasoning_trace,11,5,7,0.9826132771338251,0.13157894736842105
kvzap-predictor-trace-20260817T122049Z::builtin_reasoning_trace,kvzap-predictor-trace-20260817T122049Z,builtin_reasoning_trace,11,6,7,0.6736,0.04375
kvzap-predictor-trace-20260817T122049Z::builtin_reasoning_trace,kvzap-predictor-trace-20260817T122049Z,builtin_reasoning_trace,12,0,1,0.11928651059085842,0.0645352279455299
kvzap-predictor-trace-20260817T122049Z::builtin_reasoning_trace,kvzap-predictor-trace-20260817T122049Z,builtin_reasoning_trace,12,0,2,0.11717861205915814,0.0854449027695934
kvzap-predictor-trace-20260817T122049Z::builtin_reasoning_trace,kvzap-predictor-trace-20260817T122049Z,builtin_reasoning_trace,12,0,3,0.11469142545057345,0.042528056704075605
kvzap-predictor-trace-20260817T122049Z::builtin_reasoning_trace,kvzap-predictor-trace-20260817T122049Z,builtin_reasoning_trace,12,0,4,0.11440677966101695,0.00889152341434499
kvzap-predictor-trace-20260817T122049Z::builtin_reasoning_trace,kvzap-predictor-trace-20260817T122049Z,builtin_reasoning_trace,12,0,5,0.11941112322791712,0.040973871733966744
kvzap-predictor-trace-20260817T122049Z::builtin_reasoning_trace,kvzap-predictor-trace-20260817T122049Z,builtin_reasoning_trace,12,0,6,0.13872832369942195,0.8393530997304582
kvzap-predictor-trace-20260817T122049Z::builtin_reasoning_trace,kvzap-predictor-trace-20260817T122049Z,builtin_reasoning_trace,12,0,7,0.1570945945945946,0.41875364006988935
kvzap-predictor-trace-20260817T122049Z::builtin_reasoning_trace,kvzap-predictor-trace-20260817T122049Z,builtin_reasoning_trace,12,1,2,0.9111592632719393,0.2579185520361991
kvzap-predictor-trace-20260817T122049Z::builtin_reasoning_trace,kvzap-predictor-trace-20260817T122049Z,builtin_reasoning_trace,12,1,3,0.9360902255639098,0.25625
kvzap-predictor-trace-20260817T122049Z::builtin_reasoning_trace,kvzap-predictor-trace-20260817T122049Z,builtin_reasoning_trace,12,1,4,0.9407407407407408,0.104
kvzap-predictor-trace-20260817T122049Z::builtin_reasoning_trace,kvzap-predictor-trace-20260817T122049Z,builtin_reasoning_trace,12,1,5,0.9249600851516764,0.14545454545454545
kvzap-predictor-trace-20260817T122049Z::builtin_reasoning_trace,kvzap-predictor-trace-20260817T122049Z,builtin_reasoning_trace,12,1,6,0.08057395143487858,0.05179282868525897
kvzap-predictor-trace-20260817T122049Z::builtin_reasoning_trace,kvzap-predictor-trace-20260817T122049Z,builtin_reasoning_trace,12,1,7,0.6200993926007731,0.11794871794871795
kvzap-predictor-trace-20260817T122049Z::builtin_reasoning_trace,kvzap-predictor-trace-20260817T122049Z,builtin_reasoning_trace,12,2,3,0.9176090468497576,0.23115577889447236
kvzap-predictor-trace-20260817T122049Z::builtin_reasoning_trace,kvzap-predictor-trace-20260817T122049Z,builtin_reasoning_trace,12,2,4,0.9245884227296867,0.12345679012345678
kvzap-predictor-trace-20260817T122049Z::builtin_reasoning_trace,kvzap-predictor-trace-20260817T122049Z,builtin_reasoning_trace,12,2,5,0.8904761904761904,0.05909090909090909
kvzap-predictor-trace-20260817T122049Z::builtin_reasoning_trace,kvzap-predictor-trace-20260817T122049Z,builtin_reasoning_trace,12,2,6,0.08811824900511654,0.08237986270022883
kvzap-predictor-trace-20260817T122049Z::builtin_reasoning_trace,kvzap-predictor-trace-20260817T122049Z,builtin_reasoning_trace,12,2,7,0.5844298245614035,0.09438470728793309
kvzap-predictor-trace-20260817T122049Z::builtin_reasoning_trace,kvzap-predictor-trace-20260817T122049Z,builtin_reasoning_trace,12,3,4,0.9582010582010582,0.14130434782608695
kvzap-predictor-trace-20260817T122049Z::builtin_reasoning_trace,kvzap-predictor-trace-20260817T122049Z,builtin_reasoning_trace,12,3,5,0.9301956636700158,0.08333333333333333
kvzap-predictor-trace-20260817T122049Z::builtin_reasoning_trace,kvzap-predictor-trace-20260817T122049Z,builtin_reasoning_trace,12,3,6,0.09455744914788346,0.04852686308492201
kvzap-predictor-trace-20260817T122049Z::builtin_reasoning_trace,kvzap-predictor-trace-20260817T122049Z,builtin_reasoning_trace,12,3,7,0.6275370268787712,0.10540184453227931
kvzap-predictor-trace-20260817T122049Z::builtin_reasoning_trace,kvzap-predictor-trace-20260817T122049Z,builtin_reasoning_trace,12,4,5,0.9562697576396206,0.056818181818181816
kvzap-predictor-trace-20260817T122049Z::builtin_reasoning_trace,kvzap-predictor-trace-20260817T122049Z,builtin_reasoning_trace,12,4,6,0.09139213602550478,0.012131715771230503
kvzap-predictor-trace-20260817T122049Z::builtin_reasoning_trace,kvzap-predictor-trace-20260817T122049Z,builtin_reasoning_trace,12,4,7,0.60828025477707,0.02509907529722589
kvzap-predictor-trace-20260817T122049Z::builtin_reasoning_trace,kvzap-predictor-trace-20260817T122049Z,builtin_reasoning_trace,12,5,6,0.09334061135371179,0.040993071593533485
kvzap-predictor-trace-20260817T122049Z::builtin_reasoning_trace,kvzap-predictor-trace-20260817T122049Z,builtin_reasoning_trace,12,5,7,0.6207834602829162,0.08530183727034121
kvzap-predictor-trace-20260817T122049Z::builtin_reasoning_trace,kvzap-predictor-trace-20260817T122049Z,builtin_reasoning_trace,12,6,7,0.11959287531806616,0.4108967082860386
kvzap-predictor-trace-20260817T122049Z::builtin_reasoning_trace,kvzap-predictor-trace-20260817T122049Z,builtin_reasoning_trace,13,0,1,0.8135235076597993,0.027548209366391185
kvzap-predictor-trace-20260817T122049Z::builtin_reasoning_trace,kvzap-predictor-trace-20260817T122049Z,builtin_reasoning_trace,13,0,2,0.22801507537688442,0.20194805194805196
kvzap-predictor-trace-20260817T122049Z::builtin_reasoning_trace,kvzap-predictor-trace-20260817T122049Z,builtin_reasoning_trace,13,0,3,0.10922787193973635,0.1792943898207056
kvzap-predictor-trace-20260817T122049Z::builtin_reasoning_trace,kvzap-predictor-trace-20260817T122049Z,builtin_reasoning_trace,13,0,4,0.7154174283973187,0.35939643347050754
kvzap-predictor-trace-20260817T122049Z::builtin_reasoning_trace,kvzap-predictor-trace-20260817T122049Z,builtin_reasoning_trace,13,0,5,0.8197582764056752,0.0
kvzap-predictor-trace-20260817T122049Z::builtin_reasoning_trace,kvzap-predictor-trace-20260817T122049Z,builtin_reasoning_trace,13,0,6,0.8206349206349206,0.036931818181818184
kvzap-predictor-trace-20260817T122049Z::builtin_reasoning_trace,kvzap-predictor-trace-20260817T122049Z,builtin_reasoning_trace,13,0,7,0.0064061499039077515,0.18066561014263074
kvzap-predictor-trace-20260817T122049Z::builtin_reasoning_trace,kvzap-predictor-trace-20260817T122049Z,builtin_reasoning_trace,13,1,2,0.20127118644067796,0.00984898227183191
kvzap-predictor-trace-20260817T122049Z::builtin_reasoning_trace,kvzap-predictor-trace-20260817T122049Z,builtin_reasoning_trace,13,1,3,0.1040339702760085,0.011130638547158758
kvzap-predictor-trace-20260817T122049Z::builtin_reasoning_trace,kvzap-predictor-trace-20260817T122049Z,builtin_reasoning_trace,13,1,4,0.6585365853658537,0.025718608169440244
kvzap-predictor-trace-20260817T122049Z::builtin_reasoning_trace,kvzap-predictor-trace-20260817T122049Z,builtin_reasoning_trace,13,1,5,0.9842354177614293,0.0
kvzap-predictor-trace-20260817T122049Z::builtin_reasoning_trace,kvzap-predictor-trace-20260817T122049Z,builtin_reasoning_trace,13,1,6,0.979957805907173,0.15555555555555556
kvzap-predictor-trace-20260817T122049Z::builtin_reasoning_trace,kvzap-predictor-trace-20260817T122049Z,builtin_reasoning_trace,13,1,7,0.0042643923240938165,0.01424802110817942
kvzap-predictor-trace-20260817T122049Z::builtin_reasoning_trace,kvzap-predictor-trace-20260817T122049Z,builtin_reasoning_trace,13,2,3,0.2835820895522388,0.8101694915254237
kvzap-predictor-trace-20260817T122049Z::builtin_reasoning_trace,kvzap-predictor-trace-20260817T122049Z,builtin_reasoning_trace,13,2,4,0.2692307692307692,0.38828074694140374
kvzap-predictor-trace-20260817T122049Z::builtin_reasoning_trace,kvzap-predictor-trace-20260817T122049Z,builtin_reasoning_trace,13,2,5,0.20756699947451393,0.0
kvzap-predictor-trace-20260817T122049Z::builtin_reasoning_trace,kvzap-predictor-trace-20260817T122049Z,builtin_reasoning_trace,13,2,6,0.2099946836788942,0.014588859416445624
kvzap-predictor-trace-20260817T122049Z::builtin_reasoning_trace,kvzap-predictor-trace-20260817T122049Z,builtin_reasoning_trace,13,2,7,0.022670025188916875,0.795142555438226
kvzap-predictor-trace-20260817T122049Z::builtin_reasoning_trace,kvzap-predictor-trace-20260817T122049Z,builtin_reasoning_trace,13,3,4,0.11094224924012158,0.334092202618099
kvzap-predictor-trace-20260817T122049Z::builtin_reasoning_trace,kvzap-predictor-trace-20260817T122049Z,builtin_reasoning_trace,13,3,5,0.10877561744613767,0.0
kvzap-predictor-trace-20260817T122049Z::builtin_reasoning_trace,kvzap-predictor-trace-20260817T122049Z,builtin_reasoning_trace,13,3,6,0.10945802337938364,0.012374779021803181
kvzap-predictor-trace-20260817T122049Z::builtin_reasoning_trace,kvzap-predictor-trace-20260817T122049Z,builtin_reasoning_trace,13,3,7,0.05314009661835749,0.8964059196617337
kvzap-predictor-trace-20260817T122049Z::builtin_reasoning_trace,kvzap-predictor-trace-20260817T122049Z,builtin_reasoning_trace,13,4,5,0.6594850236468733,0.0
kvzap-predictor-trace-20260817T122049Z::builtin_reasoning_trace,kvzap-predictor-trace-20260817T122049Z,builtin_reasoning_trace,13,4,6,0.6671982987772461,0.033950617283950615
kvzap-predictor-trace-20260817T122049Z::builtin_reasoning_trace,kvzap-predictor-trace-20260817T122049Z,builtin_reasoning_trace,13,4,7,0.007961783439490446,0.34178552562070785
kvzap-predictor-trace-20260817T122049Z::builtin_reasoning_trace,kvzap-predictor-trace-20260817T122049Z,builtin_reasoning_trace,13,5,6,0.9884393063583815,0.0
kvzap-predictor-trace-20260817T122049Z::builtin_reasoning_trace,kvzap-predictor-trace-20260817T122049Z,builtin_reasoning_trace,13,5,7,0.005780346820809248,0.0
kvzap-predictor-trace-20260817T122049Z::builtin_reasoning_trace,kvzap-predictor-trace-20260817T122049Z,builtin_reasoning_trace,13,6,7,0.005313496280552604,0.011093502377179081
kvzap-predictor-trace-20260817T122049Z::builtin_reasoning_trace,kvzap-predictor-trace-20260817T122049Z,builtin_reasoning_trace,14,0,1,0.879074658254469,0.004329004329004329
kvzap-predictor-trace-20260817T122049Z::builtin_reasoning_trace,kvzap-predictor-trace-20260817T122049Z,builtin_reasoning_trace,14,0,2,0.9884332281808622,0.043478260869565216
kvzap-predictor-trace-20260817T122049Z::builtin_reasoning_trace,kvzap-predictor-trace-20260817T122049Z,builtin_reasoning_trace,14,0,3,0.6153846153846154,0.006802721088435374
kvzap-predictor-trace-20260817T122049Z::builtin_reasoning_trace,kvzap-predictor-trace-20260817T122049Z,builtin_reasoning_trace,14,0,4,0.9193888303477344,0.03164556962025317
kvzap-predictor-trace-20260817T122049Z::builtin_reasoning_trace,kvzap-predictor-trace-20260817T122049Z,builtin_reasoning_trace,14,0,5,0.9978969505783386,0.2
kvzap-predictor-trace-20260817T122049Z::builtin_reasoning_trace,kvzap-predictor-trace-20260817T122049Z,builtin_reasoning_trace,14,0,6,0.9453207150368034,0.009523809523809525
kvzap-predictor-trace-20260817T122049Z::builtin_reasoning_trace,kvzap-predictor-trace-20260817T122049Z,builtin_reasoning_trace,14,0,7,0.9952681388012619,0.1
kvzap-predictor-trace-20260817T122049Z::builtin_reasoning_trace,kvzap-predictor-trace-20260817T122049Z,builtin_reasoning_trace,14,1,2,0.8885941644562334,0.07894736842105263
kvzap-predictor-trace-20260817T122049Z::builtin_reasoning_trace,kvzap-predictor-trace-20260817T122049Z,builtin_reasoning_trace,14,1,3,0.671957671957672,0.2657894736842105
kvzap-predictor-trace-20260817T122049Z::builtin_reasoning_trace,kvzap-predictor-trace-20260817T122049Z,builtin_reasoning_trace,14,1,4,0.8683779355543418,0.23003194888178913
kvzap-predictor-trace-20260817T122049Z::builtin_reasoning_trace,kvzap-predictor-trace-20260817T122049Z,builtin_reasoning_trace,14,1,5,0.8811777076761304,0.004405286343612335
kvzap-predictor-trace-20260817T122049Z::builtin_reasoning_trace,kvzap-predictor-trace-20260817T122049Z,builtin_reasoning_trace,14,1,6,0.910989010989011,0.33877551020408164
kvzap-predictor-trace-20260817T122049Z::builtin_reasoning_trace,kvzap-predictor-trace-20260817T122049Z,builtin_reasoning_trace,14,1,7,0.8785488958990536,0.004310344827586207
kvzap-predictor-trace-20260817T122049Z::builtin_reasoning_trace,kvzap-predictor-trace-20260817T122049Z,builtin_reasoning_trace,14,2,3,0.6190981432360743,0.024456521739130436
kvzap-predictor-trace-20260817T122049Z::builtin_reasoning_trace,kvzap-predictor-trace-20260817T122049Z,builtin_reasoning_trace,14,2,4,0.9190904283447912,0.07272727272727272
kvzap-predictor-trace-20260817T122049Z::builtin_reasoning_trace,kvzap-predictor-trace-20260817T122049Z,builtin_reasoning_trace,14,2,5,0.9905362776025236,0.05263157894736842
kvzap-predictor-trace-20260817T122049Z::builtin_reasoning_trace,kvzap-predictor-trace-20260817T122049Z,builtin_reasoning_trace,14,2,6,0.9461457233368532,0.08108108108108109
kvzap-predictor-trace-20260817T122049Z::builtin_reasoning_trace,kvzap-predictor-trace-20260817T122049Z,builtin_reasoning_trace,14,2,7,0.9879074658254469,0.041666666666666664
kvzap-predictor-trace-20260817T122049Z::builtin_reasoning_trace,kvzap-predictor-trace-20260817T122049Z,builtin_reasoning_trace,14,3,4,0.6383577052868391,0.16276041666666666
kvzap-predictor-trace-20260817T122049Z::builtin_reasoning_trace,kvzap-predictor-trace-20260817T122049Z,builtin_reasoning_trace,14,3,5,0.6140904311251314,0.0013605442176870747
kvzap-predictor-trace-20260817T122049Z::builtin_reasoning_trace,kvzap-predictor-trace-20260817T122049Z,builtin_reasoning_trace,14,3,6,0.6454293628808865,0.13279132791327913
kvzap-predictor-trace-20260817T122049Z::builtin_reasoning_trace,kvzap-predictor-trace-20260817T122049Z,builtin_reasoning_trace,14,3,7,0.6123093108890058,0.0027063599458728013
kvzap-predictor-trace-20260817T122049Z::builtin_reasoning_trace,kvzap-predictor-trace-20260817T122049Z,builtin_reasoning_trace,14,4,5,0.9174553101997897,0.006329113924050633
kvzap-predictor-trace-20260817T122049Z::builtin_reasoning_trace,kvzap-predictor-trace-20260817T122049Z,builtin_reasoning_trace,14,4,6,0.9080150618612157,0.20465116279069767
kvzap-predictor-trace-20260817T122049Z::builtin_reasoning_trace,kvzap-predictor-trace-20260817T122049Z,builtin_reasoning_trace,14,4,7,0.9198734844491302,0.0379746835443038
kvzap-predictor-trace-20260817T122049Z::builtin_reasoning_trace,kvzap-predictor-trace-20260817T122049Z,builtin_reasoning_trace,14,5,6,0.9474237644584648,0.009900990099009901
kvzap-predictor-trace-20260817T122049Z::builtin_reasoning_trace,kvzap-predictor-trace-20260817T122049Z,builtin_reasoning_trace,14,5,7,0.9973711882229233,0.16666666666666666
kvzap-predictor-trace-20260817T122049Z::builtin_reasoning_trace,kvzap-predictor-trace-20260817T122049Z,builtin_reasoning_trace,14,6,7,0.944794952681388,0.009433962264150943
kvzap-predictor-trace-20260817T122049Z::builtin_reasoning_trace,kvzap-predictor-trace-20260817T122049Z,builtin_reasoning_trace,15,0,1,0.7108977978543196,0.20496894409937888
kvzap-predictor-trace-20260817T122049Z::builtin_reasoning_trace,kvzap-predictor-trace-20260817T122049Z,builtin_reasoning_trace,15,0,2,0.3203169213355971,0.10172026925953627
kvzap-predictor-trace-20260817T122049Z::builtin_reasoning_trace,kvzap-predictor-trace-20260817T122049Z,builtin_reasoning_trace,15,0,3,0.8225180255130339,0.23809523809523808
kvzap-predictor-trace-20260817T122049Z::builtin_reasoning_trace,kvzap-predictor-trace-20260817T122049Z,builtin_reasoning_trace,15,0,4,0.9214717188358045,0.36444444444444446
kvzap-predictor-trace-20260817T122049Z::builtin_reasoning_trace,kvzap-predictor-trace-20260817T122049Z,builtin_reasoning_trace,15,0,5,0.9290220820189274,0.007352941176470588
kvzap-predictor-trace-20260817T122049Z::builtin_reasoning_trace,kvzap-predictor-trace-20260817T122049Z,builtin_reasoning_trace,15,0,6,0.9290220820189274,0.007352941176470588
kvzap-predictor-trace-20260817T122049Z::builtin_reasoning_trace,kvzap-predictor-trace-20260817T122049Z,builtin_reasoning_trace,15,0,7,0.8126045733407696,0.24663677130044842
kvzap-predictor-trace-20260817T122049Z::builtin_reasoning_trace,kvzap-predictor-trace-20260817T122049Z,builtin_reasoning_trace,15,1,2,0.26925746009715473,0.30495049504950494
kvzap-predictor-trace-20260817T122049Z::builtin_reasoning_trace,kvzap-predictor-trace-20260817T122049Z,builtin_reasoning_trace,15,1,3,0.6870830806549424,0.32987012987012987
kvzap-predictor-trace-20260817T122049Z::builtin_reasoning_trace,kvzap-predictor-trace-20260817T122049Z,builtin_reasoning_trace,15,1,4,0.7212643678160919,0.2515432098765432
kvzap-predictor-trace-20260817T122049Z::builtin_reasoning_trace,kvzap-predictor-trace-20260817T122049Z,builtin_reasoning_trace,15,1,5,0.6640378548895899,0.0015625
kvzap-predictor-trace-20260817T122049Z::builtin_reasoning_trace,kvzap-predictor-trace-20260817T122049Z,builtin_reasoning_trace,15,1,6,0.6640378548895899,0.0015625
kvzap-predictor-trace-20260817T122049Z::builtin_reasoning_trace,kvzap-predictor-trace-20260817T122049Z,builtin_reasoning_trace,15,1,7,0.6825980392156863,0.34347275031685676
kvzap-predictor-trace-20260817T122049Z::builtin_reasoning_trace,kvzap-predictor-trace-20260817T122049Z,builtin_reasoning_trace,15,2,3,0.3717105263157895,0.2862481315396114
kvzap-predictor-trace-20260817T122049Z::builtin_reasoning_trace,kvzap-predictor-trace-20260817T122049Z,builtin_reasoning_trace,15,2,4,0.31841652323580033,0.11869436201780416
kvzap-predictor-trace-20260817T122049Z::builtin_reasoning_trace,kvzap-predictor-trace-20260817T122049Z,builtin_reasoning_trace,15,2,5,0.29758149316508936,0.0007479431563201197
kvzap-predictor-trace-20260817T122049Z::builtin_reasoning_trace,kvzap-predictor-trace-20260817T122049Z,builtin_reasoning_trace,15,2,6,0.29758149316508936,0.0007479431563201197
kvzap-predictor-trace-20260817T122049Z::builtin_reasoning_trace,kvzap-predictor-trace-20260817T122049Z,builtin_reasoning_trace,15,2,7,0.3587533156498674,0.290014684287812
kvzap-predictor-trace-20260817T122049Z::builtin_reasoning_trace,kvzap-predictor-trace-20260817T122049Z,builtin_reasoning_trace,15,3,4,0.8223094170403588,0.27293577981651373
kvzap-predictor-trace-20260817T122049Z::builtin_reasoning_trace,kvzap-predictor-trace-20260817T122049Z,builtin_reasoning_trace,15,3,5,0.7986330178759201,0.0026041666666666665
kvzap-predictor-trace-20260817T122049Z::builtin_reasoning_trace,kvzap-predictor-trace-20260817T122049Z,builtin_reasoning_trace,15,3,6,0.7986330178759201,0.0026041666666666665
kvzap-predictor-trace-20260817T122049Z::builtin_reasoning_trace,kvzap-predictor-trace-20260817T122049Z,builtin_reasoning_trace,15,3,7,0.7752808988764045,0.3581081081081081
kvzap-predictor-trace-20260817T122049Z::builtin_reasoning_trace,kvzap-predictor-trace-20260817T122049Z,builtin_reasoning_trace,15,4,5,0.9106203995793901,0.005847953216374269
kvzap-predictor-trace-20260817T122049Z::builtin_reasoning_trace,kvzap-predictor-trace-20260817T122049Z,builtin_reasoning_trace,15,4,6,0.9106203995793901,0.005847953216374269
kvzap-predictor-trace-20260817T122049Z::builtin_reasoning_trace,kvzap-predictor-trace-20260817T122049Z,builtin_reasoning_trace,15,4,7,0.8021300448430493,0.2521186440677966
kvzap-predictor-trace-20260817T122049Z::builtin_reasoning_trace,kvzap-predictor-trace-20260817T122049Z,builtin_reasoning_trace,15,5,6,1.0,1.0
kvzap-predictor-trace-20260817T122049Z::builtin_reasoning_trace,kvzap-predictor-trace-20260817T122049Z,builtin_reasoning_trace,15,5,7,0.7797055730809674,0.002380952380952381
kvzap-predictor-trace-20260817T122049Z::builtin_reasoning_trace,kvzap-predictor-trace-20260817T122049Z,builtin_reasoning_trace,15,6,7,0.7797055730809674,0.002380952380952381
kvzap-predictor-trace-20260817T122049Z::builtin_reasoning_trace,kvzap-predictor-trace-20260817T122049Z,builtin_reasoning_trace,16,0,1,0.8757592490336831,0.2902208201892745
kvzap-predictor-trace-20260817T122049Z::builtin_reasoning_trace,kvzap-predictor-trace-20260817T122049Z,builtin_reasoning_trace,16,0,2,0.9200841219768665,0.006535947712418301
kvzap-predictor-trace-20260817T122049Z::builtin_reasoning_trace,kvzap-predictor-trace-20260817T122049Z,builtin_reasoning_trace,16,0,3,0.8064516129032258,0.23178807947019867
kvzap-predictor-trace-20260817T122049Z::builtin_reasoning_trace,kvzap-predictor-trace-20260817T122049Z,builtin_reasoning_trace,16,0,4,0.9261241970021413,0.2023121387283237
kvzap-predictor-trace-20260817T122049Z::builtin_reasoning_trace,kvzap-predictor-trace-20260817T122049Z,builtin_reasoning_trace,16,0,5,0.5659526493799324,0.14349276974416017
kvzap-predictor-trace-20260817T122049Z::builtin_reasoning_trace,kvzap-predictor-trace-20260817T122049Z,builtin_reasoning_trace,16,0,6,0.9189900052603893,0.01282051282051282
kvzap-predictor-trace-20260817T122049Z::builtin_reasoning_trace,kvzap-predictor-trace-20260817T122049Z,builtin_reasoning_trace,16,0,7,0.9209809264305178,0.3192488262910798
kvzap-predictor-trace-20260817T122049Z::builtin_reasoning_trace,kvzap-predictor-trace-20260817T122049Z,builtin_reasoning_trace,16,1,2,0.8606729758149316,0.0037593984962406013
kvzap-predictor-trace-20260817T122049Z::builtin_reasoning_trace,kvzap-predictor-trace-20260817T122049Z,builtin_reasoning_trace,16,1,3,0.7883628066172276,0.28790786948176583
kvzap-predictor-trace-20260817T122049Z::builtin_reasoning_trace,kvzap-predictor-trace-20260817T122049Z,builtin_reasoning_trace,16,1,4,0.8636363636363636,0.11458333333333333
kvzap-predictor-trace-20260817T122049Z::builtin_reasoning_trace,kvzap-predictor-trace-20260817T122049Z,builtin_reasoning_trace,16,1,5,0.4838530066815145,0.10348162475822051
kvzap-predictor-trace-20260817T122049Z::builtin_reasoning_trace,kvzap-predictor-trace-20260817T122049Z,builtin_reasoning_trace,16,1,6,0.8634686346863468,0.022641509433962263
kvzap-predictor-trace-20260817T122049Z::builtin_reasoning_trace,kvzap-predictor-trace-20260817T122049Z,builtin_reasoning_trace,16,1,7,0.8757559098405717,0.2709677419354839
kvzap-predictor-trace-20260817T122049Z::builtin_reasoning_trace,kvzap-predictor-trace-20260817T122049Z,builtin_reasoning_trace,16,2,3,0.7842105263157895,0.007263922518159807
kvzap-predictor-trace-20260817T122049Z::builtin_reasoning_trace,kvzap-predictor-trace-20260817T122049Z,builtin_reasoning_trace,16,2,4,0.9663512092534174,0.015384615384615385
kvzap-predictor-trace-20260817T122049Z::builtin_reasoning_trace,kvzap-predictor-trace-20260817T122049Z,builtin_reasoning_trace,16,2,5,0.5392725355824987,0.006818181818181818
kvzap-predictor-trace-20260817T122049Z::builtin_reasoning_trace,kvzap-predictor-trace-20260817T122049Z,builtin_reasoning_trace,16,2,6,0.9926393270241851,0.06666666666666667
kvzap-predictor-trace-20260817T122049Z::builtin_reasoning_trace,kvzap-predictor-trace-20260817T122049Z,builtin_reasoning_trace,16,2,7,0.93,0.022058823529411766
kvzap-predictor-trace-20260817T122049Z::builtin_reasoning_trace,kvzap-predictor-trace-20260817T122049Z,builtin_reasoning_trace,16,3,4,0.7896995708154506,0.09048723897911833
kvzap-predictor-trace-20260817T122049Z::builtin_reasoning_trace,kvzap-predictor-trace-20260817T122049Z,builtin_reasoning_trace,16,3,5,0.48436578171091443,0.1922365988909427
kvzap-predictor-trace-20260817T122049Z::builtin_reasoning_trace,kvzap-predictor-trace-20260817T122049Z,builtin_reasoning_trace,16,3,6,0.7811678064176749,0.004784688995215311
kvzap-predictor-trace-20260817T122049Z::builtin_reasoning_trace,kvzap-predictor-trace-20260817T122049Z,builtin_reasoning_trace,16,3,7,0.7850109409190372,0.16025641025641027
kvzap-predictor-trace-20260817T122049Z::builtin_reasoning_trace,kvzap-predictor-trace-20260817T122049Z,builtin_reasoning_trace,16,4,5,0.542518837459634,0.05027932960893855
kvzap-predictor-trace-20260817T122049Z::builtin_reasoning_trace,kvzap-predictor-trace-20260817T122049Z,builtin_reasoning_trace,16,4,6,0.9715039577836412,0.12903225806451613
kvzap-predictor-trace-20260817T122049Z::builtin_reasoning_trace,kvzap-predictor-trace-20260817T122049Z,builtin_reasoning_trace,16,4,7,0.9456112008616048,0.3129251700680272
kvzap-predictor-trace-20260817T122049Z::builtin_reasoning_trace,kvzap-predictor-trace-20260817T122049Z,builtin_reasoning_trace,16,5,6,0.533929510783798,0.0022522522522522522
kvzap-predictor-trace-20260817T122049Z::builtin_reasoning_trace,kvzap-predictor-trace-20260817T122049Z,builtin_reasoning_trace,16,5,7,0.5568561872909699,0.12057522123893805
kvzap-predictor-trace-20260817T122049Z::builtin_reasoning_trace,kvzap-predictor-trace-20260817T122049Z,builtin_reasoning_trace,16,6,7,0.9340021119324181,0.06716417910447761
kvzap-predictor-trace-20260817T122049Z::builtin_reasoning_trace,kvzap-predictor-trace-20260817T122049Z,builtin_reasoning_trace,17,0,1,0.7978933508887426,0.5557163531114327
kvzap-predictor-trace-20260817T122049Z::builtin_reasoning_trace,kvzap-predictor-trace-20260817T122049Z,builtin_reasoning_trace,17,0,2,0.7660944206008584,0.08210526315789474
kvzap-predictor-trace-20260817T122049Z::builtin_reasoning_trace,kvzap-predictor-trace-20260817T122049Z,builtin_reasoning_trace,17,0,3,0.7299528301886793,0.3112781954887218
kvzap-predictor-trace-20260817T122049Z::builtin_reasoning_trace,kvzap-predictor-trace-20260817T122049Z,builtin_reasoning_trace,17,0,4,0.7704455724760293,0.24208566108007448
kvzap-predictor-trace-20260817T122049Z::builtin_reasoning_trace,kvzap-predictor-trace-20260817T122049Z,builtin_reasoning_trace,17,0,5,0.8014796547472256,0.4660033167495854
kvzap-predictor-trace-20260817T122049Z::builtin_reasoning_trace,kvzap-predictor-trace-20260817T122049Z,builtin_reasoning_trace,17,0,6,0.7404580152671756,0.4479025710419486
kvzap-predictor-trace-20260817T122049Z::builtin_reasoning_trace,kvzap-predictor-trace-20260817T122049Z,builtin_reasoning_trace,17,0,7,0.7568421052631579,0.0064516129032258064
kvzap-predictor-trace-20260817T122049Z::builtin_reasoning_trace,kvzap-predictor-trace-20260817T122049Z,builtin_reasoning_trace,17,1,2,0.6892837910608508,0.0738362760834671
kvzap-predictor-trace-20260817T122049Z::builtin_reasoning_trace,kvzap-predictor-trace-20260817T122049Z,builtin_reasoning_trace,17,1,3,0.7622067216233355,0.46504992867332384
kvzap-predictor-trace-20260817T122049Z::builtin_reasoning_trace,kvzap-predictor-trace-20260817T122049Z,builtin_reasoning_trace,17,1,4,0.7389277389277389,0.29448818897637796
kvzap-predictor-trace-20260817T122049Z::builtin_reasoning_trace,kvzap-predictor-trace-20260817T122049Z,builtin_reasoning_trace,17,1,5,0.8026058631921824,0.5484351713859911
kvzap-predictor-trace-20260817T122049Z::builtin_reasoning_trace,kvzap-predictor-trace-20260817T122049Z,builtin_reasoning_trace,17,1,6,0.8279036827195467,0.6689373297002725
kvzap-predictor-trace-20260817T122049Z::builtin_reasoning_trace,kvzap-predictor-trace-20260817T122049Z,builtin_reasoning_trace,17,1,7,0.6779124934106484,0.009724473257698542
kvzap-predictor-trace-20260817T122049Z::builtin_reasoning_trace,kvzap-predictor-trace-20260817T122049Z,builtin_reasoning_trace,17,2,3,0.7937701396348013,0.09647058823529411
kvzap-predictor-trace-20260817T122049Z::builtin_reasoning_trace,kvzap-predictor-trace-20260817T122049Z,builtin_reasoning_trace,17,2,4,0.9038668098818474,0.18636363636363637
kvzap-predictor-trace-20260817T122049Z::builtin_reasoning_trace,kvzap-predictor-trace-20260817T122049Z,builtin_reasoning_trace,17,2,5,0.796976241900648,0.11943793911007025
kvzap-predictor-trace-20260817T122049Z::builtin_reasoning_trace,kvzap-predictor-trace-20260817T122049Z,builtin_reasoning_trace,17,2,6,0.697460831982712,0.08496732026143791
kvzap-predictor-trace-20260817T122049Z::builtin_reasoning_trace,kvzap-predictor-trace-20260817T122049Z,builtin_reasoning_trace,17,2,7,0.9694897422409259,0.03333333333333333
kvzap-predictor-trace-20260817T122049Z::builtin_reasoning_trace,kvzap-predictor-trace-20260817T122049Z,builtin_reasoning_trace,17,3,4,0.8305571510626077,0.3544857768052516
kvzap-predictor-trace-20260817T122049Z::builtin_reasoning_trace,kvzap-predictor-trace-20260817T122049Z,builtin_reasoning_trace,17,3,5,0.8390092879256966,0.5255474452554745
kvzap-predictor-trace-20260817T122049Z::builtin_reasoning_trace,kvzap-predictor-trace-20260817T122049Z,builtin_reasoning_trace,17,3,6,0.7961290322580645,0.5276532137518685
kvzap-predictor-trace-20260817T122049Z::builtin_reasoning_trace,kvzap-predictor-trace-20260817T122049Z,builtin_reasoning_trace,17,3,7,0.7849235635213495,0.014492753623188406
kvzap-predictor-trace-20260817T122049Z::builtin_reasoning_trace,kvzap-predictor-trace-20260817T122049Z,builtin_reasoning_trace,17,4,5,0.8278641335636154,0.35698924731182796
kvzap-predictor-trace-20260817T122049Z::builtin_reasoning_trace,kvzap-predictor-trace-20260817T122049Z,builtin_reasoning_trace,17,4,6,0.757201646090535,0.3284552845528455
kvzap-predictor-trace-20260817T122049Z::builtin_reasoning_trace,kvzap-predictor-trace-20260817T122049Z,builtin_reasoning_trace,17,4,7,0.8929889298892989,0.028708133971291867
kvzap-predictor-trace-20260817T122049Z::builtin_reasoning_trace,kvzap-predictor-trace-20260817T122049Z,builtin_reasoning_trace,17,5,6,0.8165137614678899,0.573820395738204
kvzap-predictor-trace-20260817T122049Z::builtin_reasoning_trace,kvzap-predictor-trace-20260817T122049Z,builtin_reasoning_trace,17,5,7,0.7767245918904687,0.009345794392523364
kvzap-predictor-trace-20260817T122049Z::builtin_reasoning_trace,kvzap-predictor-trace-20260817T122049Z,builtin_reasoning_trace,17,6,7,0.6814345991561181,0.011456628477905073
kvzap-predictor-trace-20260817T122049Z::builtin_reasoning_trace,kvzap-predictor-trace-20260817T122049Z,builtin_reasoning_trace,18,0,1,0.8632523759239704,0.033582089552238806
kvzap-predictor-trace-20260817T122049Z::builtin_reasoning_trace,kvzap-predictor-trace-20260817T122049Z,builtin_reasoning_trace,18,0,2,0.864693446088795,0.04119850187265917
kvzap-predictor-trace-20260817T122049Z::builtin_reasoning_trace,kvzap-predictor-trace-20260817T122049Z,builtin_reasoning_trace,18,0,3,0.5250533049040512,0.029411764705882353
kvzap-predictor-trace-20260817T122049Z::builtin_reasoning_trace,kvzap-predictor-trace-20260817T122049Z,builtin_reasoning_trace,18,0,4,0.820254506892895,0.047752808988764044
kvzap-predictor-trace-20260817T122049Z::builtin_reasoning_trace,kvzap-predictor-trace-20260817T122049Z,builtin_reasoning_trace,18,0,5,0.8478260869565217,0.05592105263157895
kvzap-predictor-trace-20260817T122049Z::builtin_reasoning_trace,kvzap-predictor-trace-20260817T122049Z,builtin_reasoning_trace,18,0,6,0.8553259141494436,0.05536332179930796
kvzap-predictor-trace-20260817T122049Z::builtin_reasoning_trace,kvzap-predictor-trace-20260817T122049Z,builtin_reasoning_trace,18,0,7,0.9211640211640212,0.08024691358024691
kvzap-predictor-trace-20260817T122049Z::builtin_reasoning_trace,kvzap-predictor-trace-20260817T122049Z,builtin_reasoning_trace,18,1,2,0.9127708095781072,0.49337748344370863
kvzap-predictor-trace-20260817T122049Z::builtin_reasoning_trace,kvzap-predictor-trace-20260817T122049Z,builtin_reasoning_trace,18,1,3,0.5961995249406176,0.2436040044493882
kvzap-predictor-trace-20260817T122049Z::builtin_reasoning_trace,kvzap-predictor-trace-20260817T122049Z,builtin_reasoning_trace,18,1,4,0.9187757504414361,0.5964912280701754
kvzap-predictor-trace-20260817T122049Z::builtin_reasoning_trace,kvzap-predictor-trace-20260817T122049Z,builtin_reasoning_trace,18,1,5,0.9023549684089603,0.4879518072289157
kvzap-predictor-trace-20260817T122049Z::builtin_reasoning_trace,kvzap-predictor-trace-20260817T122049Z,builtin_reasoning_trace,18,1,6,0.9326364692218351,0.6094276094276094
kvzap-predictor-trace-20260817T122049Z::builtin_reasoning_trace,kvzap-predictor-trace-20260817T122049Z,builtin_reasoning_trace,18,1,7,0.9083885209713024,0.3540856031128405
kvzap-predictor-trace-20260817T122049Z::builtin_reasoning_trace,kvzap-predictor-trace-20260817T122049Z,builtin_reasoning_trace,18,2,3,0.5984533016061868,0.24749163879598662
kvzap-predictor-trace-20260817T122049Z::builtin_reasoning_trace,kvzap-predictor-trace-20260817T122049Z,builtin_reasoning_trace,18,2,4,0.8892753623188406,0.4823848238482385
kvzap-predictor-trace-20260817T122049Z::builtin_reasoning_trace,kvzap-predictor-trace-20260817T122049Z,builtin_reasoning_trace,18,2,5,0.9105597230236584,0.5230769230769231
kvzap-predictor-trace-20260817T122049Z::builtin_reasoning_trace,kvzap-predictor-trace-20260817T122049Z,builtin_reasoning_trace,18,2,6,0.9098737083811711,0.5062893081761006
kvzap-predictor-trace-20260817T122049Z::builtin_reasoning_trace,kvzap-predictor-trace-20260817T122049Z,builtin_reasoning_trace,18,2,7,0.9078366445916115,0.35271317829457366
kvzap-predictor-trace-20260817T122049Z::builtin_reasoning_trace,kvzap-predictor-trace-20260817T122049Z,builtin_reasoning_trace,18,3,4,0.6179775280898876,0.32968236582694416
kvzap-predictor-trace-20260817T122049Z::builtin_reasoning_trace,kvzap-predictor-trace-20260817T122049Z,builtin_reasoning_trace,18,3,5,0.606318347509113,0.2839779005524862
kvzap-predictor-trace-20260817T122049Z::builtin_reasoning_trace,kvzap-predictor-trace-20260817T122049Z,builtin_reasoning_trace,18,3,6,0.5985576923076923,0.26350606394707826
kvzap-predictor-trace-20260817T122049Z::builtin_reasoning_trace,kvzap-predictor-trace-20260817T122049Z,builtin_reasoning_trace,18,3,7,0.5604026845637584,0.12763596004439512
kvzap-predictor-trace-20260817T122049Z::builtin_reasoning_trace,kvzap-predictor-trace-20260817T122049Z,builtin_reasoning_trace,18,4,5,0.9063426200355661,0.5775401069518716
kvzap-predictor-trace-20260817T122049Z::builtin_reasoning_trace,kvzap-predictor-trace-20260817T122049Z,builtin_reasoning_trace,18,4,6,0.9226650803093397,0.6306818181818182
kvzap-predictor-trace-20260817T122049Z::builtin_reasoning_trace,kvzap-predictor-trace-20260817T122049Z,builtin_reasoning_trace,18,4,7,0.8740245261984393,0.3253731343283582
kvzap-predictor-trace-20260817T122049Z::builtin_reasoning_trace,kvzap-predictor-trace-20260817T122049Z,builtin_reasoning_trace,18,5,6,0.9070847851335656,0.530791788856305
kvzap-predictor-trace-20260817T122049Z::builtin_reasoning_trace,kvzap-predictor-trace-20260817T122049Z,builtin_reasoning_trace,18,5,7,0.8789212988442487,0.28104575163398693
kvzap-predictor-trace-20260817T122049Z::builtin_reasoning_trace,kvzap-predictor-trace-20260817T122049Z,builtin_reasoning_trace,18,6,7,0.9087367835281024,0.3925925925925926
kvzap-predictor-trace-20260817T122049Z::builtin_reasoning_trace,kvzap-predictor-trace-20260817T122049Z,builtin_reasoning_trace,19,0,1,0.8978947368421053,0.015228426395939087
kvzap-predictor-trace-20260817T122049Z::builtin_reasoning_trace,kvzap-predictor-trace-20260817T122049Z,builtin_reasoning_trace,19,0,2,0.9185667752442996,0.2890995260663507
kvzap-predictor-trace-20260817T122049Z::builtin_reasoning_trace,kvzap-predictor-trace-20260817T122049Z,builtin_reasoning_trace,19,0,3,0.8063400576368877,0.3333333333333333
kvzap-predictor-trace-20260817T122049Z::builtin_reasoning_trace,kvzap-predictor-trace-20260817T122049Z,builtin_reasoning_trace,19,0,4,0.8997890295358649,0.03553299492385787
kvzap-predictor-trace-20260817T122049Z::builtin_reasoning_trace,kvzap-predictor-trace-20260817T122049Z,builtin_reasoning_trace,19,0,5,0.8969505783385909,0.005076142131979695
kvzap-predictor-trace-20260817T122049Z::builtin_reasoning_trace,kvzap-predictor-trace-20260817T122049Z,builtin_reasoning_trace,19,0,6,0.3613202084539664,0.1376075058639562
kvzap-predictor-trace-20260817T122049Z::builtin_reasoning_trace,kvzap-predictor-trace-20260817T122049Z,builtin_reasoning_trace,19,0,7,0.9203589455973079,0.4580152671755725
kvzap-predictor-trace-20260817T122049Z::builtin_reasoning_trace,kvzap-predictor-trace-20260817T122049Z,builtin_reasoning_trace,19,1,2,0.9610731194108364,0.02631578947368421
kvzap-predictor-trace-20260817T122049Z::builtin_reasoning_trace,kvzap-predictor-trace-20260817T122049Z,builtin_reasoning_trace,19,1,3,0.751578947368421,0.00631578947368421
kvzap-predictor-trace-20260817T122049Z::builtin_reasoning_trace,kvzap-predictor-trace-20260817T122049Z,builtin_reasoning_trace,19,1,4,0.9968437664387164,0.25
kvzap-predictor-trace-20260817T122049Z::builtin_reasoning_trace,kvzap-predictor-trace-20260817T122049Z,builtin_reasoning_trace,19,1,5,0.9989484752891693,0.3333333333333333
kvzap-predictor-trace-20260817T122049Z::builtin_reasoning_trace,kvzap-predictor-trace-20260817T122049Z,builtin_reasoning_trace,19,1,6,0.3394736842105263,0.0023847376788553257
kvzap-predictor-trace-20260817T122049Z::builtin_reasoning_trace,kvzap-predictor-trace-20260817T122049Z,builtin_reasoning_trace,19,1,7,0.9032088374539716,0.010752688172043012
kvzap-predictor-trace-20260817T122049Z::builtin_reasoning_trace,kvzap-predictor-trace-20260817T122049Z,builtin_reasoning_trace,19,2,3,0.7763229678123296,0.14583333333333334
kvzap-predictor-trace-20260817T122049Z::builtin_reasoning_trace,kvzap-predictor-trace-20260817T122049Z,builtin_reasoning_trace,19,2,4,0.9589689637033141,0.025
kvzap-predictor-trace-20260817T122049Z::builtin_reasoning_trace,kvzap-predictor-trace-20260817T122049Z,builtin_reasoning_trace,19,2,5,0.961093585699264,0.013333333333333334
kvzap-predictor-trace-20260817T122049Z::builtin_reasoning_trace,kvzap-predictor-trace-20260817T122049Z,builtin_reasoning_trace,19,2,6,0.3491543917075832,0.055423594615993665
kvzap-predictor-trace-20260817T122049Z::builtin_reasoning_trace,kvzap-predictor-trace-20260817T122049Z,builtin_reasoning_trace,19,2,7,0.9250814332247557,0.3065326633165829
kvzap-predictor-trace-20260817T122049Z::builtin_reasoning_trace,kvzap-predictor-trace-20260817T122049Z,builtin_reasoning_trace,19,3,4,0.7513171759747103,0.010482180293501049
kvzap-predictor-trace-20260817T122049Z::builtin_reasoning_trace,kvzap-predictor-trace-20260817T122049Z,builtin_reasoning_trace,19,3,5,0.750788643533123,0.002105263157894737
kvzap-predictor-trace-20260817T122049Z::builtin_reasoning_trace,kvzap-predictor-trace-20260817T122049Z,builtin_reasoning_trace,19,3,6,0.3866220735785953,0.30792452830188677
kvzap-predictor-trace-20260817T122049Z::builtin_reasoning_trace,kvzap-predictor-trace-20260817T122049Z,builtin_reasoning_trace,19,3,7,0.8143021914648212,0.34419551934826886
kvzap-predictor-trace-20260817T122049Z::builtin_reasoning_trace,kvzap-predictor-trace-20260817T122049Z,builtin_reasoning_trace,19,4,5,0.9968454258675079,0.14285714285714285
kvzap-predictor-trace-20260817T122049Z::builtin_reasoning_trace,kvzap-predictor-trace-20260817T122049Z,builtin_reasoning_trace,19,4,6,0.33948339483394835,0.004765687053216839
kvzap-predictor-trace-20260817T122049Z::builtin_reasoning_trace,kvzap-predictor-trace-20260817T122049Z,builtin_reasoning_trace,19,4,7,0.9041095890410958,0.026737967914438502
kvzap-predictor-trace-20260817T122049Z::builtin_reasoning_trace,kvzap-predictor-trace-20260817T122049Z,builtin_reasoning_trace,19,5,6,0.3391167192429022,0.000794912559618442
kvzap-predictor-trace-20260817T122049Z::builtin_reasoning_trace,kvzap-predictor-trace-20260817T122049Z,builtin_reasoning_trace,19,5,7,0.9032597266035752,0.005405405405405406
kvzap-predictor-trace-20260817T122049Z::builtin_reasoning_trace,kvzap-predictor-trace-20260817T122049Z,builtin_reasoning_trace,19,6,7,0.3722415795586527,0.1434231378763867
kvzap-predictor-trace-20260817T122049Z::builtin_reasoning_trace,kvzap-predictor-trace-20260817T122049Z,builtin_reasoning_trace,20,0,1,0.847385272145144,0.09206349206349207
kvzap-predictor-trace-20260817T122049Z::builtin_reasoning_trace,kvzap-predictor-trace-20260817T122049Z,builtin_reasoning_trace,20,0,2,0.7991337303735788,0.13114754098360656
kvzap-predictor-trace-20260817T122049Z::builtin_reasoning_trace,kvzap-predictor-trace-20260817T122049Z,builtin_reasoning_trace,20,0,3,0.6151351351351352,0.06928104575163399
kvzap-predictor-trace-20260817T122049Z::builtin_reasoning_trace,kvzap-predictor-trace-20260817T122049Z,builtin_reasoning_trace,20,0,4,0.6603466955579632,0.08333333333333333
kvzap-predictor-trace-20260817T122049Z::builtin_reasoning_trace,kvzap-predictor-trace-20260817T122049Z,builtin_reasoning_trace,20,0,5,0.28363832077502693,0.032703488372093026
kvzap-predictor-trace-20260817T122049Z::builtin_reasoning_trace,kvzap-predictor-trace-20260817T122049Z,builtin_reasoning_trace,20,0,6,0.37371552190373175,0.04455445544554455
kvzap-predictor-trace-20260817T122049Z::builtin_reasoning_trace,kvzap-predictor-trace-20260817T122049Z,builtin_reasoning_trace,20,0,7,0.5197190707725554,0.05526036131774708
kvzap-predictor-trace-20260817T122049Z::builtin_reasoning_trace,kvzap-predictor-trace-20260817T122049Z,builtin_reasoning_trace,20,1,2,0.7991944764096662,0.321011673151751
kvzap-predictor-trace-20260817T122049Z::builtin_reasoning_trace,kvzap-predictor-trace-20260817T122049Z,builtin_reasoning_trace,20,1,3,0.6452563347083088,0.25495049504950495
kvzap-predictor-trace-20260817T122049Z::builtin_reasoning_trace,kvzap-predictor-trace-20260817T122049Z,builtin_reasoning_trace,20,1,4,0.7200239808153477,0.33475783475783477
kvzap-predictor-trace-20260817T122049Z::builtin_reasoning_trace,kvzap-predictor-trace-20260817T122049Z,builtin_reasoning_trace,20,1,5,0.29068396226415094,0.14680851063829786
kvzap-predictor-trace-20260817T122049Z::builtin_reasoning_trace,kvzap-predictor-trace-20260817T122049Z,builtin_reasoning_trace,20,1,6,0.3919239904988123,0.17618664521319388
kvzap-predictor-trace-20260817T122049Z::builtin_reasoning_trace,kvzap-predictor-trace-20260817T122049Z,builtin_reasoning_trace,20,1,7,0.5376028202115158,0.2034412955465587
kvzap-predictor-trace-20260817T122049Z::builtin_reasoning_trace,kvzap-predictor-trace-20260817T122049Z,builtin_reasoning_trace,20,2,3,0.6020531400966184,0.2726269315673289
kvzap-predictor-trace-20260817T122049Z::builtin_reasoning_trace,kvzap-predictor-trace-20260817T122049Z,builtin_reasoning_trace,20,2,4,0.7388535031847133,0.44818304172274565
kvzap-predictor-trace-20260817T122049Z::builtin_reasoning_trace,kvzap-predictor-trace-20260817T122049Z,builtin_reasoning_trace,20,2,5,0.24092009685230023,0.16677740863787374
kvzap-predictor-trace-20260817T122049Z::builtin_reasoning_trace,kvzap-predictor-trace-20260817T122049Z,builtin_reasoning_trace,20,2,6,0.36617100371747213,0.22027439024390244
kvzap-predictor-trace-20260817T122049Z::builtin_reasoning_trace,kvzap-predictor-trace-20260817T122049Z,builtin_reasoning_trace,20,2,7,0.4856115107913669,0.21500457456541627
kvzap-predictor-trace-20260817T122049Z::builtin_reasoning_trace,kvzap-predictor-trace-20260817T122049Z,builtin_reasoning_trace,20,3,4,0.6889985895627645,0.5237580993520519
kvzap-predictor-trace-20260817T122049Z::builtin_reasoning_trace,kvzap-predictor-trace-20260817T122049Z,builtin_reasoning_trace,20,3,5,0.41735537190082644,0.4957081545064378
kvzap-predictor-trace-20260817T122049Z::builtin_reasoning_trace,kvzap-predictor-trace-20260817T122049Z,builtin_reasoning_trace,20,3,6,0.4736012608353034,0.4869431643625192
kvzap-predictor-trace-20260817T122049Z::builtin_reasoning_trace,kvzap-predictor-trace-20260817T122049Z,builtin_reasoning_trace,20,3,7,0.7408610885458976,0.6781029263370333
kvzap-predictor-trace-20260817T122049Z::builtin_reasoning_trace,kvzap-predictor-trace-20260817T122049Z,builtin_reasoning_trace,20,4,5,0.2985507246376812,0.35077129443326627
kvzap-predictor-trace-20260817T122049Z::builtin_reasoning_trace,kvzap-predictor-trace-20260817T122049Z,builtin_reasoning_trace,20,4,6,0.4242867593269934,0.4051398337112623
kvzap-predictor-trace-20260817T122049Z::builtin_reasoning_trace,kvzap-predictor-trace-20260817T122049Z,builtin_reasoning_trace,20,4,7,0.5778251599147122,0.45504587155963305
kvzap-predictor-trace-20260817T122049Z::builtin_reasoning_trace,kvzap-predictor-trace-20260817T122049Z,builtin_reasoning_trace,20,5,6,0.48014018691588783,0.7017426273458445
kvzap-predictor-trace-20260817T122049Z::builtin_reasoning_trace,kvzap-predictor-trace-20260817T122049Z,builtin_reasoning_trace,20,5,7,0.5009746588693957,0.6313894888408927
kvzap-predictor-trace-20260817T122049Z::builtin_reasoning_trace,kvzap-predictor-trace-20260817T122049Z,builtin_reasoning_trace,20,6,7,0.48293963254593175,0.5625462620281273
kvzap-predictor-trace-20260817T122049Z::builtin_reasoning_trace,kvzap-predictor-trace-20260817T122049Z,builtin_reasoning_trace,21,0,1,0.8578947368421053,0.01098901098901099
kvzap-predictor-trace-20260817T122049Z::builtin_reasoning_trace,kvzap-predictor-trace-20260817T122049Z,builtin_reasoning_trace,21,0,2,0.5718799368088467,0.004895960832313341
kvzap-predictor-trace-20260817T122049Z::builtin_reasoning_trace,kvzap-predictor-trace-20260817T122049Z,builtin_reasoning_trace,21,0,3,0.9694254085397996,0.09375
kvzap-predictor-trace-20260817T122049Z::builtin_reasoning_trace,kvzap-predictor-trace-20260817T122049Z,builtin_reasoning_trace,21,0,4,0.8332456601788533,0.006269592476489028
kvzap-predictor-trace-20260817T122049Z::builtin_reasoning_trace,kvzap-predictor-trace-20260817T122049Z,builtin_reasoning_trace,21,0,5,0.6959495002630195,0.0034482758620689655
kvzap-predictor-trace-20260817T122049Z::builtin_reasoning_trace,kvzap-predictor-trace-20260817T122049Z,builtin_reasoning_trace,21,0,6,0.8877766069546892,0.022935779816513763
kvzap-predictor-trace-20260817T122049Z::builtin_reasoning_trace,kvzap-predictor-trace-20260817T122049Z,builtin_reasoning_trace,21,0,7,0.8415789473684211,0.009868421052631578
kvzap-predictor-trace-20260817T122049Z::builtin_reasoning_trace,kvzap-predictor-trace-20260817T122049Z,builtin_reasoning_trace,21,1,2,0.6531476997578692,0.30461165048543687
kvzap-predictor-trace-20260817T122049Z::builtin_reasoning_trace,kvzap-predictor-trace-20260817T122049Z,builtin_reasoning_trace,21,1,3,0.8384371700105596,0.02857142857142857
kvzap-predictor-trace-20260817T122049Z::builtin_reasoning_trace,kvzap-predictor-trace-20260817T122049Z,builtin_reasoning_trace,21,1,4,0.8568965517241379,0.39563106796116504
kvzap-predictor-trace-20260817T122049Z::builtin_reasoning_trace,kvzap-predictor-trace-20260817T122049Z,builtin_reasoning_trace,21,1,5,0.7731343283582089,0.375
kvzap-predictor-trace-20260817T122049Z::builtin_reasoning_trace,kvzap-predictor-trace-20260817T122049Z,builtin_reasoning_trace,21,1,6,0.8957858769931663,0.44545454545454544
kvzap-predictor-trace-20260817T122049Z::builtin_reasoning_trace,kvzap-predictor-trace-20260817T122049Z,builtin_reasoning_trace,21,1,7,0.8932322053675612,0.5080645161290323
kvzap-predictor-trace-20260817T122049Z::builtin_reasoning_trace,kvzap-predictor-trace-20260817T122049Z,builtin_reasoning_trace,21,2,3,0.5664,0.03329369797859691
kvzap-predictor-trace-20260817T122049Z::builtin_reasoning_trace,kvzap-predictor-trace-20260817T122049Z,builtin_reasoning_trace,21,2,4,0.6808510638297872,0.37423312883435583
kvzap-predictor-trace-20260817T122049Z::builtin_reasoning_trace,kvzap-predictor-trace-20260817T122049Z,builtin_reasoning_trace,21,2,5,0.7125706214689266,0.5447427293064877
kvzap-predictor-trace-20260817T122049Z::builtin_reasoning_trace,kvzap-predictor-trace-20260817T122049Z,builtin_reasoning_trace,21,2,6,0.6280701754385964,0.23281061519903498
kvzap-predictor-trace-20260817T122049Z::builtin_reasoning_trace,kvzap-predictor-trace-20260817T122049Z,builtin_reasoning_trace,21,2,7,0.6707920792079208,0.3504273504273504
kvzap-predictor-trace-20260817T122049Z::builtin_reasoning_trace,kvzap-predictor-trace-20260817T122049Z,builtin_reasoning_trace,21,3,4,0.823342175066313,0.05128205128205128
kvzap-predictor-trace-20260817T122049Z::builtin_reasoning_trace,kvzap-predictor-trace-20260817T122049Z,builtin_reasoning_trace,21,3,5,0.6742224565102793,0.009615384615384616
kvzap-predictor-trace-20260817T122049Z::builtin_reasoning_trace,kvzap-predictor-trace-20260817T122049Z,builtin_reasoning_trace,21,3,6,0.8803191489361702,0.09274193548387097
kvzap-predictor-trace-20260817T122049Z::builtin_reasoning_trace,kvzap-predictor-trace-20260817T122049Z,builtin_reasoning_trace,21,3,7,0.8278601694915254,0.04411764705882353
kvzap-predictor-trace-20260817T122049Z::builtin_reasoning_trace,kvzap-predictor-trace-20260817T122049Z,builtin_reasoning_trace,21,4,5,0.7716535433070866,0.40063593004769477
kvzap-predictor-trace-20260817T122049Z::builtin_reasoning_trace,kvzap-predictor-trace-20260817T122049Z,builtin_reasoning_trace,21,4,6,0.8797939324556382,0.4262295081967213
kvzap-predictor-trace-20260817T122049Z::builtin_reasoning_trace,kvzap-predictor-trace-20260817T122049Z,builtin_reasoning_trace,21,4,7,0.9036287923854849,0.578125
kvzap-predictor-trace-20260817T122049Z::builtin_reasoning_trace,kvzap-predictor-trace-20260817T122049Z,builtin_reasoning_trace,21,5,6,0.739355581127733,0.2669902912621359
kvzap-predictor-trace-20260817T122049Z::builtin_reasoning_trace,kvzap-predictor-trace-20260817T122049Z,builtin_reasoning_trace,21,5,7,0.7931665649786455,0.43781094527363185
kvzap-predictor-trace-20260817T122049Z::builtin_reasoning_trace,kvzap-predictor-trace-20260817T122049Z,builtin_reasoning_trace,21,6,7,0.9008645533141211,0.49411764705882355
kvzap-predictor-trace-20260817T122049Z::builtin_reasoning_trace,kvzap-predictor-trace-20260817T122049Z,builtin_reasoning_trace,22,0,1,0.8116402116402116,0.03523035230352303
kvzap-predictor-trace-20260817T122049Z::builtin_reasoning_trace,kvzap-predictor-trace-20260817T122049Z,builtin_reasoning_trace,22,0,2,0.9831578947368421,0.08571428571428572
kvzap-predictor-trace-20260817T122049Z::builtin_reasoning_trace,kvzap-predictor-trace-20260817T122049Z,builtin_reasoning_trace,22,0,3,0.99105733824303,0.10526315789473684
kvzap-predictor-trace-20260817T122049Z::builtin_reasoning_trace,kvzap-predictor-trace-20260817T122049Z,builtin_reasoning_trace,22,0,4,0.991062039957939,0.05555555555555555
kvzap-predictor-trace-20260817T122049Z::builtin_reasoning_trace,kvzap-predictor-trace-20260817T122049Z,builtin_reasoning_trace,22,0,5,0.33544973544973544,0.01024428684003152
kvzap-predictor-trace-20260817T122049Z::builtin_reasoning_trace,kvzap-predictor-trace-20260817T122049Z,builtin_reasoning_trace,22,0,6,0.9931650893796005,0.07142857142857142
kvzap-predictor-trace-20260817T122049Z::builtin_reasoning_trace,kvzap-predictor-trace-20260817T122049Z,builtin_reasoning_trace,22,0,7,0.9889531825355077,0.08695652173913043
kvzap-predictor-trace-20260817T122049Z::builtin_reasoning_trace,kvzap-predictor-trace-20260817T122049Z,builtin_reasoning_trace,22,1,2,0.8149920255183413,0.05945945945945946
kvzap-predictor-trace-20260817T122049Z::builtin_reasoning_trace,kvzap-predictor-trace-20260817T122049Z,builtin_reasoning_trace,22,1,3,0.8076923076923077,0.013513513513513514
kvzap-predictor-trace-20260817T122049Z::builtin_reasoning_trace,kvzap-predictor-trace-20260817T122049Z,builtin_reasoning_trace,22,1,4,0.8087460484720759,0.01358695652173913
kvzap-predictor-trace-20260817T122049Z::builtin_reasoning_trace,kvzap-predictor-trace-20260817T122049Z,builtin_reasoning_trace,22,1,5,0.3821656050955414,0.2555640828856485
kvzap-predictor-trace-20260817T122049Z::builtin_reasoning_trace,kvzap-predictor-trace-20260817T122049Z,builtin_reasoning_trace,22,1,6,0.8070452155625657,0.002717391304347826
kvzap-predictor-trace-20260817T122049Z::builtin_reasoning_trace,kvzap-predictor-trace-20260817T122049Z,builtin_reasoning_trace,22,1,7,0.8084432717678101,0.0215633423180593
kvzap-predictor-trace-20260817T122049Z::builtin_reasoning_trace,kvzap-predictor-trace-20260817T122049Z,builtin_reasoning_trace,22,2,3,0.9857969489742241,0.06896551724137931
kvzap-predictor-trace-20260817T122049Z::builtin_reasoning_trace,kvzap-predictor-trace-20260817T122049Z,builtin_reasoning_trace,22,2,4,0.9889415481832543,0.16
kvzap-predictor-trace-20260817T122049Z::builtin_reasoning_trace,kvzap-predictor-trace-20260817T122049Z,builtin_reasoning_trace,22,2,5,0.3343949044585987,0.014925373134328358
kvzap-predictor-trace-20260817T122049Z::builtin_reasoning_trace,kvzap-predictor-trace-20260817T122049Z,builtin_reasoning_trace,22,2,6,0.9879074658254469,0.041666666666666664
kvzap-predictor-trace-20260817T122049Z::builtin_reasoning_trace,kvzap-predictor-trace-20260817T122049Z,builtin_reasoning_trace,22,2,7,0.9826498422712934,0.029411764705882353
kvzap-predictor-trace-20260817T122049Z::builtin_reasoning_trace,kvzap-predictor-trace-20260817T122049Z,builtin_reasoning_trace,22,3,4,0.9947423764458465,0.09090909090909091
kvzap-predictor-trace-20260817T122049Z::builtin_reasoning_trace,kvzap-predictor-trace-20260817T122049Z,builtin_reasoning_trace,22,3,5,0.334915611814346,0.005520504731861199
kvzap-predictor-trace-20260817T122049Z::builtin_reasoning_trace,kvzap-predictor-trace-20260817T122049Z,builtin_reasoning_trace,22,3,6,0.9968454258675079,0.14285714285714285
kvzap-predictor-trace-20260817T122049Z::builtin_reasoning_trace,kvzap-predictor-trace-20260817T122049Z,builtin_reasoning_trace,22,3,7,0.9926354550236718,0.125
kvzap-predictor-trace-20260817T122049Z::builtin_reasoning_trace,kvzap-predictor-trace-20260817T122049Z,builtin_reasoning_trace,22,4,5,0.3338599262769879,0.0031520882584712374
kvzap-predictor-trace-20260817T122049Z::builtin_reasoning_trace,kvzap-predictor-trace-20260817T122049Z,builtin_reasoning_trace,22,4,6,0.9978969505783386,0.2
kvzap-predictor-trace-20260817T122049Z::builtin_reasoning_trace,kvzap-predictor-trace-20260817T122049Z,builtin_reasoning_trace,22,4,7,0.9926393270241851,0.06666666666666667
kvzap-predictor-trace-20260817T122049Z::builtin_reasoning_trace,kvzap-predictor-trace-20260817T122049Z,builtin_reasoning_trace,22,5,6,0.33385909568874866,0.0007886435331230284
kvzap-predictor-trace-20260817T122049Z::builtin_reasoning_trace,kvzap-predictor-trace-20260817T122049Z,builtin_reasoning_trace,22,5,7,0.3356236786469345,0.008675078864353312
kvzap-predictor-trace-20260817T122049Z::builtin_reasoning_trace,kvzap-predictor-trace-20260817T122049Z,builtin_reasoning_trace,22,6,7,0.9947423764458465,0.09090909090909091
kvzap-predictor-trace-20260817T122049Z::builtin_reasoning_trace,kvzap-predictor-trace-20260817T122049Z,builtin_reasoning_trace,23,0,1,0.21903242955874536,0.014755197853789403
kvzap-predictor-trace-20260817T122049Z::builtin_reasoning_trace,kvzap-predictor-trace-20260817T122049Z,builtin_reasoning_trace,23,0,2,0.8359001593202336,0.060790273556231005
kvzap-predictor-trace-20260817T122049Z::builtin_reasoning_trace,kvzap-predictor-trace-20260817T122049Z,builtin_reasoning_trace,23,0,3,0.8470149253731343,0.08598726114649681
kvzap-predictor-trace-20260817T122049Z::builtin_reasoning_trace,kvzap-predictor-trace-20260817T122049Z,builtin_reasoning_trace,23,0,4,0.9558127301420305,0.023255813953488372
kvzap-predictor-trace-20260817T122049Z::builtin_reasoning_trace,kvzap-predictor-trace-20260817T122049Z,builtin_reasoning_trace,23,0,5,0.6684322033898306,0.0234009360374415
kvzap-predictor-trace-20260817T122049Z::builtin_reasoning_trace,kvzap-predictor-trace-20260817T122049Z,builtin_reasoning_trace,23,0,6,0.9563617245005258,0.011904761904761904
kvzap-predictor-trace-20260817T122049Z::builtin_reasoning_trace,kvzap-predictor-trace-20260817T122049Z,builtin_reasoning_trace,23,0,7,0.6679005817028028,0.01875
kvzap-predictor-trace-20260817T122049Z::builtin_reasoning_trace,kvzap-predictor-trace-20260817T122049Z,builtin_reasoning_trace,23,1,2,0.2639138240574506,0.15868673050615595
kvzap-predictor-trace-20260817T122049Z::builtin_reasoning_trace,kvzap-predictor-trace-20260817T122049Z,builtin_reasoning_trace,23,1,3,0.2679425837320574,0.15876288659793814
kvzap-predictor-trace-20260817T122049Z::builtin_reasoning_trace,kvzap-predictor-trace-20260817T122049Z,builtin_reasoning_trace,23,1,4,0.24894736842105264,0.002097902097902098
kvzap-predictor-trace-20260817T122049Z::builtin_reasoning_trace,kvzap-predictor-trace-20260817T122049Z,builtin_reasoning_trace,23,1,5,0.33505917159763315,0.38
kvzap-predictor-trace-20260817T122049Z::builtin_reasoning_trace,kvzap-predictor-trace-20260817T122049Z,builtin_reasoning_trace,23,1,6,0.24921135646687698,0.0006997900629811056
kvzap-predictor-trace-20260817T122049Z::builtin_reasoning_trace,kvzap-predictor-trace-20260817T122049Z,builtin_reasoning_trace,23,1,7,0.3380177514792899,0.38105117565698476
kvzap-predictor-trace-20260817T122049Z::builtin_reasoning_trace,kvzap-predictor-trace-20260817T122049Z,builtin_reasoning_trace,23,2,3,0.8993637941006362,0.5
kvzap-predictor-trace-20260817T122049Z::builtin_reasoning_trace,kvzap-predictor-trace-20260817T122049Z,builtin_reasoning_trace,23,2,4,0.8625592417061612,0.01509433962264151
kvzap-predictor-trace-20260817T122049Z::builtin_reasoning_trace,kvzap-predictor-trace-20260817T122049Z,builtin_reasoning_trace,23,2,5,0.719166184134337,0.26626323751891073
kvzap-predictor-trace-20260817T122049Z::builtin_reasoning_trace,kvzap-predictor-trace-20260817T122049Z,builtin_reasoning_trace,23,2,6,0.861198738170347,0.0037735849056603774
kvzap-predictor-trace-20260817T122049Z::builtin_reasoning_trace,kvzap-predictor-trace-20260817T122049Z,builtin_reasoning_trace,23,2,7,0.7581312832643406,0.3413848631239936
kvzap-predictor-trace-20260817T122049Z::builtin_reasoning_trace,kvzap-predictor-trace-20260817T122049Z,builtin_reasoning_trace,23,3,4,0.8667719852553976,0.01556420233463035
kvzap-predictor-trace-20260817T122049Z::builtin_reasoning_trace,kvzap-predictor-trace-20260817T122049Z,builtin_reasoning_trace,23,3,5,0.7178303519907675,0.25796661608497723
kvzap-predictor-trace-20260817T122049Z::builtin_reasoning_trace,kvzap-predictor-trace-20260817T122049Z,builtin_reasoning_trace,23,3,6,0.8654048370136698,0.0038910505836575876
kvzap-predictor-trace-20260817T122049Z::builtin_reasoning_trace,kvzap-predictor-trace-20260817T122049Z,builtin_reasoning_trace,23,3,7,0.7649496743635287,0.3502454991816694
kvzap-predictor-trace-20260817T122049Z::builtin_reasoning_trace,kvzap-predictor-trace-20260817T122049Z,builtin_reasoning_trace,23,4,5,0.7008952080042128,0.006993006993006993
kvzap-predictor-trace-20260817T122049Z::builtin_reasoning_trace,kvzap-predictor-trace-20260817T122049Z,builtin_reasoning_trace,23,4,6,0.998422712933754,0.25
kvzap-predictor-trace-20260817T122049Z::builtin_reasoning_trace,kvzap-predictor-trace-20260817T122049Z,builtin_reasoning_trace,23,4,7,0.7030015797788309,0.007042253521126761
kvzap-predictor-trace-20260817T122049Z::builtin_reasoning_trace,kvzap-predictor-trace-20260817T122049Z,builtin_reasoning_trace,23,5,6,0.6997896950578338,0.0017482517482517483
kvzap-predictor-trace-20260817T122049Z::builtin_reasoning_trace,kvzap-predictor-trace-20260817T122049Z,builtin_reasoning_trace,23,5,7,0.7177835051546392,0.4448669201520912
kvzap-predictor-trace-20260817T122049Z::builtin_reasoning_trace,kvzap-predictor-trace-20260817T122049Z,builtin_reasoning_trace,23,6,7,0.7018927444794952,0.0017605633802816902
kvzap-predictor-trace-20260817T122049Z::builtin_reasoning_trace,kvzap-predictor-trace-20260817T122049Z,builtin_reasoning_trace,24,0,1,0.5441014332965821,0.09716157205240175
kvzap-predictor-trace-20260817T122049Z::builtin_reasoning_trace,kvzap-predictor-trace-20260817T122049Z,builtin_reasoning_trace,24,0,2,0.8,0.14617169373549885
kvzap-predictor-trace-20260817T122049Z::builtin_reasoning_trace,kvzap-predictor-trace-20260817T122049Z,builtin_reasoning_trace,24,0,3,0.8034934497816594,0.16473317865429235
kvzap-predictor-trace-20260817T122049Z::builtin_reasoning_trace,kvzap-predictor-trace-20260817T122049Z,builtin_reasoning_trace,24,0,4,0.9436170212765957,0.17829457364341086
kvzap-predictor-trace-20260817T122049Z::builtin_reasoning_trace,kvzap-predictor-trace-20260817T122049Z,builtin_reasoning_trace,24,0,5,0.190292333149476,0.057766367137355584
kvzap-predictor-trace-20260817T122049Z::builtin_reasoning_trace,kvzap-predictor-trace-20260817T122049Z,builtin_reasoning_trace,24,0,6,0.9475635593220338,0.13157894736842105
kvzap-predictor-trace-20260817T122049Z::builtin_reasoning_trace,kvzap-predictor-trace-20260817T122049Z,builtin_reasoning_trace,24,0,7,0.6525563496426608,0.11731843575418995
kvzap-predictor-trace-20260817T122049Z::builtin_reasoning_trace,kvzap-predictor-trace-20260817T122049Z,builtin_reasoning_trace,24,1,2,0.6289267015706806,0.3980891719745223
kvzap-predictor-trace-20260817T122049Z::builtin_reasoning_trace,kvzap-predictor-trace-20260817T122049Z,builtin_reasoning_trace,24,1,3,0.611038961038961,0.37733887733887733
kvzap-predictor-trace-20260817T122049Z::builtin_reasoning_trace,kvzap-predictor-trace-20260817T122049Z,builtin_reasoning_trace,24,1,4,0.5286177105831533,0.05519480519480519
kvzap-predictor-trace-20260817T122049Z::builtin_reasoning_trace,kvzap-predictor-trace-20260817T122049Z,builtin_reasoning_trace,24,1,5,0.3417085427135678,0.580934101087652
kvzap-predictor-trace-20260817T122049Z::builtin_reasoning_trace,kvzap-predictor-trace-20260817T122049Z,builtin_reasoning_trace,24,1,6,0.5286555972147831,0.039301310043668124
kvzap-predictor-trace-20260817T122049Z::builtin_reasoning_trace,kvzap-predictor-trace-20260817T122049Z,builtin_reasoning_trace,24,1,7,0.7270569620253164,0.649390243902439
kvzap-predictor-trace-20260817T122049Z::builtin_reasoning_trace,kvzap-predictor-trace-20260817T122049Z,builtin_reasoning_trace,24,2,3,0.8653366583541147,0.5805825242718446
kvzap-predictor-trace-20260817T122049Z::builtin_reasoning_trace,kvzap-predictor-trace-20260817T122049Z,builtin_reasoning_trace,24,2,4,0.7890792291220556,0.08158508158508158
kvzap-predictor-trace-20260817T122049Z::builtin_reasoning_trace,kvzap-predictor-trace-20260817T122049Z,builtin_reasoning_trace,24,2,5,0.226578073089701,0.25480153649167736
kvzap-predictor-trace-20260817T122049Z::builtin_reasoning_trace,kvzap-predictor-trace-20260817T122049Z,builtin_reasoning_trace,24,2,6,0.7908461947844598,0.05755395683453238
kvzap-predictor-trace-20260817T122049Z::builtin_reasoning_trace,kvzap-predictor-trace-20260817T122049Z,builtin_reasoning_trace,24,2,7,0.7403100775193798,0.46895640686922063
kvzap-predictor-trace-20260817T122049Z::builtin_reasoning_trace,kvzap-predictor-trace-20260817T122049Z,builtin_reasoning_trace,24,3,4,0.7982740021574973,0.11583924349881797
kvzap-predictor-trace-20260817T122049Z::builtin_reasoning_trace,kvzap-predictor-trace-20260817T122049Z,builtin_reasoning_trace,24,3,5,0.21883289124668434,0.25111252383979654
kvzap-predictor-trace-20260817T122049Z::builtin_reasoning_trace,kvzap-predictor-trace-20260817T122049Z,builtin_reasoning_trace,24,3,6,0.7942276857295564,0.07673860911270983
kvzap-predictor-trace-20260817T122049Z::builtin_reasoning_trace,kvzap-predictor-trace-20260817T122049Z,builtin_reasoning_trace,24,3,7,0.7329032258064516,0.4602346805736636
kvzap-predictor-trace-20260817T122049Z::builtin_reasoning_trace,kvzap-predictor-trace-20260817T122049Z,builtin_reasoning_trace,24,4,5,0.18334234721471065,0.034526854219948847
kvzap-predictor-trace-20260817T122049Z::builtin_reasoning_trace,kvzap-predictor-trace-20260817T122049Z,builtin_reasoning_trace,24,4,6,0.9728579031399681,0.32
kvzap-predictor-trace-20260817T122049Z::builtin_reasoning_trace,kvzap-predictor-trace-20260817T122049Z,builtin_reasoning_trace,24,4,7,0.631380977968834,0.057692307692307696
kvzap-predictor-trace-20260817T122049Z::builtin_reasoning_trace,kvzap-predictor-trace-20260817T122049Z,builtin_reasoning_trace,24,5,6,0.18488745980707397,0.02374839537869063
kvzap-predictor-trace-20260817T122049Z::builtin_reasoning_trace,kvzap-predictor-trace-20260817T122049Z,builtin_reasoning_trace,24,5,7,0.28762541806020064,0.45349583066067994
kvzap-predictor-trace-20260817T122049Z::builtin_reasoning_trace,kvzap-predictor-trace-20260817T122049Z,builtin_reasoning_trace,24,6,7,0.6384574183181575,0.05063291139240506
kvzap-predictor-trace-20260817T122049Z::builtin_reasoning_trace,kvzap-predictor-trace-20260817T122049Z,builtin_reasoning_trace,25,0,1,0.769594950026302,0.004545454545454545
kvzap-predictor-trace-20260817T122049Z::builtin_reasoning_trace,kvzap-predictor-trace-20260817T122049Z,builtin_reasoning_trace,25,0,2,0.9600420609884333,0.012987012987012988
kvzap-predictor-trace-20260817T122049Z::builtin_reasoning_trace,kvzap-predictor-trace-20260817T122049Z,builtin_reasoning_trace,25,0,3,0.9584647739221872,0.0125
kvzap-predictor-trace-20260817T122049Z::builtin_reasoning_trace,kvzap-predictor-trace-20260817T122049Z,builtin_reasoning_trace,25,0,4,0.998422712933754,0.25
kvzap-predictor-trace-20260817T122049Z::builtin_reasoning_trace,kvzap-predictor-trace-20260817T122049Z,builtin_reasoning_trace,25,0,5,0.9978969505783386,0.2
kvzap-predictor-trace-20260817T122049Z::builtin_reasoning_trace,kvzap-predictor-trace-20260817T122049Z,builtin_reasoning_trace,25,0,6,0.9852786540483701,0.034482758620689655
kvzap-predictor-trace-20260817T122049Z::builtin_reasoning_trace,kvzap-predictor-trace-20260817T122049Z,builtin_reasoning_trace,25,0,7,0.6864807995791689,0.0033444816053511705
kvzap-predictor-trace-20260817T122049Z::builtin_reasoning_trace,kvzap-predictor-trace-20260817T122049Z,builtin_reasoning_trace,25,1,2,0.7574786324786325,0.06391752577319587
kvzap-predictor-trace-20260817T122049Z::builtin_reasoning_trace,kvzap-predictor-trace-20260817T122049Z,builtin_reasoning_trace,25,1,3,0.7409957627118644,0.02976190476190476
kvzap-predictor-trace-20260817T122049Z::builtin_reasoning_trace,kvzap-predictor-trace-20260817T122049Z,builtin_reasoning_trace,25,1,4,0.7681388012618297,0.0022624434389140274
kvzap-predictor-trace-20260817T122049Z::builtin_reasoning_trace,kvzap-predictor-trace-20260817T122049Z,builtin_reasoning_trace,25,1,5,0.7694736842105263,0.006802721088435374
kvzap-predictor-trace-20260817T122049Z::builtin_reasoning_trace,kvzap-predictor-trace-20260817T122049Z,builtin_reasoning_trace,25,1,6,0.7614775725593668,0.017391304347826087
kvzap-predictor-trace-20260817T122049Z::builtin_reasoning_trace,kvzap-predictor-trace-20260817T122049Z,builtin_reasoning_trace,25,1,7,0.7012907191149355,0.36220472440944884
kvzap-predictor-trace-20260817T122049Z::builtin_reasoning_trace,kvzap-predictor-trace-20260817T122049Z,builtin_reasoning_trace,25,2,3,0.9246178176067475,0.040268456375838924
kvzap-predictor-trace-20260817T122049Z::builtin_reasoning_trace,kvzap-predictor-trace-20260817T122049Z,builtin_reasoning_trace,25,2,4,0.9595162986330179,0.01282051282051282
kvzap-predictor-trace-20260817T122049Z::builtin_reasoning_trace,kvzap-predictor-trace-20260817T122049Z,builtin_reasoning_trace,25,2,5,0.9620853080568721,0.05263157894736842
kvzap-predictor-trace-20260817T122049Z::builtin_reasoning_trace,kvzap-predictor-trace-20260817T122049Z,builtin_reasoning_trace,25,2,6,0.9608050847457628,0.16853932584269662
kvzap-predictor-trace-20260817T122049Z::builtin_reasoning_trace,kvzap-predictor-trace-20260817T122049Z,builtin_reasoning_trace,25,2,7,0.7049537289058248,0.10855263157894737
kvzap-predictor-trace-20260817T122049Z::builtin_reasoning_trace,kvzap-predictor-trace-20260817T122049Z,builtin_reasoning_trace,25,3,4,0.9589689637033141,0.025
kvzap-predictor-trace-20260817T122049Z::builtin_reasoning_trace,kvzap-predictor-trace-20260817T122049Z,builtin_reasoning_trace,25,3,5,0.9574132492113565,0.012195121951219513
kvzap-predictor-trace-20260817T122049Z::builtin_reasoning_trace,kvzap-predictor-trace-20260817T122049Z,builtin_reasoning_trace,25,3,6,0.9458179905312993,0.01904761904761905
kvzap-predictor-trace-20260817T122049Z::builtin_reasoning_trace,kvzap-predictor-trace-20260817T122049Z,builtin_reasoning_trace,25,3,7,0.6494464944649446,0.00894187779433681
kvzap-predictor-trace-20260817T122049Z::builtin_reasoning_trace,kvzap-predictor-trace-20260817T122049Z,builtin_reasoning_trace,25,4,5,0.9973711882229233,0.16666666666666666
kvzap-predictor-trace-20260817T122049Z::builtin_reasoning_trace,kvzap-predictor-trace-20260817T122049Z,builtin_reasoning_trace,25,4,6,0.9847528916929548,0.03333333333333333
kvzap-predictor-trace-20260817T122049Z::builtin_reasoning_trace,kvzap-predictor-trace-20260817T122049Z,builtin_reasoning_trace,25,4,7,0.685068349106204,0.0016666666666666668
kvzap-predictor-trace-20260817T122049Z::builtin_reasoning_trace,kvzap-predictor-trace-20260817T122049Z,builtin_reasoning_trace,25,5,6,0.9842271293375394,0.03225806451612903
kvzap-predictor-trace-20260817T122049Z::builtin_reasoning_trace,kvzap-predictor-trace-20260817T122049Z,builtin_reasoning_trace,25,5,7,0.6872037914691943,0.006688963210702341
kvzap-predictor-trace-20260817T122049Z::builtin_reasoning_trace,kvzap-predictor-trace-20260817T122049Z,builtin_reasoning_trace,25,6,7,0.685214626391097,0.02622950819672131
kvzap-predictor-trace-20260817T122049Z::builtin_reasoning_trace,kvzap-predictor-trace-20260817T122049Z,builtin_reasoning_trace,26,0,1,0.9303062302006336,0.06382978723404255
kvzap-predictor-trace-20260817T122049Z::builtin_reasoning_trace,kvzap-predictor-trace-20260817T122049Z,builtin_reasoning_trace,26,0,2,0.9952681388012619,0.1
kvzap-predictor-trace-20260817T122049Z::builtin_reasoning_trace,kvzap-predictor-trace-20260817T122049Z,builtin_reasoning_trace,26,0,3,0.791974656810982,0.022332506203473945
kvzap-predictor-trace-20260817T122049Z::builtin_reasoning_trace,kvzap-predictor-trace-20260817T122049Z,builtin_reasoning_trace,26,0,4,0.8738120380147836,0.036290322580645164
kvzap-predictor-trace-20260817T122049Z::builtin_reasoning_trace,kvzap-predictor-trace-20260817T122049Z,builtin_reasoning_trace,26,0,5,0.9699525566684238,0.09523809523809523
kvzap-predictor-trace-20260817T122049Z::builtin_reasoning_trace,kvzap-predictor-trace-20260817T122049Z,builtin_reasoning_trace,26,0,6,0.8485488126649077,0.02711864406779661
kvzap-predictor-trace-20260817T122049Z::builtin_reasoning_trace,kvzap-predictor-trace-20260817T122049Z,builtin_reasoning_trace,26,0,7,0.9040590405904059,0.031914893617021274
kvzap-predictor-trace-20260817T122049Z::builtin_reasoning_trace,kvzap-predictor-trace-20260817T122049Z,builtin_reasoning_trace,26,1,2,0.926919032597266,0.007142857142857143
kvzap-predictor-trace-20260817T122049Z::builtin_reasoning_trace,kvzap-predictor-trace-20260817T122049Z,builtin_reasoning_trace,26,1,3,0.8347386172006745,0.2966507177033493
kvzap-predictor-trace-20260817T122049Z::builtin_reasoning_trace,kvzap-predictor-trace-20260817T122049Z,builtin_reasoning_trace,26,1,4,0.9089893914014517,0.4072727272727273
kvzap-predictor-trace-20260817T122049Z::builtin_reasoning_trace,kvzap-predictor-trace-20260817T122049Z,builtin_reasoning_trace,26,1,5,0.938205265986029,0.267515923566879
kvzap-predictor-trace-20260817T122049Z::builtin_reasoning_trace,kvzap-predictor-trace-20260817T122049Z,builtin_reasoning_trace,26,1,6,0.879108635097493,0.3323076923076923
kvzap-predictor-trace-20260817T122049Z::builtin_reasoning_trace,kvzap-predictor-trace-20260817T122049Z,builtin_reasoning_trace,26,1,7,0.9184573002754821,0.3728813559322034
kvzap-predictor-trace-20260817T122049Z::builtin_reasoning_trace,kvzap-predictor-trace-20260817T122049Z,builtin_reasoning_trace,26,2,3,0.7891692954784437,0.0024875621890547263
kvzap-predictor-trace-20260817T122049Z::builtin_reasoning_trace,kvzap-predictor-trace-20260817T122049Z,builtin_reasoning_trace,26,2,4,0.8706624605678234,0.004048582995951417
kvzap-predictor-trace-20260817T122049Z::builtin_reasoning_trace,kvzap-predictor-trace-20260817T122049Z,builtin_reasoning_trace,26,2,5,0.9695057833859095,0.01694915254237288
kvzap-predictor-trace-20260817T122049Z::builtin_reasoning_trace,kvzap-predictor-trace-20260817T122049Z,builtin_reasoning_trace,26,2,6,0.8464773922187171,0.0034129692832764505
kvzap-predictor-trace-20260817T122049Z::builtin_reasoning_trace,kvzap-predictor-trace-20260817T122049Z,builtin_reasoning_trace,26,2,7,0.9037854889589906,0.005434782608695652
kvzap-predictor-trace-20260817T122049Z::builtin_reasoning_trace,kvzap-predictor-trace-20260817T122049Z,builtin_reasoning_trace,26,3,4,0.8143678160919541,0.33539094650205764
kvzap-predictor-trace-20260817T122049Z::builtin_reasoning_trace,kvzap-predictor-trace-20260817T122049Z,builtin_reasoning_trace,26,3,5,0.7897271268057785,0.07962529274004684
kvzap-predictor-trace-20260817T122049Z::builtin_reasoning_trace,kvzap-predictor-trace-20260817T122049Z,builtin_reasoning_trace,26,3,6,0.8267762771579565,0.40404040404040403
kvzap-predictor-trace-20260817T122049Z::builtin_reasoning_trace,kvzap-predictor-trace-20260817T122049Z,builtin_reasoning_trace,26,3,7,0.8089887640449438,0.265658747300216
kvzap-predictor-trace-20260817T122049Z::builtin_reasoning_trace,kvzap-predictor-trace-20260817T122049Z,builtin_reasoning_trace,26,4,5,0.8898488120950324,0.2
kvzap-predictor-trace-20260817T122049Z::builtin_reasoning_trace,kvzap-predictor-trace-20260817T122049Z,builtin_reasoning_trace,26,4,6,0.870561282932417,0.40992167101827676
kvzap-predictor-trace-20260817T122049Z::builtin_reasoning_trace,kvzap-predictor-trace-20260817T122049Z,builtin_reasoning_trace,26,4,7,0.8875838926174496,0.3639240506329114
kvzap-predictor-trace-20260817T122049Z::builtin_reasoning_trace,kvzap-predictor-trace-20260817T122049Z,builtin_reasoning_trace,26,5,6,0.8609913793103449,0.1540983606557377
kvzap-predictor-trace-20260817T122049Z::builtin_reasoning_trace,kvzap-predictor-trace-20260817T122049Z,builtin_reasoning_trace,26,5,7,0.9155913978494624,0.215
kvzap-predictor-trace-20260817T122049Z::builtin_reasoning_trace,kvzap-predictor-trace-20260817T122049Z,builtin_reasoning_trace,26,6,7,0.8712759977515458,0.35127478753541075
kvzap-predictor-trace-20260817T122049Z::builtin_reasoning_trace,kvzap-predictor-trace-20260817T122049Z,builtin_reasoning_trace,27,0,1,0.998422712933754,0.25
kvzap-predictor-trace-20260817T122049Z::builtin_reasoning_trace,kvzap-predictor-trace-20260817T122049Z,builtin_reasoning_trace,27,0,2,0.9994742376445847,0.5
kvzap-predictor-trace-20260817T122049Z::builtin_reasoning_trace,kvzap-predictor-trace-20260817T122049Z,builtin_reasoning_trace,27,0,3,0.8990536277602523,0.0051813471502590676
kvzap-predictor-trace-20260817T122049Z::builtin_reasoning_trace,kvzap-predictor-trace-20260817T122049Z,builtin_reasoning_trace,27,0,4,0.916403785488959,0.00625
kvzap-predictor-trace-20260817T122049Z::builtin_reasoning_trace,kvzap-predictor-trace-20260817T122049Z,builtin_reasoning_trace,27,0,5,0.9952681388012619,0.1
kvzap-predictor-trace-20260817T122049Z::builtin_reasoning_trace,kvzap-predictor-trace-20260817T122049Z,builtin_reasoning_trace,27,0,6,0.9185068349106204,0.00641025641025641
kvzap-predictor-trace-20260817T122049Z::builtin_reasoning_trace,kvzap-predictor-trace-20260817T122049Z,builtin_reasoning_trace,27,0,7,0.9674027339642481,0.015873015873015872
kvzap-predictor-trace-20260817T122049Z::builtin_reasoning_trace,kvzap-predictor-trace-20260817T122049Z,builtin_reasoning_trace,27,1,2,0.9978969505783386,0.2
kvzap-predictor-trace-20260817T122049Z::builtin_reasoning_trace,kvzap-predictor-trace-20260817T122049Z,builtin_reasoning_trace,27,1,3,0.8984744871120462,0.010256410256410256
kvzap-predictor-trace-20260817T122049Z::builtin_reasoning_trace,kvzap-predictor-trace-20260817T122049Z,builtin_reasoning_trace,27,1,4,0.9168421052631579,0.018633540372670808
kvzap-predictor-trace-20260817T122049Z::builtin_reasoning_trace,kvzap-predictor-trace-20260817T122049Z,builtin_reasoning_trace,27,1,5,0.9936908517350158,0.07692307692307693
kvzap-predictor-trace-20260817T122049Z::builtin_reasoning_trace,kvzap-predictor-trace-20260817T122049Z,builtin_reasoning_trace,27,1,6,0.9199578725645077,0.02564102564102564
kvzap-predictor-trace-20260817T122049Z::builtin_reasoning_trace,kvzap-predictor-trace-20260817T122049Z,builtin_reasoning_trace,27,1,7,0.9678947368421053,0.046875
kvzap-predictor-trace-20260817T122049Z::builtin_reasoning_trace,kvzap-predictor-trace-20260817T122049Z,builtin_reasoning_trace,27,2,3,0.898527865404837,0.005154639175257732
kvzap-predictor-trace-20260817T122049Z::builtin_reasoning_trace,kvzap-predictor-trace-20260817T122049Z,builtin_reasoning_trace,27,2,4,0.9158780231335436,0.006211180124223602
kvzap-predictor-trace-20260817T122049Z::builtin_reasoning_trace,kvzap-predictor-trace-20260817T122049Z,builtin_reasoning_trace,27,2,5,0.9947423764458465,0.09090909090909091
kvzap-predictor-trace-20260817T122049Z::builtin_reasoning_trace,kvzap-predictor-trace-20260817T122049Z,builtin_reasoning_trace,27,2,6,0.9189900052603893,0.01282051282051282
kvzap-predictor-trace-20260817T122049Z::builtin_reasoning_trace,kvzap-predictor-trace-20260817T122049Z,builtin_reasoning_trace,27,2,7,0.9668769716088328,0.015625
kvzap-predictor-trace-20260817T122049Z::builtin_reasoning_trace,kvzap-predictor-trace-20260817T122049Z,builtin_reasoning_trace,27,3,4,0.8930921052631579,0.28832116788321166
kvzap-predictor-trace-20260817T122049Z::builtin_reasoning_trace,kvzap-predictor-trace-20260817T122049Z,builtin_reasoning_trace,27,3,5,0.9013192612137203,0.041025641025641026
kvzap-predictor-trace-20260817T122049Z::builtin_reasoning_trace,kvzap-predictor-trace-20260817T122049Z,builtin_reasoning_trace,27,3,6,0.8859792689579924,0.25089605734767023
kvzap-predictor-trace-20260817T122049Z::builtin_reasoning_trace,kvzap-predictor-trace-20260817T122049Z,builtin_reasoning_trace,27,3,7,0.8983957219251337,0.14798206278026907
kvzap-predictor-trace-20260817T122049Z::builtin_reasoning_trace,kvzap-predictor-trace-20260817T122049Z,builtin_reasoning_trace,27,4,5,0.9187335092348285,0.04938271604938271
kvzap-predictor-trace-20260817T122049Z::builtin_reasoning_trace,kvzap-predictor-trace-20260817T122049Z,builtin_reasoning_trace,27,4,6,0.9292426755113322,0.42342342342342343
kvzap-predictor-trace-20260817T122049Z::builtin_reasoning_trace,kvzap-predictor-trace-20260817T122049Z,builtin_reasoning_trace,27,4,7,0.919121585431173,0.1925133689839572
kvzap-predictor-trace-20260817T122049Z::builtin_reasoning_trace,kvzap-predictor-trace-20260817T122049Z,builtin_reasoning_trace,27,5,6,0.9218585005279831,0.05732484076433121
kvzap-predictor-trace-20260817T122049Z::builtin_reasoning_trace,kvzap-predictor-trace-20260817T122049Z,builtin_reasoning_trace,27,5,7,0.9637033140452393,0.028169014084507043
kvzap-predictor-trace-20260817T122049Z::builtin_reasoning_trace,kvzap-predictor-trace-20260817T122049Z,builtin_reasoning_trace,27,6,7,0.905951115834219,0.10606060606060606
kvzap-predictor-trace-20260817T122049Z::builtin_reasoning_trace,kvzap-predictor-trace-20260817T122049Z,builtin_reasoning_trace,28,0,1,0.6503422854133755,0.005988023952095809
kvzap-predictor-trace-20260817T122049Z::builtin_reasoning_trace,kvzap-predictor-trace-20260817T122049Z,builtin_reasoning_trace,28,0,2,0.6885521885521886,0.17899408284023668
kvzap-predictor-trace-20260817T122049Z::builtin_reasoning_trace,kvzap-predictor-trace-20260817T122049Z,builtin_reasoning_trace,28,0,3,0.6966357308584686,0.254985754985755
kvzap-predictor-trace-20260817T122049Z::builtin_reasoning_trace,kvzap-predictor-trace-20260817T122049Z,builtin_reasoning_trace,28,0,4,0.7413268411442483,0.3795620437956204
kvzap-predictor-trace-20260817T122049Z::builtin_reasoning_trace,kvzap-predictor-trace-20260817T122049Z,builtin_reasoning_trace,28,0,5,0.7374701670644391,0.6618852459016393
kvzap-predictor-trace-20260817T122049Z::builtin_reasoning_trace,kvzap-predictor-trace-20260817T122049Z,builtin_reasoning_trace,28,0,6,0.6498422712933754,0.0014992503748125937
kvzap-predictor-trace-20260817T122049Z::builtin_reasoning_trace,kvzap-predictor-trace-20260817T122049Z,builtin_reasoning_trace,28,0,7,0.6498422712933754,0.0014992503748125937
kvzap-predictor-trace-20260817T122049Z::builtin_reasoning_trace,kvzap-predictor-trace-20260817T122049Z,builtin_reasoning_trace,28,1,2,0.9331226961558715,0.030534351145038167
kvzap-predictor-trace-20260817T122049Z::builtin_reasoning_trace,kvzap-predictor-trace-20260817T122049Z,builtin_reasoning_trace,28,1,3,0.8859095688748686,0.0045871559633027525
kvzap-predictor-trace-20260817T122049Z::builtin_reasoning_trace,kvzap-predictor-trace-20260817T122049Z,builtin_reasoning_trace,28,1,4,0.8542105263157894,0.010714285714285714
kvzap-predictor-trace-20260817T122049Z::builtin_reasoning_trace,kvzap-predictor-trace-20260817T122049Z,builtin_reasoning_trace,28,1,5,0.4986835176408636,0.0041841004184100415
kvzap-predictor-trace-20260817T122049Z::builtin_reasoning_trace,kvzap-predictor-trace-20260817T122049Z,builtin_reasoning_trace,28,1,6,0.9978969505783386,0.2
kvzap-predictor-trace-20260817T122049Z::builtin_reasoning_trace,kvzap-predictor-trace-20260817T122049Z,builtin_reasoning_trace,28,1,7,0.9978969505783386,0.2
kvzap-predictor-trace-20260817T122049Z::builtin_reasoning_trace,kvzap-predictor-trace-20260817T122049Z,builtin_reasoning_trace,28,2,3,0.8602901665771091,0.1390728476821192
kvzap-predictor-trace-20260817T122049Z::builtin_reasoning_trace,kvzap-predictor-trace-20260817T122049Z,builtin_reasoning_trace,28,2,4,0.8318059299191375,0.13333333333333333
kvzap-predictor-trace-20260817T122049Z::builtin_reasoning_trace,kvzap-predictor-trace-20260817T122049Z,builtin_reasoning_trace,28,2,5,0.5286516853932585,0.12785862785862787
kvzap-predictor-trace-20260817T122049Z::builtin_reasoning_trace,kvzap-predictor-trace-20260817T122049Z,builtin_reasoning_trace,28,2,6,0.9321766561514195,0.007692307692307693
kvzap-predictor-trace-20260817T122049Z::builtin_reasoning_trace,kvzap-predictor-trace-20260817T122049Z,builtin_reasoning_trace,28,2,7,0.9321766561514195,0.007692307692307693
kvzap-predictor-trace-20260817T122049Z::builtin_reasoning_trace,kvzap-predictor-trace-20260817T122049Z,builtin_reasoning_trace,28,3,4,0.7693539775760811,0.06493506493506493
kvzap-predictor-trace-20260817T122049Z::builtin_reasoning_trace,kvzap-predictor-trace-20260817T122049Z,builtin_reasoning_trace,28,3,5,0.5594322885866351,0.22152560083594566
kvzap-predictor-trace-20260817T122049Z::builtin_reasoning_trace,kvzap-predictor-trace-20260817T122049Z,builtin_reasoning_trace,28,3,6,0.88801261829653,0.004672897196261682
kvzap-predictor-trace-20260817T122049Z::builtin_reasoning_trace,kvzap-predictor-trace-20260817T122049Z,builtin_reasoning_trace,28,3,7,0.88801261829653,0.004672897196261682
kvzap-predictor-trace-20260817T122049Z::builtin_reasoning_trace,kvzap-predictor-trace-20260817T122049Z,builtin_reasoning_trace,28,4,5,0.5756276791181874,0.2803738317757009
kvzap-predictor-trace-20260817T122049Z::builtin_reasoning_trace,kvzap-predictor-trace-20260817T122049Z,builtin_reasoning_trace,28,4,6,0.8543638275499474,0.0035971223021582736
kvzap-predictor-trace-20260817T122049Z::builtin_reasoning_trace,kvzap-predictor-trace-20260817T122049Z,builtin_reasoning_trace,28,4,7,0.8543638275499474,0.0035971223021582736
kvzap-predictor-trace-20260817T122049Z::builtin_reasoning_trace,kvzap-predictor-trace-20260817T122049Z,builtin_reasoning_trace,28,5,6,0.49842271293375395,0.0010471204188481676
kvzap-predictor-trace-20260817T122049Z::builtin_reasoning_trace,kvzap-predictor-trace-20260817T122049Z,builtin_reasoning_trace,28,5,7,0.49842271293375395,0.0010471204188481676
kvzap-predictor-trace-20260817T122049Z::builtin_reasoning_trace,kvzap-predictor-trace-20260817T122049Z,builtin_reasoning_trace,28,6,7,1.0,1.0
kvzap-predictor-trace-20260817T122049Z::builtin_reasoning_trace,kvzap-predictor-trace-20260817T122049Z,builtin_reasoning_trace,29,0,1,0.898696682464455,0.5569948186528497
kvzap-predictor-trace-20260817T122049Z::builtin_reasoning_trace,kvzap-predictor-trace-20260817T122049Z,builtin_reasoning_trace,29,0,2,0.365265760197775,0.21722560975609756
kvzap-predictor-trace-20260817T122049Z::builtin_reasoning_trace,kvzap-predictor-trace-20260817T122049Z,builtin_reasoning_trace,29,0,3,0.3046971569839308,0.20212765957446807
kvzap-predictor-trace-20260817T122049Z::builtin_reasoning_trace,kvzap-predictor-trace-20260817T122049Z,builtin_reasoning_trace,29,0,4,0.854574299312533,0.041811846689895474
kvzap-predictor-trace-20260817T122049Z::builtin_reasoning_trace,kvzap-predictor-trace-20260817T122049Z,builtin_reasoning_trace,29,0,5,0.8496319663512093,0.003484320557491289
kvzap-predictor-trace-20260817T122049Z::builtin_reasoning_trace,kvzap-predictor-trace-20260817T122049Z,builtin_reasoning_trace,29,0,6,0.8559093362115489,0.15772870662460567
kvzap-predictor-trace-20260817T122049Z::builtin_reasoning_trace,kvzap-predictor-trace-20260817T122049Z,builtin_reasoning_trace,29,0,7,0.8496319663512093,0.003484320557491289
kvzap-predictor-trace-20260817T122049Z::builtin_reasoning_trace,kvzap-predictor-trace-20260817T122049Z,builtin_reasoning_trace,29,1,2,0.3723270440251572,0.2387490465293669
kvzap-predictor-trace-20260817T122049Z::builtin_reasoning_trace,kvzap-predictor-trace-20260817T122049Z,builtin_reasoning_trace,29,1,3,0.30904522613065327,0.22041105598866054
kvzap-predictor-trace-20260817T122049Z::builtin_reasoning_trace,kvzap-predictor-trace-20260817T122049Z,builtin_reasoning_trace,29,1,4,0.8402961396086727,0.03821656050955414
kvzap-predictor-trace-20260817T122049Z::builtin_reasoning_trace,kvzap-predictor-trace-20260817T122049Z,builtin_reasoning_trace,29,1,5,0.8354363827549948,0.0031847133757961785
kvzap-predictor-trace-20260817T122049Z::builtin_reasoning_trace,kvzap-predictor-trace-20260817T122049Z,builtin_reasoning_trace,29,1,6,0.8594005449591281,0.2085889570552147
kvzap-predictor-trace-20260817T122049Z::builtin_reasoning_trace,kvzap-predictor-trace-20260817T122049Z,builtin_reasoning_trace,29,1,7,0.8354363827549948,0.0031847133757961785
kvzap-predictor-trace-20260817T122049Z::builtin_reasoning_trace,kvzap-predictor-trace-20260817T122049Z,builtin_reasoning_trace,29,2,3,0.702660406885759,0.8693259972489684
kvzap-predictor-trace-20260817T122049Z::builtin_reasoning_trace,kvzap-predictor-trace-20260817T122049Z,builtin_reasoning_trace,29,2,4,0.313590692755156,0.00916030534351145
kvzap-predictor-trace-20260817T122049Z::builtin_reasoning_trace,kvzap-predictor-trace-20260817T122049Z,builtin_reasoning_trace,29,2,5,0.3117770767613039,0.0007633587786259542
kvzap-predictor-trace-20260817T122049Z::builtin_reasoning_trace,kvzap-predictor-trace-20260817T122049Z,builtin_reasoning_trace,29,2,6,0.32456140350877194,0.060259344012204424
kvzap-predictor-trace-20260817T122049Z::builtin_reasoning_trace,kvzap-predictor-trace-20260817T122049Z,builtin_reasoning_trace,29,2,7,0.3117770767613039,0.0007633587786259542
kvzap-predictor-trace-20260817T122049Z::builtin_reasoning_trace,kvzap-predictor-trace-20260817T122049Z,builtin_reasoning_trace,29,3,4,0.2617662612374405,0.008522727272727272
kvzap-predictor-trace-20260817T122049Z::builtin_reasoning_trace,kvzap-predictor-trace-20260817T122049Z,builtin_reasoning_trace,29,3,5,0.26025236593059936,0.0007102272727272727
kvzap-predictor-trace-20260817T122049Z::builtin_reasoning_trace,kvzap-predictor-trace-20260817T122049Z,builtin_reasoning_trace,29,3,6,0.26666666666666666,0.051590106007067135
kvzap-predictor-trace-20260817T122049Z::builtin_reasoning_trace,kvzap-predictor-trace-20260817T122049Z,builtin_reasoning_trace,29,3,7,0.26025236593059936,0.0007102272727272727
kvzap-predictor-trace-20260817T122049Z::builtin_reasoning_trace,kvzap-predictor-trace-20260817T122049Z,builtin_reasoning_trace,29,4,5,0.9942166140904312,0.08333333333333333
kvzap-predictor-trace-20260817T122049Z::builtin_reasoning_trace,kvzap-predictor-trace-20260817T122049Z,builtin_reasoning_trace,29,4,6,0.9588607594936709,0.08235294117647059
kvzap-predictor-trace-20260817T122049Z::builtin_reasoning_trace,kvzap-predictor-trace-20260817T122049Z,builtin_reasoning_trace,29,4,7,0.9942166140904312,0.08333333333333333
kvzap-predictor-trace-20260817T122049Z::builtin_reasoning_trace,kvzap-predictor-trace-20260817T122049Z,builtin_reasoning_trace,29,5,6,0.9584647739221872,0.0125
kvzap-predictor-trace-20260817T122049Z::builtin_reasoning_trace,kvzap-predictor-trace-20260817T122049Z,builtin_reasoning_trace,29,5,7,1.0,1.0
kvzap-predictor-trace-20260817T122049Z::builtin_reasoning_trace,kvzap-predictor-trace-20260817T122049Z,builtin_reasoning_trace,29,6,7,0.9584647739221872,0.0125
kvzap-predictor-trace-20260817T122049Z::builtin_reasoning_trace,kvzap-predictor-trace-20260817T122049Z,builtin_reasoning_trace,30,0,1,0.5457413249211357,0.0011560693641618498
kvzap-predictor-trace-20260817T122049Z::builtin_reasoning_trace,kvzap-predictor-trace-20260817T122049Z,builtin_reasoning_trace,30,0,2,0.8916929547844374,0.004830917874396135
kvzap-predictor-trace-20260817T122049Z::builtin_reasoning_trace,kvzap-predictor-trace-20260817T122049Z,builtin_reasoning_trace,30,0,3,1.0,1.0
kvzap-predictor-trace-20260817T122049Z::builtin_reasoning_trace,kvzap-predictor-trace-20260817T122049Z,builtin_reasoning_trace,30,0,4,0.9921135646687698,0.0625
kvzap-predictor-trace-20260817T122049Z::builtin_reasoning_trace,kvzap-predictor-trace-20260817T122049Z,builtin_reasoning_trace,30,0,5,1.0,1.0
kvzap-predictor-trace-20260817T122049Z::builtin_reasoning_trace,kvzap-predictor-trace-20260817T122049Z,builtin_reasoning_trace,30,0,6,0.8401682439537329,0.003278688524590164
kvzap-predictor-trace-20260817T122049Z::builtin_reasoning_trace,kvzap-predictor-trace-20260817T122049Z,builtin_reasoning_trace,30,0,7,1.0,1.0
kvzap-predictor-trace-20260817T122049Z::builtin_reasoning_trace,kvzap-predictor-trace-20260817T122049Z,builtin_reasoning_trace,30,1,2,0.5507657402155417,0.15021459227467812
kvzap-predictor-trace-20260817T122049Z::builtin_reasoning_trace,kvzap-predictor-trace-20260817T122049Z,builtin_reasoning_trace,30,1,3,0.5457413249211357,0.0011560693641618498
kvzap-predictor-trace-20260817T122049Z::builtin_reasoning_trace,kvzap-predictor-trace-20260817T122049Z,builtin_reasoning_trace,30,1,4,0.5451664025356577,0.011481056257175661
kvzap-predictor-trace-20260817T122049Z::builtin_reasoning_trace,kvzap-predictor-trace-20260817T122049Z,builtin_reasoning_trace,30,1,5,0.5457413249211357,0.0011560693641618498
kvzap-predictor-trace-20260817T122049Z::builtin_reasoning_trace,kvzap-predictor-trace-20260817T122049Z,builtin_reasoning_trace,30,1,6,0.5424224692802808,0.1987704918032787
kvzap-predictor-trace-20260817T122049Z::builtin_reasoning_trace,kvzap-predictor-trace-20260817T122049Z,builtin_reasoning_trace,30,1,7,0.5457413249211357,0.0011560693641618498
kvzap-predictor-trace-20260817T122049Z::builtin_reasoning_trace,kvzap-predictor-trace-20260817T122049Z,builtin_reasoning_trace,30,2,3,0.8916929547844374,0.004830917874396135
kvzap-predictor-trace-20260817T122049Z::builtin_reasoning_trace,kvzap-predictor-trace-20260817T122049Z,builtin_reasoning_trace,30,2,4,0.8927628103539356,0.046948356807511735
kvzap-predictor-trace-20260817T122049Z::builtin_reasoning_trace,kvzap-predictor-trace-20260817T122049Z,builtin_reasoning_trace,30,2,5,0.8916929547844374,0.004830917874396135
kvzap-predictor-trace-20260817T122049Z::builtin_reasoning_trace,kvzap-predictor-trace-20260817T122049Z,builtin_reasoning_trace,30,2,6,0.851602023608769,0.31958762886597936
kvzap-predictor-trace-20260817T122049Z::builtin_reasoning_trace,kvzap-predictor-trace-20260817T122049Z,builtin_reasoning_trace,30,2,7,0.8916929547844374,0.004830917874396135
kvzap-predictor-trace-20260817T122049Z::builtin_reasoning_trace,kvzap-predictor-trace-20260817T122049Z,builtin_reasoning_trace,30,3,4,0.9921135646687698,0.0625
kvzap-predictor-trace-20260817T122049Z::builtin_reasoning_trace,kvzap-predictor-trace-20260817T122049Z,builtin_reasoning_trace,30,3,5,1.0,1.0
kvzap-predictor-trace-20260817T122049Z::builtin_reasoning_trace,kvzap-predictor-trace-20260817T122049Z,builtin_reasoning_trace,30,3,6,0.8401682439537329,0.003278688524590164
kvzap-predictor-trace-20260817T122049Z::builtin_reasoning_trace,kvzap-predictor-trace-20260817T122049Z,builtin_reasoning_trace,30,3,7,1.0,1.0
kvzap-predictor-trace-20260817T122049Z::builtin_reasoning_trace,kvzap-predictor-trace-20260817T122049Z,builtin_reasoning_trace,30,4,5,0.9921135646687698,0.0625
kvzap-predictor-trace-20260817T122049Z::builtin_reasoning_trace,kvzap-predictor-trace-20260817T122049Z,builtin_reasoning_trace,30,4,6,0.8380801687763713,0.022292993630573247
kvzap-predictor-trace-20260817T122049Z::builtin_reasoning_trace,kvzap-predictor-trace-20260817T122049Z,builtin_reasoning_trace,30,4,7,0.9921135646687698,0.0625
kvzap-predictor-trace-20260817T122049Z::builtin_reasoning_trace,kvzap-predictor-trace-20260817T122049Z,builtin_reasoning_trace,30,5,6,0.8401682439537329,0.003278688524590164
kvzap-predictor-trace-20260817T122049Z::builtin_reasoning_trace,kvzap-predictor-trace-20260817T122049Z,builtin_reasoning_trace,30,5,7,1.0,1.0
kvzap-predictor-trace-20260817T122049Z::builtin_reasoning_trace,kvzap-predictor-trace-20260817T122049Z,builtin_reasoning_trace,30,6,7,0.8401682439537329,0.003278688524590164
kvzap-predictor-trace-20260817T122049Z::builtin_reasoning_trace,kvzap-predictor-trace-20260817T122049Z,builtin_reasoning_trace,31,0,1,0.8770448548812665,0.03319502074688797
kvzap-predictor-trace-20260817T122049Z::builtin_reasoning_trace,kvzap-predictor-trace-20260817T122049Z,builtin_reasoning_trace,31,0,2,0.9905312993161494,0.1
kvzap-predictor-trace-20260817T122049Z::builtin_reasoning_trace,kvzap-predictor-trace-20260817T122049Z,builtin_reasoning_trace,31,0,3,0.8794102159031069,0.017167381974248927
kvzap-predictor-trace-20260817T122049Z::builtin_reasoning_trace,kvzap-predictor-trace-20260817T122049Z,builtin_reasoning_trace,31,0,4,0.9952681388012619,0.1
kvzap-predictor-trace-20260817T122049Z::builtin_reasoning_trace,kvzap-predictor-trace-20260817T122049Z,builtin_reasoning_trace,31,0,5,0.9369085173501577,0.008264462809917356
kvzap-predictor-trace-20260817T122049Z::builtin_reasoning_trace,kvzap-predictor-trace-20260817T122049Z,builtin_reasoning_trace,31,0,6,0.9952681388012619,0.1
kvzap-predictor-trace-20260817T122049Z::builtin_reasoning_trace,kvzap-predictor-trace-20260817T122049Z,builtin_reasoning_trace,31,0,7,0.6920232435287903,0.016863406408094434
kvzap-predictor-trace-20260817T122049Z::builtin_reasoning_trace,kvzap-predictor-trace-20260817T122049Z,builtin_reasoning_trace,31,1,2,0.8720379146919431,0.016194331983805668
kvzap-predictor-trace-20260817T122049Z::builtin_reasoning_trace,kvzap-predictor-trace-20260817T122049Z,builtin_reasoning_trace,31,1,3,0.8392070484581498,0.22955145118733508
kvzap-predictor-trace-20260817T122049Z::builtin_reasoning_trace,kvzap-predictor-trace-20260817T122049Z,builtin_reasoning_trace,31,1,4,0.8748685594111462,0.0041841004184100415
kvzap-predictor-trace-20260817T122049Z::builtin_reasoning_trace,kvzap-predictor-trace-20260817T122049Z,builtin_reasoning_trace,31,1,5,0.8545356951154053,0.12861736334405144
kvzap-predictor-trace-20260817T122049Z::builtin_reasoning_trace,kvzap-predictor-trace-20260817T122049Z,builtin_reasoning_trace,31,1,6,0.8748685594111462,0.0041841004184100415
kvzap-predictor-trace-20260817T122049Z::builtin_reasoning_trace,kvzap-predictor-trace-20260817T122049Z,builtin_reasoning_trace,31,1,7,0.758722649319929,0.3419354838709677
kvzap-predictor-trace-20260817T122049Z::builtin_reasoning_trace,kvzap-predictor-trace-20260817T122049Z,builtin_reasoning_trace,31,2,3,0.8763808521830615,0.008438818565400843
kvzap-predictor-trace-20260817T122049Z::builtin_reasoning_trace,kvzap-predictor-trace-20260817T122049Z,builtin_reasoning_trace,31,2,4,0.9942166140904312,0.08333333333333333
kvzap-predictor-trace-20260817T122049Z::builtin_reasoning_trace,kvzap-predictor-trace-20260817T122049Z,builtin_reasoning_trace,31,2,5,0.935856992639327,0.008130081300813009
kvzap-predictor-trace-20260817T122049Z::builtin_reasoning_trace,kvzap-predictor-trace-20260817T122049Z,builtin_reasoning_trace,31,2,6,0.9942166140904312,0.08333333333333333
kvzap-predictor-trace-20260817T122049Z::builtin_reasoning_trace,kvzap-predictor-trace-20260817T122049Z,builtin_reasoning_trace,31,2,7,0.6891820580474934,0.01340033500837521
kvzap-predictor-trace-20260817T122049Z::builtin_reasoning_trace,kvzap-predictor-trace-20260817T122049Z,builtin_reasoning_trace,31,3,4,0.8811777076761304,0.004405286343612335
kvzap-predictor-trace-20260817T122049Z::builtin_reasoning_trace,kvzap-predictor-trace-20260817T122049Z,builtin_reasoning_trace,31,3,5,0.8720302375809935,0.17708333333333334
kvzap-predictor-trace-20260817T122049Z::builtin_reasoning_trace,kvzap-predictor-trace-20260817T122049Z,builtin_reasoning_trace,31,3,6,0.8811777076761304,0.004405286343612335
kvzap-predictor-trace-20260817T122049Z::builtin_reasoning_trace,kvzap-predictor-trace-20260817T122049Z,builtin_reasoning_trace,31,3,7,0.7606132075471698,0.3376835236541599
kvzap-predictor-trace-20260817T122049Z::builtin_reasoning_trace,kvzap-predictor-trace-20260817T122049Z,builtin_reasoning_trace,31,4,5,0.9416403785488959,0.008928571428571428
kvzap-predictor-trace-20260817T122049Z::builtin_reasoning_trace,kvzap-predictor-trace-20260817T122049Z,builtin_reasoning_trace,31,4,6,1.0,1.0
kvzap-predictor-trace-20260817T122049Z::builtin_reasoning_trace,kvzap-predictor-trace-20260817T122049Z,builtin_reasoning_trace,31,4,7,0.6887486855941115,0.0016863406408094434
kvzap-predictor-trace-20260817T122049Z::builtin_reasoning_trace,kvzap-predictor-trace-20260817T122049Z,builtin_reasoning_trace,31,5,6,0.9416403785488959,0.008928571428571428
kvzap-predictor-trace-20260817T122049Z::builtin_reasoning_trace,kvzap-predictor-trace-20260817T122049Z,builtin_reasoning_trace,31,5,7,0.716104039845047,0.15763546798029557
kvzap-predictor-trace-20260817T122049Z::builtin_reasoning_trace,kvzap-predictor-trace-20260817T122049Z,builtin_reasoning_trace,31,6,7,0.6887486855941115,0.0016863406408094434
kvzap-predictor-trace-20260817T122049Z::builtin_reasoning_trace,kvzap-predictor-trace-20260817T122049Z,builtin_reasoning_trace,32,0,1,0.7486338797814208,0.13696060037523453
kvzap-predictor-trace-20260817T122049Z::builtin_reasoning_trace,kvzap-predictor-trace-20260817T122049Z,builtin_reasoning_trace,32,0,2,0.819578827546955,0.31533477321814257
kvzap-predictor-trace-20260817T122049Z::builtin_reasoning_trace,kvzap-predictor-trace-20260817T122049Z,builtin_reasoning_trace,32,0,3,0.8501577287066246,0.0034965034965034965
kvzap-predictor-trace-20260817T122049Z::builtin_reasoning_trace,kvzap-predictor-trace-20260817T122049Z,builtin_reasoning_trace,32,0,4,0.8501577287066246,0.0034965034965034965
kvzap-predictor-trace-20260817T122049Z::builtin_reasoning_trace,kvzap-predictor-trace-20260817T122049Z,builtin_reasoning_trace,32,0,5,0.8501577287066246,0.0034965034965034965
kvzap-predictor-trace-20260817T122049Z::builtin_reasoning_trace,kvzap-predictor-trace-20260817T122049Z,builtin_reasoning_trace,32,0,6,0.8501577287066246,0.0034965034965034965
kvzap-predictor-trace-20260817T122049Z::builtin_reasoning_trace,kvzap-predictor-trace-20260817T122049Z,builtin_reasoning_trace,32,0,7,0.8501577287066246,0.0034965034965034965
kvzap-predictor-trace-20260817T122049Z::builtin_reasoning_trace,kvzap-predictor-trace-20260817T122049Z,builtin_reasoning_trace,32,1,2,0.7312534209085934,0.13403880070546736
kvzap-predictor-trace-20260817T122049Z::builtin_reasoning_trace,kvzap-predictor-trace-20260817T122049Z,builtin_reasoning_trace,32,1,3,0.8322818086225027,0.003125
kvzap-predictor-trace-20260817T122049Z::builtin_reasoning_trace,kvzap-predictor-trace-20260817T122049Z,builtin_reasoning_trace,32,1,4,0.8322818086225027,0.003125
kvzap-predictor-trace-20260817T122049Z::builtin_reasoning_trace,kvzap-predictor-trace-20260817T122049Z,builtin_reasoning_trace,32,1,5,0.8322818086225027,0.003125
kvzap-predictor-trace-20260817T122049Z::builtin_reasoning_trace,kvzap-predictor-trace-20260817T122049Z,builtin_reasoning_trace,32,1,6,0.8322818086225027,0.003125
kvzap-predictor-trace-20260817T122049Z::builtin_reasoning_trace,kvzap-predictor-trace-20260817T122049Z,builtin_reasoning_trace,32,1,7,0.8322818086225027,0.003125
kvzap-predictor-trace-20260817T122049Z::builtin_reasoning_trace,kvzap-predictor-trace-20260817T122049Z,builtin_reasoning_trace,32,2,3,0.8307045215562566,0.0030959752321981426
kvzap-predictor-trace-20260817T122049Z::builtin_reasoning_trace,kvzap-predictor-trace-20260817T122049Z,builtin_reasoning_trace,32,2,4,0.8307045215562566,0.0030959752321981426
kvzap-predictor-trace-20260817T122049Z::builtin_reasoning_trace,kvzap-predictor-trace-20260817T122049Z,builtin_reasoning_trace,32,2,5,0.8307045215562566,0.0030959752321981426
kvzap-predictor-trace-20260817T122049Z::builtin_reasoning_trace,kvzap-predictor-trace-20260817T122049Z,builtin_reasoning_trace,32,2,6,0.8307045215562566,0.0030959752321981426
kvzap-predictor-trace-20260817T122049Z::builtin_reasoning_trace,kvzap-predictor-trace-20260817T122049Z,builtin_reasoning_trace,32,2,7,0.8307045215562566,0.0030959752321981426
kvzap-predictor-trace-20260817T122049Z::builtin_reasoning_trace,kvzap-predictor-trace-20260817T122049Z,builtin_reasoning_trace,32,3,4,1.0,1.0
kvzap-predictor-trace-20260817T122049Z::builtin_reasoning_trace,kvzap-predictor-trace-20260817T122049Z,builtin_reasoning_trace,32,3,5,1.0,1.0
kvzap-predictor-trace-20260817T122049Z::builtin_reasoning_trace,kvzap-predictor-trace-20260817T122049Z,builtin_reasoning_trace,32,3,6,1.0,1.0
kvzap-predictor-trace-20260817T122049Z::builtin_reasoning_trace,kvzap-predictor-trace-20260817T122049Z,builtin_reasoning_trace,32,3,7,1.0,1.0
kvzap-predictor-trace-20260817T122049Z::builtin_reasoning_trace,kvzap-predictor-trace-20260817T122049Z,builtin_reasoning_trace,32,4,5,1.0,1.0
kvzap-predictor-trace-20260817T122049Z::builtin_reasoning_trace,kvzap-predictor-trace-20260817T122049Z,builtin_reasoning_trace,32,4,6,1.0,1.0
kvzap-predictor-trace-20260817T122049Z::builtin_reasoning_trace,kvzap-predictor-trace-20260817T122049Z,builtin_reasoning_trace,32,4,7,1.0,1.0
kvzap-predictor-trace-20260817T122049Z::builtin_reasoning_trace,kvzap-predictor-trace-20260817T122049Z,builtin_reasoning_trace,32,5,6,1.0,1.0
kvzap-predictor-trace-20260817T122049Z::builtin_reasoning_trace,kvzap-predictor-trace-20260817T122049Z,builtin_reasoning_trace,32,5,7,1.0,1.0
kvzap-predictor-trace-20260817T122049Z::builtin_reasoning_trace,kvzap-predictor-trace-20260817T122049Z,builtin_reasoning_trace,32,6,7,1.0,1.0
kvzap-predictor-trace-20260817T122049Z::builtin_reasoning_trace,kvzap-predictor-trace-20260817T122049Z,builtin_reasoning_trace,33,0,1,0.8763808521830615,0.008438818565400843
kvzap-predictor-trace-20260817T122049Z::builtin_reasoning_trace,kvzap-predictor-trace-20260817T122049Z,builtin_reasoning_trace,33,0,2,0.8190426091530774,0.005780346820809248
kvzap-predictor-trace-20260817T122049Z::builtin_reasoning_trace,kvzap-predictor-trace-20260817T122049Z,builtin_reasoning_trace,33,0,3,0.8717139852786541,0.004081632653061225
kvzap-predictor-trace-20260817T122049Z::builtin_reasoning_trace,kvzap-predictor-trace-20260817T122049Z,builtin_reasoning_trace,33,0,4,0.8705944239873751,0.008064516129032258
kvzap-predictor-trace-20260817T122049Z::builtin_reasoning_trace,kvzap-predictor-trace-20260817T122049Z,builtin_reasoning_trace,33,0,5,0.9616193480546793,0.013513513513513514
kvzap-predictor-trace-20260817T122049Z::builtin_reasoning_trace,kvzap-predictor-trace-20260817T122049Z,builtin_reasoning_trace,33,0,6,0.998422712933754,0.25
kvzap-predictor-trace-20260817T122049Z::builtin_reasoning_trace,kvzap-predictor-trace-20260817T122049Z,builtin_reasoning_trace,33,0,7,0.4334560757496055,0.0018535681186283596
kvzap-predictor-trace-20260817T122049Z::builtin_reasoning_trace,kvzap-predictor-trace-20260817T122049Z,builtin_reasoning_trace,33,1,2,0.8056022408963586,0.2537634408602151
kvzap-predictor-trace-20260817T122049Z::builtin_reasoning_trace,kvzap-predictor-trace-20260817T122049Z,builtin_reasoning_trace,33,1,3,0.8390486725663717,0.24611398963730569
kvzap-predictor-trace-20260817T122049Z::builtin_reasoning_trace,kvzap-predictor-trace-20260817T122049Z,builtin_reasoning_trace,33,1,4,0.835820895522388,0.24040920716112532
kvzap-predictor-trace-20260817T122049Z::builtin_reasoning_trace,kvzap-predictor-trace-20260817T122049Z,builtin_reasoning_trace,33,1,5,0.8805809575040344,0.16541353383458646
kvzap-predictor-trace-20260817T122049Z::builtin_reasoning_trace,kvzap-predictor-trace-20260817T122049Z,builtin_reasoning_trace,33,1,6,0.8768421052631579,0.012658227848101266
kvzap-predictor-trace-20260817T122049Z::builtin_reasoning_trace,kvzap-predictor-trace-20260817T122049Z,builtin_reasoning_trace,33,1,7,0.4874551971326165,0.21067157313707452
kvzap-predictor-trace-20260817T122049Z::builtin_reasoning_trace,kvzap-predictor-trace-20260817T122049Z,builtin_reasoning_trace,33,2,3,0.8568129330254042,0.4081145584725537
kvzap-predictor-trace-20260817T122049Z::builtin_reasoning_trace,kvzap-predictor-trace-20260817T122049Z,builtin_reasoning_trace,33,2,4,0.8459770114942529,0.37819025522041766
kvzap-predictor-trace-20260817T122049Z::builtin_reasoning_trace,kvzap-predictor-trace-20260817T122049Z,builtin_reasoning_trace,33,2,5,0.8427638737758433,0.18361581920903955
kvzap-predictor-trace-20260817T122049Z::builtin_reasoning_trace,kvzap-predictor-trace-20260817T122049Z,builtin_reasoning_trace,33,2,6,0.8194736842105264,0.008670520231213872
kvzap-predictor-trace-20260817T122049Z::builtin_reasoning_trace,kvzap-predictor-trace-20260817T122049Z,builtin_reasoning_trace,33,2,7,0.4834890965732087,0.26441881100266196
kvzap-predictor-trace-20260817T122049Z::builtin_reasoning_trace,kvzap-predictor-trace-20260817T122049Z,builtin_reasoning_trace,33,3,4,0.8628442945474986,0.33695652173913043
kvzap-predictor-trace-20260817T122049Z::builtin_reasoning_trace,kvzap-predictor-trace-20260817T122049Z,builtin_reasoning_trace,33,3,5,0.9003267973856209,0.268
kvzap-predictor-trace-20260817T122049Z::builtin_reasoning_trace,kvzap-predictor-trace-20260817T122049Z,builtin_reasoning_trace,33,3,6,0.8731578947368421,0.012295081967213115
kvzap-predictor-trace-20260817T122049Z::builtin_reasoning_trace,kvzap-predictor-trace-20260817T122049Z,builtin_reasoning_trace,33,3,7,0.4868263473053892,0.21376146788990827
kvzap-predictor-trace-20260817T122049Z::builtin_reasoning_trace,kvzap-predictor-trace-20260817T122049Z,builtin_reasoning_trace,33,4,5,0.8888888888888888,0.22053231939163498
kvzap-predictor-trace-20260817T122049Z::builtin_reasoning_trace,kvzap-predictor-trace-20260817T122049Z,builtin_reasoning_trace,33,4,6,0.8700683850604944,0.008032128514056224
kvzap-predictor-trace-20260817T122049Z::builtin_reasoning_trace,kvzap-predictor-trace-20260817T122049Z,builtin_reasoning_trace,33,4,7,0.4951749095295537,0.22643253234750463
kvzap-predictor-trace-20260817T122049Z::builtin_reasoning_trace,kvzap-predictor-trace-20260817T122049Z,builtin_reasoning_trace,33,5,6,0.9621251972645976,0.02702702702702703
kvzap-predictor-trace-20260817T122049Z::builtin_reasoning_trace,kvzap-predictor-trace-20260817T122049Z,builtin_reasoning_trace,33,5,7,0.45027322404371584,0.06765523632993513
kvzap-predictor-trace-20260817T122049Z::builtin_reasoning_trace,kvzap-predictor-trace-20260817T122049Z,builtin_reasoning_trace,33,6,7,0.4336842105263158,0.0027803521779425394
kvzap-predictor-trace-20260817T122049Z::builtin_reasoning_trace,kvzap-predictor-trace-20260817T122049Z,builtin_reasoning_trace,34,0,1,0.8856655290102389,0.4190751445086705
kvzap-predictor-trace-20260817T122049Z::builtin_reasoning_trace,kvzap-predictor-trace-20260817T122049Z,builtin_reasoning_trace,34,0,2,0.8406940063091483,0.003289473684210526
kvzap-predictor-trace-20260817T122049Z::builtin_reasoning_trace,kvzap-predictor-trace-20260817T122049Z,builtin_reasoning_trace,34,0,3,0.8406940063091483,0.003289473684210526
kvzap-predictor-trace-20260817T122049Z::builtin_reasoning_trace,kvzap-predictor-trace-20260817T122049Z,builtin_reasoning_trace,34,0,4,0.8503767491926802,0.1393188854489164
kvzap-predictor-trace-20260817T122049Z::builtin_reasoning_trace,kvzap-predictor-trace-20260817T122049Z,builtin_reasoning_trace,34,0,5,0.8445267054468535,0.0392156862745098
kvzap-predictor-trace-20260817T122049Z::builtin_reasoning_trace,kvzap-predictor-trace-20260817T122049Z,builtin_reasoning_trace,34,0,6,0.8406940063091483,0.003289473684210526
kvzap-predictor-trace-20260817T122049Z::builtin_reasoning_trace,kvzap-predictor-trace-20260817T122049Z,builtin_reasoning_trace,34,0,7,0.27987616099071205,0.19848380427291523
kvzap-predictor-trace-20260817T122049Z::builtin_reasoning_trace,kvzap-predictor-trace-20260817T122049Z,builtin_reasoning_trace,34,1,2,0.9022082018927445,0.0053475935828877
kvzap-predictor-trace-20260817T122049Z::builtin_reasoning_trace,kvzap-predictor-trace-20260817T122049Z,builtin_reasoning_trace,34,1,3,0.9022082018927445,0.0053475935828877
kvzap-predictor-trace-20260817T122049Z::builtin_reasoning_trace,kvzap-predictor-trace-20260817T122049Z,builtin_reasoning_trace,34,1,4,0.9092373791621912,0.19523809523809524
kvzap-predictor-trace-20260817T122049Z::builtin_reasoning_trace,kvzap-predictor-trace-20260817T122049Z,builtin_reasoning_trace,34,1,5,0.9074074074074074,0.06914893617021277
kvzap-predictor-trace-20260817T122049Z::builtin_reasoning_trace,kvzap-predictor-trace-20260817T122049Z,builtin_reasoning_trace,34,1,6,0.9022082018927445,0.0053475935828877
kvzap-predictor-trace-20260817T122049Z::builtin_reasoning_trace,kvzap-predictor-trace-20260817T122049Z,builtin_reasoning_trace,34,1,7,0.2616984402079723,0.11862068965517242
kvzap-predictor-trace-20260817T122049Z::builtin_reasoning_trace,kvzap-predictor-trace-20260817T122049Z,builtin_reasoning_trace,34,2,3,1.0,1.0
kvzap-predictor-trace-20260817T122049Z::builtin_reasoning_trace,kvzap-predictor-trace-20260817T122049Z,builtin_reasoning_trace,34,2,4,0.9668769716088328,0.015625
kvzap-predictor-trace-20260817T122049Z::builtin_reasoning_trace,kvzap-predictor-trace-20260817T122049Z,builtin_reasoning_trace,34,2,5,0.9931650893796005,0.07142857142857142
kvzap-predictor-trace-20260817T122049Z::builtin_reasoning_trace,kvzap-predictor-trace-20260817T122049Z,builtin_reasoning_trace,34,2,6,1.0,1.0
kvzap-predictor-trace-20260817T122049Z::builtin_reasoning_trace,kvzap-predictor-trace-20260817T122049Z,builtin_reasoning_trace,34,2,7,0.24605678233438485,0.0006968641114982578
kvzap-predictor-trace-20260817T122049Z::builtin_reasoning_trace,kvzap-predictor-trace-20260817T122049Z,builtin_reasoning_trace,34,3,4,0.9668769716088328,0.015625
kvzap-predictor-trace-20260817T122049Z::builtin_reasoning_trace,kvzap-predictor-trace-20260817T122049Z,builtin_reasoning_trace,34,3,5,0.9931650893796005,0.07142857142857142
kvzap-predictor-trace-20260817T122049Z::builtin_reasoning_trace,kvzap-predictor-trace-20260817T122049Z,builtin_reasoning_trace,34,3,6,1.0,1.0
kvzap-predictor-trace-20260817T122049Z::builtin_reasoning_trace,kvzap-predictor-trace-20260817T122049Z,builtin_reasoning_trace,34,3,7,0.24605678233438485,0.0006968641114982578
kvzap-predictor-trace-20260817T122049Z::builtin_reasoning_trace,kvzap-predictor-trace-20260817T122049Z,builtin_reasoning_trace,34,4,5,0.9714436805922793,0.18181818181818182
kvzap-predictor-trace-20260817T122049Z::builtin_reasoning_trace,kvzap-predictor-trace-20260817T122049Z,builtin_reasoning_trace,34,4,6,0.9668769716088328,0.015625
kvzap-predictor-trace-20260817T122049Z::builtin_reasoning_trace,kvzap-predictor-trace-20260817T122049Z,builtin_reasoning_trace,34,4,7,0.25040650406504067,0.040249826509368494
kvzap-predictor-trace-20260817T122049Z::builtin_reasoning_trace,kvzap-predictor-trace-20260817T122049Z,builtin_reasoning_trace,34,5,6,0.9931650893796005,0.07142857142857142
kvzap-predictor-trace-20260817T122049Z::builtin_reasoning_trace,kvzap-predictor-trace-20260817T122049Z,builtin_reasoning_trace,34,5,7,0.24775013234515617,0.00975609756097561
kvzap-predictor-trace-20260817T122049Z::builtin_reasoning_trace,kvzap-predictor-trace-20260817T122049Z,builtin_reasoning_trace,34,6,7,0.24605678233438485,0.0006968641114982578
kvzap-predictor-trace-20260817T122049Z::builtin_reasoning_trace,kvzap-predictor-trace-20260817T122049Z,builtin_reasoning_trace,35,0,1,0.9994742376445847,0.5
kvzap-predictor-trace-20260817T122049Z::builtin_reasoning_trace,kvzap-predictor-trace-20260817T122049Z,builtin_reasoning_trace,35,0,2,0.9695057833859095,0.01694915254237288
kvzap-predictor-trace-20260817T122049Z::builtin_reasoning_trace,kvzap-predictor-trace-20260817T122049Z,builtin_reasoning_trace,35,0,3,0.9984235417761429,0.0
kvzap-predictor-trace-20260817T122049Z::builtin_reasoning_trace,kvzap-predictor-trace-20260817T122049Z,builtin_reasoning_trace,35,0,4,0.9842271293375394,0.03225806451612903
kvzap-predictor-trace-20260817T122049Z::builtin_reasoning_trace,kvzap-predictor-trace-20260817T122049Z,builtin_reasoning_trace,35,0,5,0.9174553101997897,0.006329113924050633
kvzap-predictor-trace-20260817T122049Z::builtin_reasoning_trace,kvzap-predictor-trace-20260817T122049Z,builtin_reasoning_trace,35,0,6,0.9658254468980021,0.015151515151515152
kvzap-predictor-trace-20260817T122049Z::builtin_reasoning_trace,kvzap-predictor-trace-20260817T122049Z,builtin_reasoning_trace,35,0,7,1.0,1.0
kvzap-predictor-trace-20260817T122049Z::builtin_reasoning_trace,kvzap-predictor-trace-20260817T122049Z,builtin_reasoning_trace,35,1,2,0.9700157811678064,0.03389830508474576
kvzap-predictor-trace-20260817T122049Z::builtin_reasoning_trace,kvzap-predictor-trace-20260817T122049Z,builtin_reasoning_trace,35,1,3,0.9978980557015239,0.0
kvzap-predictor-trace-20260817T122049Z::builtin_reasoning_trace,kvzap-predictor-trace-20260817T122049Z,builtin_reasoning_trace,35,1,4,0.9847448711204629,0.06451612903225806
kvzap-predictor-trace-20260817T122049Z::builtin_reasoning_trace,kvzap-predictor-trace-20260817T122049Z,builtin_reasoning_trace,35,1,5,0.917937927406628,0.012658227848101266
kvzap-predictor-trace-20260817T122049Z::builtin_reasoning_trace,kvzap-predictor-trace-20260817T122049Z,builtin_reasoning_trace,35,1,6,0.9663335086796423,0.030303030303030304
kvzap-predictor-trace-20260817T122049Z::builtin_reasoning_trace,kvzap-predictor-trace-20260817T122049Z,builtin_reasoning_trace,35,1,7,0.9994742376445847,0.5
kvzap-predictor-trace-20260817T122049Z::builtin_reasoning_trace,kvzap-predictor-trace-20260817T122049Z,builtin_reasoning_trace,35,2,3,0.9679453494482396,0.0
kvzap-predictor-trace-20260817T122049Z::builtin_reasoning_trace,kvzap-predictor-trace-20260817T122049Z,builtin_reasoning_trace,35,2,4,0.9640591966173362,0.13924050632911392
kvzap-predictor-trace-20260817T122049Z::builtin_reasoning_trace,kvzap-predictor-trace-20260817T122049Z,builtin_reasoning_trace,35,2,5,0.8979375991538868,0.05853658536585366
kvzap-predictor-trace-20260817T122049Z::builtin_reasoning_trace,kvzap-predictor-trace-20260817T122049Z,builtin_reasoning_trace,35,2,6,0.9486500794070937,0.12612612612612611
kvzap-predictor-trace-20260817T122049Z::builtin_reasoning_trace,kvzap-predictor-trace-20260817T122049Z,builtin_reasoning_trace,35,2,7,0.9695057833859095,0.01694915254237288
kvzap-predictor-trace-20260817T122049Z::builtin_reasoning_trace,kvzap-predictor-trace-20260817T122049Z,builtin_reasoning_trace,35,3,4,0.9826589595375722,0.0
kvzap-predictor-trace-20260817T122049Z::builtin_reasoning_trace,kvzap-predictor-trace-20260817T122049Z,builtin_reasoning_trace,35,3,5,0.9169295478443743,0.006289308176100629
kvzap-predictor-trace-20260817T122049Z::builtin_reasoning_trace,kvzap-predictor-trace-20260817T122049Z,builtin_reasoning_trace,35,3,6,0.9642669469259064,0.0
kvzap-predictor-trace-20260817T122049Z::builtin_reasoning_trace,kvzap-predictor-trace-20260817T122049Z,builtin_reasoning_trace,35,3,7,0.9984235417761429,0.0
kvzap-predictor-trace-20260817T122049Z::builtin_reasoning_trace,kvzap-predictor-trace-20260817T122049Z,builtin_reasoning_trace,35,4,5,0.9157838983050848,0.08620689655172414
kvzap-predictor-trace-20260817T122049Z::builtin_reasoning_trace,kvzap-predictor-trace-20260817T122049Z,builtin_reasoning_trace,35,4,6,0.9707757704569607,0.27631578947368424
kvzap-predictor-trace-20260817T122049Z::builtin_reasoning_trace,kvzap-predictor-trace-20260817T122049Z,builtin_reasoning_trace,35,4,7,0.9842271293375394,0.03225806451612903
kvzap-predictor-trace-20260817T122049Z::builtin_reasoning_trace,kvzap-predictor-trace-20260817T122049Z,builtin_reasoning_trace,35,5,6,0.9032943676939427,0.10344827586206896
kvzap-predictor-trace-20260817T122049Z::builtin_reasoning_trace,kvzap-predictor-trace-20260817T122049Z,builtin_reasoning_trace,35,5,7,0.9174553101997897,0.006329113924050633
kvzap-predictor-trace-20260817T122049Z::builtin_reasoning_trace,kvzap-predictor-trace-20260817T122049Z,builtin_reasoning_trace,35,6,7,0.9658254468980021,0.015151515151515152
