trace_id,experiment_id,request_id,layer,kv_head,sequence_tokens,kept_tokens,removed_tokens,retention_ratio,cold_retention_ratio,score_mean,score_std,margin_abs_mean,near_threshold_0_10_fraction,near_threshold_0_25_fraction
kvzap-predictor-trace-20260817T085505Z::builtin_retrieval_trace,kvzap-predictor-trace-20260817T085505Z,builtin_retrieval_trace,0,0,905,150,755,0.16574585635359115,0.028314028314028315,-4.908149242401123,0.40229514241218567,0.9406768083572388,0.0011049723756906078,0.06850828729281767
kvzap-predictor-trace-20260817T085505Z::builtin_retrieval_trace,kvzap-predictor-trace-20260817T085505Z,builtin_retrieval_trace,0,1,905,148,757,0.16353591160220995,0.02574002574002574,-5.392507076263428,0.8068071007728577,1.4123964309692383,0.013259668508287293,0.039779005524861875
kvzap-predictor-trace-20260817T085505Z::builtin_retrieval_trace,kvzap-predictor-trace-20260817T085505Z,builtin_retrieval_trace,0,2,905,128,777,0.1414364640883978,0.0,-5.611325740814209,0.3975260257720947,1.611325979232788,0.0,0.0
kvzap-predictor-trace-20260817T085505Z::builtin_retrieval_trace,kvzap-predictor-trace-20260817T085505Z,builtin_retrieval_trace,0,3,905,161,744,0.17790055248618786,0.04247104247104247,-5.094302654266357,0.6932618021965027,1.114122986793518,0.08066298342541436,0.12154696132596685
kvzap-predictor-trace-20260817T085505Z::builtin_retrieval_trace,kvzap-predictor-trace-20260817T085505Z,builtin_retrieval_trace,0,4,905,128,777,0.1414364640883978,0.0,-5.565158843994141,0.48101526498794556,1.5651588439941406,0.0,0.0
kvzap-predictor-trace-20260817T085505Z::builtin_retrieval_trace,kvzap-predictor-trace-20260817T085505Z,builtin_retrieval_trace,0,5,905,139,766,0.15359116022099448,0.014157014157014158,-5.596443176269531,0.5494959950447083,1.6121891736984253,0.0,0.0
kvzap-predictor-trace-20260817T085505Z::builtin_retrieval_trace,kvzap-predictor-trace-20260817T085505Z,builtin_retrieval_trace,0,6,905,313,592,0.34585635359116024,0.23809523809523808,-4.89041805267334,0.8504939079284668,1.0699412822723389,0.055248618784530384,0.12154696132596685
kvzap-predictor-trace-20260817T085505Z::builtin_retrieval_trace,kvzap-predictor-trace-20260817T085505Z,builtin_retrieval_trace,0,7,905,128,777,0.1414364640883978,0.0,-5.910013675689697,0.4925965666770935,1.9100137948989868,0.0,0.0
kvzap-predictor-trace-20260817T085505Z::builtin_retrieval_trace,kvzap-predictor-trace-20260817T085505Z,builtin_retrieval_trace,1,0,905,128,777,0.1414364640883978,0.0,-6.124032974243164,0.4105963408946991,2.124033212661743,0.0,0.0
kvzap-predictor-trace-20260817T085505Z::builtin_retrieval_trace,kvzap-predictor-trace-20260817T085505Z,builtin_retrieval_trace,1,1,905,128,777,0.1414364640883978,0.0,-5.753453254699707,0.37024635076522827,1.753453016281128,0.0,0.0
kvzap-predictor-trace-20260817T085505Z::builtin_retrieval_trace,kvzap-predictor-trace-20260817T085505Z,builtin_retrieval_trace,1,2,905,163,742,0.18011049723756906,0.04504504504504504,-5.770994663238525,0.8234546780586243,1.8238259553909302,0.016574585635359115,0.023204419889502764
kvzap-predictor-trace-20260817T085505Z::builtin_retrieval_trace,kvzap-predictor-trace-20260817T085505Z,builtin_retrieval_trace,1,3,905,128,777,0.1414364640883978,0.0,-5.956008434295654,0.38060462474823,1.9560083150863647,0.0,0.0
kvzap-predictor-trace-20260817T085505Z::builtin_retrieval_trace,kvzap-predictor-trace-20260817T085505Z,builtin_retrieval_trace,1,4,905,144,761,0.1591160220994475,0.02059202059202059,-5.239398956298828,0.5458475947380066,1.248860478401184,0.022099447513812154,0.0430939226519337
kvzap-predictor-trace-20260817T085505Z::builtin_retrieval_trace,kvzap-predictor-trace-20260817T085505Z,builtin_retrieval_trace,1,5,905,152,753,0.16795580110497238,0.03088803088803089,-5.828660011291504,1.1037567853927612,1.8770027160644531,0.022099447513812154,0.04861878453038674
kvzap-predictor-trace-20260817T085505Z::builtin_retrieval_trace,kvzap-predictor-trace-20260817T085505Z,builtin_retrieval_trace,1,6,905,128,777,0.1414364640883978,0.0,-6.734219551086426,0.6449326872825623,2.734219551086426,0.0,0.0
kvzap-predictor-trace-20260817T085505Z::builtin_retrieval_trace,kvzap-predictor-trace-20260817T085505Z,builtin_retrieval_trace,1,7,905,814,91,0.8994475138121547,0.8828828828828829,-2.21578049659729,1.1935405731201172,1.894371509552002,0.03867403314917127,0.10718232044198896
kvzap-predictor-trace-20260817T085505Z::builtin_retrieval_trace,kvzap-predictor-trace-20260817T085505Z,builtin_retrieval_trace,2,0,905,128,777,0.1414364640883978,0.0,-7.136533260345459,1.0266774892807007,3.136533260345459,0.0011049723756906078,0.0011049723756906078
kvzap-predictor-trace-20260817T085505Z::builtin_retrieval_trace,kvzap-predictor-trace-20260817T085505Z,builtin_retrieval_trace,2,1,905,152,753,0.16795580110497238,0.03088803088803089,-5.876087665557861,0.8569257259368896,1.8995338678359985,0.020994475138121547,0.03535911602209945
kvzap-predictor-trace-20260817T085505Z::builtin_retrieval_trace,kvzap-predictor-trace-20260817T085505Z,builtin_retrieval_trace,2,2,905,180,725,0.19889502762430938,0.06692406692406692,-5.826536655426025,0.8506798148155212,1.8986705541610718,0.0022099447513812156,0.012154696132596685
kvzap-predictor-trace-20260817T085505Z::builtin_retrieval_trace,kvzap-predictor-trace-20260817T085505Z,builtin_retrieval_trace,2,3,905,154,751,0.17016574585635358,0.03346203346203346,-5.7877936363220215,0.788375735282898,1.8112396001815796,0.017679558011049725,0.03314917127071823
kvzap-predictor-trace-20260817T085505Z::builtin_retrieval_trace,kvzap-predictor-trace-20260817T085505Z,builtin_retrieval_trace,2,4,905,132,773,0.14585635359116023,0.005148005148005148,-6.079471588134766,0.6800935864448547,2.0826830863952637,0.0077348066298342545,0.012154696132596685
kvzap-predictor-trace-20260817T085505Z::builtin_retrieval_trace,kvzap-predictor-trace-20260817T085505Z,builtin_retrieval_trace,2,5,905,207,698,0.2287292817679558,0.10167310167310167,-5.133425235748291,0.7998114228248596,1.2032458782196045,0.045303867403314914,0.11049723756906077
kvzap-predictor-trace-20260817T085505Z::builtin_retrieval_trace,kvzap-predictor-trace-20260817T085505Z,builtin_retrieval_trace,2,6,905,139,766,0.15359116022099448,0.014157014157014158,-5.6848931312561035,0.5128195285797119,1.6950103044509888,0.0022099447513812156,0.009944751381215469
kvzap-predictor-trace-20260817T085505Z::builtin_retrieval_trace,kvzap-predictor-trace-20260817T085505Z,builtin_retrieval_trace,2,7,905,887,18,0.980110497237569,0.9768339768339769,-1.585569143295288,0.7184222936630249,2.448547124862671,0.0,0.0011049723756906078
kvzap-predictor-trace-20260817T085505Z::builtin_retrieval_trace,kvzap-predictor-trace-20260817T085505Z,builtin_retrieval_trace,3,0,905,131,774,0.14475138121546963,0.003861003861003861,-6.63066291809082,0.7317471504211426,2.6357734203338623,0.0022099447513812156,0.0022099447513812156
kvzap-predictor-trace-20260817T085505Z::builtin_retrieval_trace,kvzap-predictor-trace-20260817T085505Z,builtin_retrieval_trace,3,1,905,664,241,0.7337016574585635,0.6898326898326899,-3.544997453689575,1.0086573362350464,0.8389114141464233,0.0861878453038674,0.19558011049723756
kvzap-predictor-trace-20260817T085505Z::builtin_retrieval_trace,kvzap-predictor-trace-20260817T085505Z,builtin_retrieval_trace,3,2,905,174,731,0.19226519337016573,0.059202059202059204,-5.708813667297363,0.934176504611969,1.768396019935608,0.022099447513812154,0.049723756906077346
kvzap-predictor-trace-20260817T085505Z::builtin_retrieval_trace,kvzap-predictor-trace-20260817T085505Z,builtin_retrieval_trace,3,3,905,654,251,0.7226519337016575,0.676962676962677,-3.8209643363952637,1.4370052814483643,1.1565909385681152,0.05303867403314917,0.14475138121546963
kvzap-predictor-trace-20260817T085505Z::builtin_retrieval_trace,kvzap-predictor-trace-20260817T085505Z,builtin_retrieval_trace,3,4,905,157,748,0.1734806629834254,0.03732303732303732,-5.981198310852051,1.1147651672363281,2.015970230102539,0.023204419889502764,0.03756906077348066
kvzap-predictor-trace-20260817T085505Z::builtin_retrieval_trace,kvzap-predictor-trace-20260817T085505Z,builtin_retrieval_trace,3,5,905,139,766,0.15359116022099448,0.014157014157014158,-8.559832572937012,1.7444257736206055,4.5785651206970215,0.0055248618784530384,0.008839779005524863
kvzap-predictor-trace-20260817T085505Z::builtin_retrieval_trace,kvzap-predictor-trace-20260817T085505Z,builtin_retrieval_trace,3,6,905,128,777,0.1414364640883978,0.0,-6.162879943847656,0.6441332697868347,2.1628799438476562,0.0,0.004419889502762431
kvzap-predictor-trace-20260817T085505Z::builtin_retrieval_trace,kvzap-predictor-trace-20260817T085505Z,builtin_retrieval_trace,3,7,905,131,774,0.14475138121546963,0.003861003861003861,-6.022375583648682,0.6721963286399841,2.0243093967437744,0.0022099447513812156,0.0077348066298342545
kvzap-predictor-trace-20260817T085505Z::builtin_retrieval_trace,kvzap-predictor-trace-20260817T085505Z,builtin_retrieval_trace,4,0,905,146,759,0.16132596685082873,0.023166023166023165,-6.73325252532959,1.2538877725601196,2.7557666301727295,0.0055248618784530384,0.015469613259668509
kvzap-predictor-trace-20260817T085505Z::builtin_retrieval_trace,kvzap-predictor-trace-20260817T085505Z,builtin_retrieval_trace,4,1,905,740,165,0.8176795580110497,0.7876447876447876,-3.1680734157562256,0.9569334387779236,1.0467056035995483,0.045303867403314914,0.1005524861878453
kvzap-predictor-trace-20260817T085505Z::builtin_retrieval_trace,kvzap-predictor-trace-20260817T085505Z,builtin_retrieval_trace,4,2,905,134,771,0.14806629834254142,0.007722007722007722,-6.025224685668945,0.7447249889373779,2.029057264328003,0.004419889502762431,0.015469613259668509
kvzap-predictor-trace-20260817T085505Z::builtin_retrieval_trace,kvzap-predictor-trace-20260817T085505Z,builtin_retrieval_trace,4,3,905,132,773,0.14585635359116023,0.005148005148005148,-6.387103080749512,0.6204109191894531,2.3893473148345947,0.0022099447513812156,0.0033149171270718232
kvzap-predictor-trace-20260817T085505Z::builtin_retrieval_trace,kvzap-predictor-trace-20260817T085505Z,builtin_retrieval_trace,4,4,905,130,775,0.143646408839779,0.002574002574002574,-6.274602890014648,0.7624295949935913,2.275604248046875,0.0011049723756906078,0.0033149171270718232
kvzap-predictor-trace-20260817T085505Z::builtin_retrieval_trace,kvzap-predictor-trace-20260817T085505Z,builtin_retrieval_trace,4,5,905,130,775,0.143646408839779,0.002574002574002574,-8.177279472351074,1.2084457874298096,4.178522109985352,0.0011049723756906078,0.0011049723756906078
kvzap-predictor-trace-20260817T085505Z::builtin_retrieval_trace,kvzap-predictor-trace-20260817T085505Z,builtin_retrieval_trace,4,6,905,132,773,0.14585635359116023,0.005148005148005148,-6.377762317657471,0.6685487627983093,2.3812155723571777,0.0022099447513812156,0.0033149171270718232
kvzap-predictor-trace-20260817T085505Z::builtin_retrieval_trace,kvzap-predictor-trace-20260817T085505Z,builtin_retrieval_trace,4,7,905,189,716,0.20883977900552486,0.07850707850707851,-5.638311386108398,0.9591359496116638,1.7272272109985352,0.01878453038674033,0.04640883977900553
kvzap-predictor-trace-20260817T085505Z::builtin_retrieval_trace,kvzap-predictor-trace-20260817T085505Z,builtin_retrieval_trace,5,0,905,178,727,0.19668508287292819,0.06435006435006435,-5.990590572357178,1.10054349899292,2.0658321380615234,0.02430939226519337,0.051933701657458566
kvzap-predictor-trace-20260817T085505Z::builtin_retrieval_trace,kvzap-predictor-trace-20260817T085505Z,builtin_retrieval_trace,5,1,905,186,719,0.20552486187845304,0.07464607464607464,-5.2601799964904785,0.9200021028518677,1.3513531684875488,0.03425414364640884,0.08066298342541436
kvzap-predictor-trace-20260817T085505Z::builtin_retrieval_trace,kvzap-predictor-trace-20260817T085505Z,builtin_retrieval_trace,5,2,905,132,773,0.14585635359116023,0.005148005148005148,-5.820770263671875,0.7880815863609314,1.8252243995666504,0.0077348066298342545,0.02430939226519337
kvzap-predictor-trace-20260817T085505Z::builtin_retrieval_trace,kvzap-predictor-trace-20260817T085505Z,builtin_retrieval_trace,5,3,905,641,264,0.7082872928176795,0.6602316602316602,-3.709733247756958,1.509175419807434,1.2432363033294678,0.041988950276243095,0.1281767955801105
kvzap-predictor-trace-20260817T085505Z::builtin_retrieval_trace,kvzap-predictor-trace-20260817T085505Z,builtin_retrieval_trace,5,4,905,131,774,0.14475138121546963,0.003861003861003861,-6.013881206512451,0.5444660782814026,2.019129753112793,0.0,0.0011049723756906078
kvzap-predictor-trace-20260817T085505Z::builtin_retrieval_trace,kvzap-predictor-trace-20260817T085505Z,builtin_retrieval_trace,5,5,905,132,773,0.14585635359116023,0.005148005148005148,-5.618560314178467,0.6916490197181702,1.6203211545944214,0.0022099447513812156,0.004419889502762431
kvzap-predictor-trace-20260817T085505Z::builtin_retrieval_trace,kvzap-predictor-trace-20260817T085505Z,builtin_retrieval_trace,5,6,905,136,769,0.15027624309392265,0.010296010296010296,-6.610376358032227,0.8686445951461792,2.6129660606384277,0.009944751381215469,0.015469613259668509
kvzap-predictor-trace-20260817T085505Z::builtin_retrieval_trace,kvzap-predictor-trace-20260817T085505Z,builtin_retrieval_trace,5,7,905,132,773,0.14585635359116023,0.005148005148005148,-7.475621700286865,1.070399284362793,3.478591203689575,0.0,0.0033149171270718232
kvzap-predictor-trace-20260817T085505Z::builtin_retrieval_trace,kvzap-predictor-trace-20260817T085505Z,builtin_retrieval_trace,6,0,905,130,775,0.143646408839779,0.002574002574002574,-6.415630340576172,0.539678156375885,2.4252536296844482,0.0011049723756906078,0.0022099447513812156
kvzap-predictor-trace-20260817T085505Z::builtin_retrieval_trace,kvzap-predictor-trace-20260817T085505Z,builtin_retrieval_trace,6,1,905,149,756,0.16464088397790055,0.02702702702702703,-6.217938423156738,1.0400748252868652,2.275846004486084,0.0055248618784530384,0.019889502762430938
kvzap-predictor-trace-20260817T085505Z::builtin_retrieval_trace,kvzap-predictor-trace-20260817T085505Z,builtin_retrieval_trace,6,2,905,170,735,0.1878453038674033,0.05405405405405406,-5.811904430389404,0.9973465800285339,1.9056371450424194,0.009944751381215469,0.023204419889502764
kvzap-predictor-trace-20260817T085505Z::builtin_retrieval_trace,kvzap-predictor-trace-20260817T085505Z,builtin_retrieval_trace,6,3,905,212,693,0.23425414364640884,0.10810810810810811,-5.069002628326416,0.9640924334526062,1.1413565874099731,0.057458563535911604,0.13038674033149172
kvzap-predictor-trace-20260817T085505Z::builtin_retrieval_trace,kvzap-predictor-trace-20260817T085505Z,builtin_retrieval_trace,6,4,905,161,744,0.17790055248618786,0.04247104247104247,-5.9349446296691895,0.9323971271514893,2.0180249214172363,0.0,0.0066298342541436465
kvzap-predictor-trace-20260817T085505Z::builtin_retrieval_trace,kvzap-predictor-trace-20260817T085505Z,builtin_retrieval_trace,6,5,905,129,776,0.1425414364640884,0.001287001287001287,-6.9489641189575195,0.6145010590553284,2.9614641666412354,0.0,0.0011049723756906078
kvzap-predictor-trace-20260817T085505Z::builtin_retrieval_trace,kvzap-predictor-trace-20260817T085505Z,builtin_retrieval_trace,6,6,905,150,755,0.16574585635359115,0.028314028314028315,-6.1313796043396,0.9870433211326599,2.168689489364624,0.012154696132596685,0.017679558011049725
kvzap-predictor-trace-20260817T085505Z::builtin_retrieval_trace,kvzap-predictor-trace-20260817T085505Z,builtin_retrieval_trace,6,7,905,189,716,0.20883977900552486,0.07850707850707851,-5.1054301261901855,0.8432433009147644,1.2034099102020264,0.03867403314917127,0.09281767955801105
kvzap-predictor-trace-20260817T085505Z::builtin_retrieval_trace,kvzap-predictor-trace-20260817T085505Z,builtin_retrieval_trace,7,0,905,144,761,0.1591160220994475,0.02059202059202059,-6.38601541519165,0.8283014297485352,2.4074931144714355,0.0055248618784530384,0.012154696132596685
kvzap-predictor-trace-20260817T085505Z::builtin_retrieval_trace,kvzap-predictor-trace-20260817T085505Z,builtin_retrieval_trace,7,1,905,905,0,1.0,1.0,-2.136537551879883,0.5864602327346802,1.8634625673294067,0.0,0.0
kvzap-predictor-trace-20260817T085505Z::builtin_retrieval_trace,kvzap-predictor-trace-20260817T085505Z,builtin_retrieval_trace,7,2,905,131,774,0.14475138121546963,0.003861003861003861,-7.524240493774414,0.9854808449745178,3.5263121128082275,0.0,0.0022099447513812156
kvzap-predictor-trace-20260817T085505Z::builtin_retrieval_trace,kvzap-predictor-trace-20260817T085505Z,builtin_retrieval_trace,7,3,905,128,777,0.1414364640883978,0.0,-7.571477890014648,0.6070020198822021,3.5714778900146484,0.0,0.0
kvzap-predictor-trace-20260817T085505Z::builtin_retrieval_trace,kvzap-predictor-trace-20260817T085505Z,builtin_retrieval_trace,7,4,905,128,777,0.1414364640883978,0.0,-7.9187846183776855,0.7952423691749573,3.9187846183776855,0.0011049723756906078,0.0011049723756906078
kvzap-predictor-trace-20260817T085505Z::builtin_retrieval_trace,kvzap-predictor-trace-20260817T085505Z,builtin_retrieval_trace,7,5,905,770,135,0.850828729281768,0.8262548262548263,-3.1703944206237793,0.9465295672416687,1.02870774269104,0.05082872928176796,0.13259668508287292
kvzap-predictor-trace-20260817T085505Z::builtin_retrieval_trace,kvzap-predictor-trace-20260817T085505Z,builtin_retrieval_trace,7,6,905,129,776,0.1425414364640884,0.001287001287001287,-6.964330196380615,0.6939005851745605,2.966263771057129,0.0,0.0
kvzap-predictor-trace-20260817T085505Z::builtin_retrieval_trace,kvzap-predictor-trace-20260817T085505Z,builtin_retrieval_trace,7,7,905,129,776,0.1425414364640884,0.001287001287001287,-7.273808479309082,0.5815044045448303,3.2746028900146484,0.0,0.0
kvzap-predictor-trace-20260817T085505Z::builtin_retrieval_trace,kvzap-predictor-trace-20260817T085505Z,builtin_retrieval_trace,8,0,905,176,729,0.19447513812154696,0.06177606177606178,-6.424853324890137,1.309523105621338,2.51637601852417,0.009944751381215469,0.02430939226519337
kvzap-predictor-trace-20260817T085505Z::builtin_retrieval_trace,kvzap-predictor-trace-20260817T085505Z,builtin_retrieval_trace,8,1,905,252,653,0.27845303867403315,0.15958815958815958,-5.444716930389404,1.2928006649017334,1.617645025253296,0.032044198895027624,0.07624309392265194
kvzap-predictor-trace-20260817T085505Z::builtin_retrieval_trace,kvzap-predictor-trace-20260817T085505Z,builtin_retrieval_trace,8,2,905,129,776,0.1425414364640884,0.001287001287001287,-8.247600555419922,0.8609961867332458,4.254195213317871,0.0,0.0
kvzap-predictor-trace-20260817T085505Z::builtin_retrieval_trace,kvzap-predictor-trace-20260817T085505Z,builtin_retrieval_trace,8,3,905,130,775,0.143646408839779,0.002574002574002574,-7.2565436363220215,0.9123819470405579,3.2635531425476074,0.0033149171270718232,0.004419889502762431
kvzap-predictor-trace-20260817T085505Z::builtin_retrieval_trace,kvzap-predictor-trace-20260817T085505Z,builtin_retrieval_trace,8,4,905,396,509,0.4375690607734807,0.34491634491634493,-4.537985801696777,1.474807858467102,1.2931607961654663,0.04640883977900553,0.13149171270718232
kvzap-predictor-trace-20260817T085505Z::builtin_retrieval_trace,kvzap-predictor-trace-20260817T085505Z,builtin_retrieval_trace,8,5,905,178,727,0.19668508287292819,0.06435006435006435,-5.540692329406738,0.9599729776382446,1.604473352432251,0.030939226519337018,0.06298342541436464
kvzap-predictor-trace-20260817T085505Z::builtin_retrieval_trace,kvzap-predictor-trace-20260817T085505Z,builtin_retrieval_trace,8,6,905,232,673,0.256353591160221,0.13384813384813385,-5.235456943511963,1.300107717514038,1.5928581953048706,0.020994475138121547,0.06740331491712707
kvzap-predictor-trace-20260817T085505Z::builtin_retrieval_trace,kvzap-predictor-trace-20260817T085505Z,builtin_retrieval_trace,8,7,905,142,763,0.1569060773480663,0.018018018018018018,-8.010454177856445,1.6492100954055786,4.042653560638428,0.0,0.004419889502762431
kvzap-predictor-trace-20260817T085505Z::builtin_retrieval_trace,kvzap-predictor-trace-20260817T085505Z,builtin_retrieval_trace,9,0,905,131,774,0.14475138121546963,0.003861003861003861,-7.221055030822754,0.7925601601600647,3.2311551570892334,0.0022099447513812156,0.004419889502762431
kvzap-predictor-trace-20260817T085505Z::builtin_retrieval_trace,kvzap-predictor-trace-20260817T085505Z,builtin_retrieval_trace,9,1,905,129,776,0.1425414364640884,0.001287001287001287,-8.066061019897461,0.9193190932273865,4.073718070983887,0.0,0.0
kvzap-predictor-trace-20260817T085505Z::builtin_retrieval_trace,kvzap-predictor-trace-20260817T085505Z,builtin_retrieval_trace,9,2,905,616,289,0.6806629834254143,0.6280566280566281,-3.7758805751800537,1.0880365371704102,0.8560255765914917,0.08508287292817679,0.2143646408839779
kvzap-predictor-trace-20260817T085505Z::builtin_retrieval_trace,kvzap-predictor-trace-20260817T085505Z,builtin_retrieval_trace,9,3,905,163,742,0.18011049723756906,0.04504504504504504,-6.242196083068848,1.0667279958724976,2.303245782852173,0.0077348066298342545,0.017679558011049725
kvzap-predictor-trace-20260817T085505Z::builtin_retrieval_trace,kvzap-predictor-trace-20260817T085505Z,builtin_retrieval_trace,9,4,905,873,32,0.9646408839779006,0.9588159588159588,-3.071654796600342,0.6687023043632507,0.9954721927642822,0.028729281767955802,0.0718232044198895
kvzap-predictor-trace-20260817T085505Z::builtin_retrieval_trace,kvzap-predictor-trace-20260817T085505Z,builtin_retrieval_trace,9,5,905,156,749,0.1723756906077348,0.036036036036036036,-6.62782621383667,1.156551480293274,2.679839611053467,0.0077348066298342545,0.020994475138121547
kvzap-predictor-trace-20260817T085505Z::builtin_retrieval_trace,kvzap-predictor-trace-20260817T085505Z,builtin_retrieval_trace,9,6,905,263,642,0.2906077348066298,0.17374517374517376,-6.3490071296691895,2.1131057739257812,2.660108804702759,0.014364640883977901,0.04751381215469613
kvzap-predictor-trace-20260817T085505Z::builtin_retrieval_trace,kvzap-predictor-trace-20260817T085505Z,builtin_retrieval_trace,9,7,905,817,88,0.9027624309392265,0.8867438867438867,-3.099411964416504,0.949700117111206,1.0706157684326172,0.04751381215469613,0.13370165745856355
kvzap-predictor-trace-20260817T085505Z::builtin_retrieval_trace,kvzap-predictor-trace-20260817T085505Z,builtin_retrieval_trace,10,0,905,129,776,0.1425414364640884,0.001287001287001287,-6.989658355712891,0.8084172010421753,2.9991540908813477,0.0,0.0022099447513812156
kvzap-predictor-trace-20260817T085505Z::builtin_retrieval_trace,kvzap-predictor-trace-20260817T085505Z,builtin_retrieval_trace,10,1,905,135,770,0.14917127071823205,0.009009009009009009,-7.151219367980957,1.138791561126709,3.1656315326690674,0.0033149171270718232,0.0077348066298342545
kvzap-predictor-trace-20260817T085505Z::builtin_retrieval_trace,kvzap-predictor-trace-20260817T085505Z,builtin_retrieval_trace,10,2,905,131,774,0.14475138121546963,0.003861003861003861,-7.434133052825928,0.9705777168273926,3.4483251571655273,0.0,0.0033149171270718232
kvzap-predictor-trace-20260817T085505Z::builtin_retrieval_trace,kvzap-predictor-trace-20260817T085505Z,builtin_retrieval_trace,10,3,905,129,776,0.1425414364640884,0.001287001287001287,-8.08774185180664,1.106624960899353,4.1022443771362305,0.0,0.0
kvzap-predictor-trace-20260817T085505Z::builtin_retrieval_trace,kvzap-predictor-trace-20260817T085505Z,builtin_retrieval_trace,10,4,905,129,776,0.1425414364640884,0.001287001287001287,-8.057597160339355,1.0695158243179321,4.071477890014648,0.0,0.0
kvzap-predictor-trace-20260817T085505Z::builtin_retrieval_trace,kvzap-predictor-trace-20260817T085505Z,builtin_retrieval_trace,10,5,905,133,772,0.14696132596685083,0.006435006435006435,-7.518867015838623,0.9158106446266174,3.531132936477661,0.0033149171270718232,0.004419889502762431
kvzap-predictor-trace-20260817T085505Z::builtin_retrieval_trace,kvzap-predictor-trace-20260817T085505Z,builtin_retrieval_trace,10,6,905,229,676,0.25303867403314917,0.12998712998713,-6.049645900726318,1.6180146932601929,2.290478229522705,0.020994475138121547,0.05303867403314917
kvzap-predictor-trace-20260817T085505Z::builtin_retrieval_trace,kvzap-predictor-trace-20260817T085505Z,builtin_retrieval_trace,10,7,905,148,757,0.16353591160220995,0.02574002574002574,-7.552114963531494,1.3171688318252563,3.5886309146881104,0.0077348066298342545,0.013259668508287293
kvzap-predictor-trace-20260817T085505Z::builtin_retrieval_trace,kvzap-predictor-trace-20260817T085505Z,builtin_retrieval_trace,11,0,905,145,760,0.16022099447513813,0.021879021879021878,-6.785350322723389,1.129819393157959,2.811265468597412,0.009944751381215469,0.01878453038674033
kvzap-predictor-trace-20260817T085505Z::builtin_retrieval_trace,kvzap-predictor-trace-20260817T085505Z,builtin_retrieval_trace,11,1,905,153,752,0.16906077348066298,0.032175032175032175,-5.995407581329346,0.9799678325653076,2.032423973083496,0.020994475138121547,0.039779005524861875
kvzap-predictor-trace-20260817T085505Z::builtin_retrieval_trace,kvzap-predictor-trace-20260817T085505Z,builtin_retrieval_trace,11,2,905,803,102,0.887292817679558,0.8687258687258688,-2.943605422973633,0.992183268070221,1.259018898010254,0.01878453038674033,0.06740331491712707
kvzap-predictor-trace-20260817T085505Z::builtin_retrieval_trace,kvzap-predictor-trace-20260817T085505Z,builtin_retrieval_trace,11,3,905,208,697,0.22983425414364642,0.10296010296010295,-5.79206657409668,1.3724061250686646,1.9039969444274902,0.02541436464088398,0.07624309392265194
kvzap-predictor-trace-20260817T085505Z::builtin_retrieval_trace,kvzap-predictor-trace-20260817T085505Z,builtin_retrieval_trace,11,4,905,165,740,0.18232044198895028,0.047619047619047616,-5.821443557739258,1.2841923236846924,1.888915777206421,0.020994475138121547,0.05856353591160221
kvzap-predictor-trace-20260817T085505Z::builtin_retrieval_trace,kvzap-predictor-trace-20260817T085505Z,builtin_retrieval_trace,11,5,905,129,776,0.1425414364640884,0.001287001287001287,-8.395648956298828,1.2648627758026123,4.395787239074707,0.0011049723756906078,0.0011049723756906078
kvzap-predictor-trace-20260817T085505Z::builtin_retrieval_trace,kvzap-predictor-trace-20260817T085505Z,builtin_retrieval_trace,11,6,905,267,638,0.2950276243093923,0.1788931788931789,-5.156733512878418,1.2810118198394775,1.411291480064392,0.03867403314917127,0.10497237569060773
kvzap-predictor-trace-20260817T085505Z::builtin_retrieval_trace,kvzap-predictor-trace-20260817T085505Z,builtin_retrieval_trace,11,7,905,133,772,0.14696132596685083,0.006435006435006435,-7.419785976409912,1.09561026096344,3.429178237915039,0.0011049723756906078,0.004419889502762431
kvzap-predictor-trace-20260817T085505Z::builtin_retrieval_trace,kvzap-predictor-trace-20260817T085505Z,builtin_retrieval_trace,12,0,905,669,236,0.7392265193370166,0.6962676962676962,-3.643033504486084,0.6849350929260254,0.6175327897071838,0.12044198895027625,0.27845303867403315
kvzap-predictor-trace-20260817T085505Z::builtin_retrieval_trace,kvzap-predictor-trace-20260817T085505Z,builtin_retrieval_trace,12,1,905,162,743,0.17900552486187846,0.043758043758043756,-6.286822319030762,1.1163893938064575,2.331202507019043,0.0077348066298342545,0.028729281767955802
kvzap-predictor-trace-20260817T085505Z::builtin_retrieval_trace,kvzap-predictor-trace-20260817T085505Z,builtin_retrieval_trace,12,2,905,154,751,0.17016574585635358,0.03346203346203346,-6.616583347320557,1.26462721824646,2.6621460914611816,0.008839779005524863,0.02541436464088398
kvzap-predictor-trace-20260817T085505Z::builtin_retrieval_trace,kvzap-predictor-trace-20260817T085505Z,builtin_retrieval_trace,12,3,905,154,751,0.17016574585635358,0.03346203346203346,-7.365711212158203,1.5903613567352295,3.4032113552093506,0.0066298342541436465,0.013259668508287293
kvzap-predictor-trace-20260817T085505Z::builtin_retrieval_trace,kvzap-predictor-trace-20260817T085505Z,builtin_retrieval_trace,12,4,905,140,765,0.15469613259668508,0.015444015444015444,-7.146840572357178,1.3308058977127075,3.163656711578369,0.004419889502762431,0.009944751381215469
kvzap-predictor-trace-20260817T085505Z::builtin_retrieval_trace,kvzap-predictor-trace-20260817T085505Z,builtin_retrieval_trace,12,5,905,151,754,0.16685082872928178,0.029601029601029602,-6.7671356201171875,1.4041650295257568,2.7871460914611816,0.008839779005524863,0.02983425414364641
kvzap-predictor-trace-20260817T085505Z::builtin_retrieval_trace,kvzap-predictor-trace-20260817T085505Z,builtin_retrieval_trace,12,6,905,754,151,0.8331491712707182,0.8056628056628057,-3.107713222503662,1.090537190437317,1.1531983613967896,0.04419889502762431,0.13038674033149172
kvzap-predictor-trace-20260817T085505Z::builtin_retrieval_trace,kvzap-predictor-trace-20260817T085505Z,builtin_retrieval_trace,12,7,905,299,606,0.33038674033149174,0.22007722007722008,-5.3682966232299805,1.591116189956665,1.7567722797393799,0.030939226519337018,0.07513812154696133
kvzap-predictor-trace-20260817T085505Z::builtin_retrieval_trace,kvzap-predictor-trace-20260817T085505Z,builtin_retrieval_trace,13,0,905,271,634,0.2994475138121547,0.18404118404118405,-5.589848041534424,1.6308081150054932,1.888604998588562,0.028729281767955802,0.07403314917127071
kvzap-predictor-trace-20260817T085505Z::builtin_retrieval_trace,kvzap-predictor-trace-20260817T085505Z,builtin_retrieval_trace,13,1,905,133,772,0.14696132596685083,0.006435006435006435,-6.796581268310547,0.9070656299591064,2.804799795150757,0.0,0.0055248618784530384
kvzap-predictor-trace-20260817T085505Z::builtin_retrieval_trace,kvzap-predictor-trace-20260817T085505Z,builtin_retrieval_trace,13,2,905,776,129,0.8574585635359117,0.833976833976834,-3.2469310760498047,0.9009654521942139,0.9826269149780273,0.06408839779005525,0.1414364640883978
kvzap-predictor-trace-20260817T085505Z::builtin_retrieval_trace,kvzap-predictor-trace-20260817T085505Z,builtin_retrieval_trace,13,3,905,833,72,0.9204419889502763,0.9073359073359073,-2.6482043266296387,1.0612177848815918,1.4808701276779175,0.030939226519337018,0.06850828729281767
kvzap-predictor-trace-20260817T085505Z::builtin_retrieval_trace,kvzap-predictor-trace-20260817T085505Z,builtin_retrieval_trace,13,4,905,267,638,0.2950276243093923,0.1788931788931789,-5.053243637084961,1.1017967462539673,1.317888855934143,0.041988950276243095,0.08508287292817679
kvzap-predictor-trace-20260817T085505Z::builtin_retrieval_trace,kvzap-predictor-trace-20260817T085505Z,builtin_retrieval_trace,13,5,905,128,777,0.1414364640883978,0.0,-8.563605308532715,0.9972526431083679,4.563604831695557,0.0,0.0011049723756906078
kvzap-predictor-trace-20260817T085505Z::builtin_retrieval_trace,kvzap-predictor-trace-20260817T085505Z,builtin_retrieval_trace,13,6,905,138,767,0.15248618784530388,0.01287001287001287,-7.805697441101074,1.272064447402954,3.830421209335327,0.0011049723756906078,0.004419889502762431
kvzap-predictor-trace-20260817T085505Z::builtin_retrieval_trace,kvzap-predictor-trace-20260817T085505Z,builtin_retrieval_trace,13,7,905,905,0,1.0,1.0,-1.9639028310775757,0.5783092975616455,2.036097288131714,0.0,0.0
kvzap-predictor-trace-20260817T085505Z::builtin_retrieval_trace,kvzap-predictor-trace-20260817T085505Z,builtin_retrieval_trace,14,0,905,129,776,0.1425414364640884,0.001287001287001287,-6.954721927642822,0.6422781944274902,2.959228277206421,0.0,0.0
kvzap-predictor-trace-20260817T085505Z::builtin_retrieval_trace,kvzap-predictor-trace-20260817T085505Z,builtin_retrieval_trace,14,1,905,200,705,0.22099447513812154,0.09266409266409266,-6.177175521850586,1.3256382942199707,2.278073310852051,0.020994475138121547,0.04088397790055249
kvzap-predictor-trace-20260817T085505Z::builtin_retrieval_trace,kvzap-predictor-trace-20260817T085505Z,builtin_retrieval_trace,14,2,905,132,773,0.14585635359116023,0.005148005148005148,-7.526808738708496,1.3029595613479614,3.5362439155578613,0.0011049723756906078,0.0022099447513812156
kvzap-predictor-trace-20260817T085505Z::builtin_retrieval_trace,kvzap-predictor-trace-20260817T085505Z,builtin_retrieval_trace,14,3,905,402,503,0.44419889502762433,0.35263835263835264,-4.388617992401123,1.144953727722168,1.0077219009399414,0.049723756906077346,0.1270718232044199
kvzap-predictor-trace-20260817T085505Z::builtin_retrieval_trace,kvzap-predictor-trace-20260817T085505Z,builtin_retrieval_trace,14,4,905,158,747,0.17458563535911603,0.03861003861003861,-5.662741661071777,0.8012647032737732,1.6887775659561157,0.027624309392265192,0.0430939226519337
kvzap-predictor-trace-20260817T085505Z::builtin_retrieval_trace,kvzap-predictor-trace-20260817T085505Z,builtin_retrieval_trace,14,5,905,129,776,0.1425414364640884,0.001287001287001287,-7.520519733428955,0.7378767132759094,3.526855945587158,0.0,0.0
kvzap-predictor-trace-20260817T085505Z::builtin_retrieval_trace,kvzap-predictor-trace-20260817T085505Z,builtin_retrieval_trace,14,6,905,171,734,0.18895027624309393,0.055341055341055344,-6.790055274963379,1.3535231351852417,2.852762460708618,0.008839779005524863,0.023204419889502764
kvzap-predictor-trace-20260817T085505Z::builtin_retrieval_trace,kvzap-predictor-trace-20260817T085505Z,builtin_retrieval_trace,14,7,905,132,773,0.14585635359116023,0.005148005148005148,-7.3817853927612305,0.767951488494873,3.3921098709106445,0.0,0.0
kvzap-predictor-trace-20260817T085505Z::builtin_retrieval_trace,kvzap-predictor-trace-20260817T085505Z,builtin_retrieval_trace,15,0,905,185,720,0.20441988950276244,0.07335907335907337,-6.404670238494873,1.387397289276123,2.4657716751098633,0.028729281767955802,0.055248618784530384
kvzap-predictor-trace-20260817T085505Z::builtin_retrieval_trace,kvzap-predictor-trace-20260817T085505Z,builtin_retrieval_trace,15,1,905,304,601,0.33591160220994476,0.22651222651222652,-4.9505438804626465,1.1483094692230225,1.2631992101669312,0.03314917127071823,0.09723756906077348
kvzap-predictor-trace-20260817T085505Z::builtin_retrieval_trace,kvzap-predictor-trace-20260817T085505Z,builtin_retrieval_trace,15,2,905,780,125,0.861878453038674,0.8391248391248392,-2.888613700866699,1.258456826210022,1.414908528327942,0.02430939226519337,0.09171270718232044
kvzap-predictor-trace-20260817T085505Z::builtin_retrieval_trace,kvzap-predictor-trace-20260817T085505Z,builtin_retrieval_trace,15,3,905,362,543,0.4,0.30115830115830117,-5.135687351226807,1.743035912513733,1.6896581649780273,0.04088397790055249,0.09944751381215469
kvzap-predictor-trace-20260817T085505Z::builtin_retrieval_trace,kvzap-predictor-trace-20260817T085505Z,builtin_retrieval_trace,15,4,905,156,749,0.1723756906077348,0.036036036036036036,-5.977572441101074,1.0548816919326782,2.0049550533294678,0.016574585635359115,0.0430939226519337
kvzap-predictor-trace-20260817T085505Z::builtin_retrieval_trace,kvzap-predictor-trace-20260817T085505Z,builtin_retrieval_trace,15,5,905,129,776,0.1425414364640884,0.001287001287001287,-7.798593044281006,0.8780493140220642,3.8042385578155518,0.0,0.0
kvzap-predictor-trace-20260817T085505Z::builtin_retrieval_trace,kvzap-predictor-trace-20260817T085505Z,builtin_retrieval_trace,15,6,905,129,776,0.1425414364640884,0.001287001287001287,-8.298912048339844,0.8355088829994202,4.3048858642578125,0.0,0.0
kvzap-predictor-trace-20260817T085505Z::builtin_retrieval_trace,kvzap-predictor-trace-20260817T085505Z,builtin_retrieval_trace,15,7,905,282,623,0.3116022099447514,0.1981981981981982,-4.983205318450928,0.9950396418571472,1.1779135465621948,0.04419889502762431,0.1138121546961326
kvzap-predictor-trace-20260817T085505Z::builtin_retrieval_trace,kvzap-predictor-trace-20260817T085505Z,builtin_retrieval_trace,16,0,905,191,714,0.2110497237569061,0.08108108108108109,-6.054221153259277,1.1999605894088745,2.1336240768432617,0.022099447513812154,0.04861878453038674
kvzap-predictor-trace-20260817T085505Z::builtin_retrieval_trace,kvzap-predictor-trace-20260817T085505Z,builtin_retrieval_trace,16,1,905,168,737,0.1856353591160221,0.05148005148005148,-5.977451801300049,1.1201589107513428,2.0300068855285645,0.017679558011049725,0.041988950276243095
kvzap-predictor-trace-20260817T085505Z::builtin_retrieval_trace,kvzap-predictor-trace-20260817T085505Z,builtin_retrieval_trace,16,2,905,132,773,0.14585635359116023,0.005148005148005148,-7.939770221710205,1.1432534456253052,3.9463484287261963,0.0011049723756906078,0.0055248618784530384
kvzap-predictor-trace-20260817T085505Z::builtin_retrieval_trace,kvzap-predictor-trace-20260817T085505Z,builtin_retrieval_trace,16,3,905,210,695,0.23204419889502761,0.10553410553410554,-5.452900409698486,0.985799252986908,1.5286601781845093,0.030939226519337018,0.0861878453038674
kvzap-predictor-trace-20260817T085505Z::builtin_retrieval_trace,kvzap-predictor-trace-20260817T085505Z,builtin_retrieval_trace,16,4,905,148,757,0.16353591160220995,0.02574002574002574,-6.417818069458008,1.226402997970581,2.519474506378174,0.0033149171270718232,0.016574585635359115
kvzap-predictor-trace-20260817T085505Z::builtin_retrieval_trace,kvzap-predictor-trace-20260817T085505Z,builtin_retrieval_trace,16,5,905,709,196,0.7834254143646409,0.7477477477477478,-3.5096383094787598,1.6302577257156372,1.4274473190307617,0.03314917127071823,0.10718232044198896
kvzap-predictor-trace-20260817T085505Z::builtin_retrieval_trace,kvzap-predictor-trace-20260817T085505Z,builtin_retrieval_trace,16,6,905,137,768,0.15138121546961325,0.011583011583011582,-7.689260959625244,1.2893942594528198,3.710808038711548,0.0011049723756906078,0.004419889502762431
kvzap-predictor-trace-20260817T085505Z::builtin_retrieval_trace,kvzap-predictor-trace-20260817T085505Z,builtin_retrieval_trace,16,7,905,177,728,0.19558011049723756,0.06306306306306306,-5.8984375,1.2307344675064087,2.0012171268463135,0.019889502762430938,0.04751381215469613
kvzap-predictor-trace-20260817T085505Z::builtin_retrieval_trace,kvzap-predictor-trace-20260817T085505Z,builtin_retrieval_trace,17,0,905,383,522,0.42320441988950275,0.3281853281853282,-4.526860237121582,1.2140864133834839,1.0939960479736328,0.04640883977900553,0.11823204419889503
kvzap-predictor-trace-20260817T085505Z::builtin_retrieval_trace,kvzap-predictor-trace-20260817T085505Z,builtin_retrieval_trace,17,1,905,504,401,0.5569060773480663,0.4839124839124839,-4.01905632019043,1.054053544998169,0.8542170524597168,0.06298342541436464,0.16795580110497238
kvzap-predictor-trace-20260817T085505Z::builtin_retrieval_trace,kvzap-predictor-trace-20260817T085505Z,builtin_retrieval_trace,17,2,905,173,732,0.19116022099447513,0.05791505791505792,-7.134651184082031,1.5998255014419556,3.199464797973633,0.0066298342541436465,0.03314917127071823
kvzap-predictor-trace-20260817T085505Z::builtin_retrieval_trace,kvzap-predictor-trace-20260817T085505Z,builtin_retrieval_trace,17,3,905,300,605,0.3314917127071823,0.22136422136422138,-4.993827819824219,1.1123369932174683,1.277719259262085,0.039779005524861875,0.10718232044198896
kvzap-predictor-trace-20260817T085505Z::builtin_retrieval_trace,kvzap-predictor-trace-20260817T085505Z,builtin_retrieval_trace,17,4,905,206,699,0.2276243093922652,0.10038610038610038,-6.412042617797852,1.68898606300354,2.5324325561523438,0.022099447513812154,0.055248618784530384
kvzap-predictor-trace-20260817T085505Z::builtin_retrieval_trace,kvzap-predictor-trace-20260817T085505Z,builtin_retrieval_trace,17,5,905,394,511,0.4353591160220994,0.34234234234234234,-4.688596248626709,1.4320169687271118,1.3888897895812988,0.027624309392265192,0.06961325966850829
kvzap-predictor-trace-20260817T085505Z::builtin_retrieval_trace,kvzap-predictor-trace-20260817T085505Z,builtin_retrieval_trace,17,6,905,408,497,0.450828729281768,0.36036036036036034,-4.482924938201904,1.2222617864608765,1.1027106046676636,0.049723756906077346,0.112707182320442
kvzap-predictor-trace-20260817T085505Z::builtin_retrieval_trace,kvzap-predictor-trace-20260817T085505Z,builtin_retrieval_trace,17,7,905,129,776,0.1425414364640884,0.001287001287001287,-7.854040145874023,1.2091262340545654,3.856457233428955,0.0,0.0011049723756906078
kvzap-predictor-trace-20260817T085505Z::builtin_retrieval_trace,kvzap-predictor-trace-20260817T085505Z,builtin_retrieval_trace,18,0,905,131,774,0.14475138121546963,0.003861003861003861,-6.922824382781982,1.0582512617111206,2.930490255355835,0.0022099447513812156,0.008839779005524863
kvzap-predictor-trace-20260817T085505Z::builtin_retrieval_trace,kvzap-predictor-trace-20260817T085505Z,builtin_retrieval_trace,18,1,905,237,668,0.261878453038674,0.1402831402831403,-5.639416217803955,1.2772842645645142,1.8194924592971802,0.020994475138121547,0.05856353591160221
kvzap-predictor-trace-20260817T085505Z::builtin_retrieval_trace,kvzap-predictor-trace-20260817T085505Z,builtin_retrieval_trace,18,2,905,194,711,0.2143646408839779,0.08494208494208494,-6.2291436195373535,1.5317375659942627,2.304419994354248,0.02541436464088398,0.06850828729281767
kvzap-predictor-trace-20260817T085505Z::builtin_retrieval_trace,kvzap-predictor-trace-20260817T085505Z,builtin_retrieval_trace,18,3,905,569,336,0.6287292817679558,0.5675675675675675,-3.8660221099853516,1.1212515830993652,0.8935773372650146,0.0707182320441989,0.19116022099447513
kvzap-predictor-trace-20260817T085505Z::builtin_retrieval_trace,kvzap-predictor-trace-20260817T085505Z,builtin_retrieval_trace,18,4,905,292,613,0.32265193370165746,0.21106821106821108,-4.966954231262207,1.0565019845962524,1.2158493995666504,0.045303867403314914,0.11049723756906077
kvzap-predictor-trace-20260817T085505Z::builtin_retrieval_trace,kvzap-predictor-trace-20260817T085505Z,builtin_retrieval_trace,18,5,905,290,615,0.32044198895027626,0.2084942084942085,-5.1071391105651855,1.1215734481811523,1.3121287822723389,0.051933701657458566,0.11933701657458563
kvzap-predictor-trace-20260817T085505Z::builtin_retrieval_trace,kvzap-predictor-trace-20260817T085505Z,builtin_retrieval_trace,18,6,905,201,704,0.22209944751381216,0.09395109395109395,-6.0922651290893555,1.363093376159668,2.169337034225464,0.02541436464088398,0.06298342541436464
kvzap-predictor-trace-20260817T085505Z::builtin_retrieval_trace,kvzap-predictor-trace-20260817T085505Z,builtin_retrieval_trace,18,7,905,165,740,0.18232044198895028,0.047619047619047616,-6.498281955718994,1.3901431560516357,2.5314831733703613,0.01878453038674033,0.04419889502762431
kvzap-predictor-trace-20260817T085505Z::builtin_retrieval_trace,kvzap-predictor-trace-20260817T085505Z,builtin_retrieval_trace,19,0,905,179,726,0.19779005524861878,0.06563706563706563,-6.020597457885742,1.1992708444595337,2.0647616386413574,0.016574585635359115,0.057458563535911604
kvzap-predictor-trace-20260817T085505Z::builtin_retrieval_trace,kvzap-predictor-trace-20260817T085505Z,builtin_retrieval_trace,19,1,905,129,776,0.1425414364640884,0.001287001287001287,-8.056267738342285,1.0699493885040283,4.060238361358643,0.0,0.0011049723756906078
kvzap-predictor-trace-20260817T085505Z::builtin_retrieval_trace,kvzap-predictor-trace-20260817T085505Z,builtin_retrieval_trace,19,2,905,150,755,0.16574585635359115,0.028314028314028315,-6.9585981369018555,1.4588837623596191,2.98290753364563,0.008839779005524863,0.019889502762430938
kvzap-predictor-trace-20260817T085505Z::builtin_retrieval_trace,kvzap-predictor-trace-20260817T085505Z,builtin_retrieval_trace,19,3,905,338,567,0.3734806629834254,0.2702702702702703,-5.016963005065918,1.3412848711013794,1.3817248344421387,0.03867403314917127,0.12486187845303867
kvzap-predictor-trace-20260817T085505Z::builtin_retrieval_trace,kvzap-predictor-trace-20260817T085505Z,builtin_retrieval_trace,19,4,905,130,775,0.143646408839779,0.002574002574002574,-8.566471099853516,1.4497202634811401,4.5707526206970215,0.0,0.0022099447513812156
kvzap-predictor-trace-20260817T085505Z::builtin_retrieval_trace,kvzap-predictor-trace-20260817T085505Z,builtin_retrieval_trace,19,5,905,129,776,0.1425414364640884,0.001287001287001287,-7.186084270477295,0.8159398436546326,3.188915729522705,0.0,0.0
kvzap-predictor-trace-20260817T085505Z::builtin_retrieval_trace,kvzap-predictor-trace-20260817T085505Z,builtin_retrieval_trace,19,6,905,777,128,0.8585635359116022,0.8352638352638353,-3.076843023300171,1.0668766498565674,1.081444263458252,0.07624309392265194,0.19337016574585636
kvzap-predictor-trace-20260817T085505Z::builtin_retrieval_trace,kvzap-predictor-trace-20260817T085505Z,builtin_retrieval_trace,19,7,905,194,711,0.2143646408839779,0.08494208494208494,-6.6649169921875,1.691845178604126,2.7415056228637695,0.02541436464088398,0.051933701657458566
kvzap-predictor-trace-20260817T085505Z::builtin_retrieval_trace,kvzap-predictor-trace-20260817T085505Z,builtin_retrieval_trace,20,0,905,135,770,0.14917127071823205,0.009009009009009009,-7.185980796813965,1.3896386623382568,3.1918509006500244,0.0033149171270718232,0.0055248618784530384
kvzap-predictor-trace-20260817T085505Z::builtin_retrieval_trace,kvzap-predictor-trace-20260817T085505Z,builtin_retrieval_trace,20,1,905,258,647,0.2850828729281768,0.16731016731016732,-4.832769393920898,0.7421650886535645,0.9737223982810974,0.03535911602209945,0.11823204419889503
kvzap-predictor-trace-20260817T085505Z::builtin_retrieval_trace,kvzap-predictor-trace-20260817T085505Z,builtin_retrieval_trace,20,2,905,257,648,0.2839779005524862,0.16602316602316602,-5.449887752532959,1.194652795791626,1.572625994682312,0.04088397790055249,0.112707182320442
kvzap-predictor-trace-20260817T085505Z::builtin_retrieval_trace,kvzap-predictor-trace-20260817T085505Z,builtin_retrieval_trace,20,3,905,428,477,0.47292817679558014,0.3861003861003861,-4.379644393920898,1.086591124534607,0.938035249710083,0.06850828729281767,0.18121546961325966
kvzap-predictor-trace-20260817T085505Z::builtin_retrieval_trace,kvzap-predictor-trace-20260817T085505Z,builtin_retrieval_trace,20,4,905,442,463,0.48839779005524864,0.4041184041184041,-4.349430084228516,1.0055458545684814,0.8714951872825623,0.07292817679558011,0.16243093922651933
kvzap-predictor-trace-20260817T085505Z::builtin_retrieval_trace,kvzap-predictor-trace-20260817T085505Z,builtin_retrieval_trace,20,5,905,749,156,0.8276243093922652,0.7992277992277992,-2.9096858501434326,1.4345566034317017,1.6671788692474365,0.013259668508287293,0.030939226519337018
kvzap-predictor-trace-20260817T085505Z::builtin_retrieval_trace,kvzap-predictor-trace-20260817T085505Z,builtin_retrieval_trace,20,6,905,712,193,0.7867403314917127,0.7516087516087516,-3.314962387084961,1.3818590641021729,1.2583800554275513,0.055248618784530384,0.13149171270718232
kvzap-predictor-trace-20260817T085505Z::builtin_retrieval_trace,kvzap-predictor-trace-20260817T085505Z,builtin_retrieval_trace,20,7,905,662,243,0.7314917127071823,0.6872586872586872,-3.6011266708374023,1.2050871849060059,1.0684866905212402,0.04419889502762431,0.112707182320442
kvzap-predictor-trace-20260817T085505Z::builtin_retrieval_trace,kvzap-predictor-trace-20260817T085505Z,builtin_retrieval_trace,21,0,905,129,776,0.1425414364640884,0.001287001287001287,-7.41774845123291,0.8505769968032837,3.421339750289917,0.0,0.0011049723756906078
kvzap-predictor-trace-20260817T085505Z::builtin_retrieval_trace,kvzap-predictor-trace-20260817T085505Z,builtin_retrieval_trace,21,1,905,292,613,0.32265193370165746,0.21106821106821108,-5.053686141967773,1.0565855503082275,1.2936896085739136,0.03756906077348066,0.08839779005524862
kvzap-predictor-trace-20260817T085505Z::builtin_retrieval_trace,kvzap-predictor-trace-20260817T085505Z,builtin_retrieval_trace,21,2,905,587,318,0.6486187845303868,0.5907335907335908,-3.768275260925293,1.0626020431518555,0.880827009677887,0.0707182320441989,0.1878453038674033
kvzap-predictor-trace-20260817T085505Z::builtin_retrieval_trace,kvzap-predictor-trace-20260817T085505Z,builtin_retrieval_trace,21,3,905,131,774,0.14475138121546963,0.003861003861003861,-7.459219455718994,1.1225262880325317,3.464261054992676,0.0011049723756906078,0.0033149171270718232
kvzap-predictor-trace-20260817T085505Z::builtin_retrieval_trace,kvzap-predictor-trace-20260817T085505Z,builtin_retrieval_trace,21,4,905,288,617,0.318232044198895,0.2059202059202059,-4.904238700866699,1.010420560836792,1.116894006729126,0.05856353591160221,0.14917127071823205
kvzap-predictor-trace-20260817T085505Z::builtin_retrieval_trace,kvzap-predictor-trace-20260817T085505Z,builtin_retrieval_trace,21,5,905,444,461,0.49060773480662984,0.4066924066924067,-4.469250679016113,1.3562524318695068,1.1837879419326782,0.039779005524861875,0.12486187845303867
kvzap-predictor-trace-20260817T085505Z::builtin_retrieval_trace,kvzap-predictor-trace-20260817T085505Z,builtin_retrieval_trace,21,6,905,224,681,0.24751381215469614,0.12355212355212356,-5.754825592041016,1.2756739854812622,1.8701744079589844,0.028729281767955802,0.06961325966850829
kvzap-predictor-trace-20260817T085505Z::builtin_retrieval_trace,kvzap-predictor-trace-20260817T085505Z,builtin_retrieval_trace,21,7,905,296,609,0.3270718232044199,0.21621621621621623,-4.937870979309082,1.0726574659347534,1.2116453647613525,0.03756906077348066,0.10939226519337017
kvzap-predictor-trace-20260817T085505Z::builtin_retrieval_trace,kvzap-predictor-trace-20260817T085505Z,builtin_retrieval_trace,22,0,905,138,767,0.15248618784530388,0.01287001287001287,-6.435108661651611,1.048352837562561,2.450802803039551,0.004419889502762431,0.012154696132596685
kvzap-predictor-trace-20260817T085505Z::builtin_retrieval_trace,kvzap-predictor-trace-20260817T085505Z,builtin_retrieval_trace,22,1,905,287,618,0.31712707182320443,0.20463320463320464,-4.987707138061523,1.0465816259384155,1.2100828886032104,0.05082872928176796,0.11602209944751381
kvzap-predictor-trace-20260817T085505Z::builtin_retrieval_trace,kvzap-predictor-trace-20260817T085505Z,builtin_retrieval_trace,22,2,905,131,774,0.14475138121546963,0.003861003861003861,-6.890590667724609,1.0149521827697754,2.8953211307525635,0.0011049723756906078,0.004419889502762431
kvzap-predictor-trace-20260817T085505Z::builtin_retrieval_trace,kvzap-predictor-trace-20260817T085505Z,builtin_retrieval_trace,22,3,905,130,775,0.143646408839779,0.002574002574002574,-6.866971492767334,0.7914435267448425,2.872116804122925,0.0011049723756906078,0.0022099447513812156
kvzap-predictor-trace-20260817T085505Z::builtin_retrieval_trace,kvzap-predictor-trace-20260817T085505Z,builtin_retrieval_trace,22,4,905,129,776,0.1425414364640884,0.001287001287001287,-7.39249849319458,0.9947588443756104,3.3974878787994385,0.0,0.0011049723756906078
kvzap-predictor-trace-20260817T085505Z::builtin_retrieval_trace,kvzap-predictor-trace-20260817T085505Z,builtin_retrieval_trace,22,5,905,828,77,0.9149171270718232,0.9009009009009009,-3.03831148147583,0.9805466532707214,1.0605144500732422,0.06408839779005525,0.18011049723756906
kvzap-predictor-trace-20260817T085505Z::builtin_retrieval_trace,kvzap-predictor-trace-20260817T085505Z,builtin_retrieval_trace,22,6,905,129,776,0.1425414364640884,0.001287001287001287,-8.370943069458008,0.8532025218009949,4.37622594833374,0.0,0.0
kvzap-predictor-trace-20260817T085505Z::builtin_retrieval_trace,kvzap-predictor-trace-20260817T085505Z,builtin_retrieval_trace,22,7,905,130,775,0.143646408839779,0.002574002574002574,-7.657881736755371,1.2462565898895264,3.6633200645446777,0.0,0.0
kvzap-predictor-trace-20260817T085505Z::builtin_retrieval_trace,kvzap-predictor-trace-20260817T085505Z,builtin_retrieval_trace,23,0,905,130,775,0.143646408839779,0.002574002574002574,-7.886576175689697,1.2872679233551025,3.893188953399658,0.0022099447513812156,0.0066298342541436465
kvzap-predictor-trace-20260817T085505Z::builtin_retrieval_trace,kvzap-predictor-trace-20260817T085505Z,builtin_retrieval_trace,23,1,905,789,116,0.8718232044198895,0.8507078507078507,-3.0535695552825928,1.100913166999817,1.276955246925354,0.027624309392265192,0.057458563535911604
kvzap-predictor-trace-20260817T085505Z::builtin_retrieval_trace,kvzap-predictor-trace-20260817T085505Z,builtin_retrieval_trace,23,2,905,281,624,0.3104972375690608,0.1969111969111969,-5.159871578216553,1.26224684715271,1.493996024131775,0.028729281767955802,0.061878453038674036
kvzap-predictor-trace-20260817T085505Z::builtin_retrieval_trace,kvzap-predictor-trace-20260817T085505Z,builtin_retrieval_trace,23,3,905,244,661,0.2696132596685083,0.1492921492921493,-5.356672763824463,1.0895265340805054,1.473713755607605,0.03867403314917127,0.11712707182320442
kvzap-predictor-trace-20260817T085505Z::builtin_retrieval_trace,kvzap-predictor-trace-20260817T085505Z,builtin_retrieval_trace,23,4,905,129,776,0.1425414364640884,0.001287001287001287,-8.146417617797852,1.0625059604644775,4.1512346267700195,0.0,0.0
kvzap-predictor-trace-20260817T085505Z::builtin_retrieval_trace,kvzap-predictor-trace-20260817T085505Z,builtin_retrieval_trace,23,5,905,402,503,0.44419889502762433,0.35263835263835264,-4.666677951812744,1.2557088136672974,1.1291781663894653,0.056353591160221,0.143646408839779
kvzap-predictor-trace-20260817T085505Z::builtin_retrieval_trace,kvzap-predictor-trace-20260817T085505Z,builtin_retrieval_trace,23,6,905,129,776,0.1425414364640884,0.001287001287001287,-7.514779090881348,0.7901103496551514,3.518646478652954,0.0,0.0
kvzap-predictor-trace-20260817T085505Z::builtin_retrieval_trace,kvzap-predictor-trace-20260817T085505Z,builtin_retrieval_trace,23,7,905,468,437,0.5171270718232044,0.4375804375804376,-4.295562744140625,1.073021650314331,0.8893128633499146,0.07845303867403315,0.19889502762430938
kvzap-predictor-trace-20260817T085505Z::builtin_retrieval_trace,kvzap-predictor-trace-20260817T085505Z,builtin_retrieval_trace,24,0,905,176,729,0.19447513812154696,0.06177606177606178,-6.035946369171143,1.1213912963867188,2.102037191390991,0.019889502762430938,0.039779005524861875
kvzap-predictor-trace-20260817T085505Z::builtin_retrieval_trace,kvzap-predictor-trace-20260817T085505Z,builtin_retrieval_trace,24,1,905,650,255,0.7182320441988951,0.6718146718146718,-3.7377848625183105,0.9359181523323059,0.7954333424568176,0.05856353591160221,0.18342541436464088
kvzap-predictor-trace-20260817T085505Z::builtin_retrieval_trace,kvzap-predictor-trace-20260817T085505Z,builtin_retrieval_trace,24,2,905,381,524,0.42099447513812155,0.3256113256113256,-4.600543975830078,1.118481159210205,1.0225224494934082,0.06961325966850829,0.17016574585635358
kvzap-predictor-trace-20260817T085505Z::builtin_retrieval_trace,kvzap-predictor-trace-20260817T085505Z,builtin_retrieval_trace,24,3,905,347,558,0.3834254143646409,0.28185328185328185,-4.605671405792236,0.9336782693862915,0.9081405401229858,0.0718232044198895,0.16022099447513813
kvzap-predictor-trace-20260817T085505Z::builtin_retrieval_trace,kvzap-predictor-trace-20260817T085505Z,builtin_retrieval_trace,24,4,905,142,763,0.1569060773480663,0.018018018018018018,-7.211662769317627,1.613559603691101,3.223005771636963,0.009944751381215469,0.020994475138121547
kvzap-predictor-trace-20260817T085505Z::builtin_retrieval_trace,kvzap-predictor-trace-20260817T085505Z,builtin_retrieval_trace,24,5,905,811,94,0.8961325966850828,0.879021879021879,-2.293046474456787,1.2988113164901733,2.0442464351654053,0.0077348066298342545,0.02541436464088398
kvzap-predictor-trace-20260817T085505Z::builtin_retrieval_trace,kvzap-predictor-trace-20260817T085505Z,builtin_retrieval_trace,24,6,905,144,761,0.1591160220994475,0.02059202059202059,-7.093672275543213,1.1730397939682007,3.1156508922576904,0.011049723756906077,0.017679558011049725
kvzap-predictor-trace-20260817T085505Z::builtin_retrieval_trace,kvzap-predictor-trace-20260817T085505Z,builtin_retrieval_trace,24,7,905,576,329,0.63646408839779,0.5765765765765766,-4.098268985748291,1.2266966104507446,1.0069794654846191,0.06408839779005525,0.1425414364640884
kvzap-predictor-trace-20260817T085505Z::builtin_retrieval_trace,kvzap-predictor-trace-20260817T085505Z,builtin_retrieval_trace,25,0,905,131,774,0.14475138121546963,0.003861003861003861,-9.198704719543457,1.3380383253097534,5.205024242401123,0.0011049723756906078,0.0011049723756906078
kvzap-predictor-trace-20260817T085505Z::builtin_retrieval_trace,kvzap-predictor-trace-20260817T085505Z,builtin_retrieval_trace,25,1,905,306,599,0.33812154696132596,0.22908622908622908,-4.910186290740967,1.1200283765792847,1.1871201992034912,0.04640883977900553,0.11823204419889503
kvzap-predictor-trace-20260817T085505Z::builtin_retrieval_trace,kvzap-predictor-trace-20260817T085505Z,builtin_retrieval_trace,25,2,905,190,715,0.20994475138121546,0.07979407979407979,-5.9688191413879395,1.2935543060302734,2.041954517364502,0.02430939226519337,0.055248618784530384
kvzap-predictor-trace-20260817T085505Z::builtin_retrieval_trace,kvzap-predictor-trace-20260817T085505Z,builtin_retrieval_trace,25,3,905,134,771,0.14806629834254142,0.007722007722007722,-7.193413257598877,1.060878038406372,3.201200008392334,0.0066298342541436465,0.011049723756906077
kvzap-predictor-trace-20260817T085505Z::builtin_retrieval_trace,kvzap-predictor-trace-20260817T085505Z,builtin_retrieval_trace,25,4,905,129,776,0.1425414364640884,0.001287001287001287,-8.271995544433594,1.0641695261001587,4.277244567871094,0.0,0.0
kvzap-predictor-trace-20260817T085505Z::builtin_retrieval_trace,kvzap-predictor-trace-20260817T085505Z,builtin_retrieval_trace,25,5,905,130,775,0.143646408839779,0.002574002574002574,-8.293732643127441,1.3903361558914185,4.2986016273498535,0.0,0.0011049723756906078
kvzap-predictor-trace-20260817T085505Z::builtin_retrieval_trace,kvzap-predictor-trace-20260817T085505Z,builtin_retrieval_trace,25,6,905,134,771,0.14806629834254142,0.007722007722007722,-7.352650165557861,1.4431674480438232,3.3620598316192627,0.0033149171270718232,0.0055248618784530384
kvzap-predictor-trace-20260817T085505Z::builtin_retrieval_trace,kvzap-predictor-trace-20260817T085505Z,builtin_retrieval_trace,25,7,905,513,392,0.5668508287292817,0.4954954954954955,-4.140719890594482,1.2137298583984375,0.9746115207672119,0.08176795580110498,0.19116022099447513
kvzap-predictor-trace-20260817T085505Z::builtin_retrieval_trace,kvzap-predictor-trace-20260817T085505Z,builtin_retrieval_trace,26,0,905,130,775,0.143646408839779,0.002574002574002574,-7.519181728363037,1.319708228111267,3.5234978199005127,0.0,0.0033149171270718232
kvzap-predictor-trace-20260817T085505Z::builtin_retrieval_trace,kvzap-predictor-trace-20260817T085505Z,builtin_retrieval_trace,26,1,905,194,711,0.2143646408839779,0.08494208494208494,-6.112517356872559,1.2165474891662598,2.1999826431274414,0.017679558011049725,0.04640883977900553
kvzap-predictor-trace-20260817T085505Z::builtin_retrieval_trace,kvzap-predictor-trace-20260817T085505Z,builtin_retrieval_trace,26,2,905,129,776,0.1425414364640884,0.001287001287001287,-8.590296745300293,0.8343604207038879,4.593197345733643,0.0,0.0
kvzap-predictor-trace-20260817T085505Z::builtin_retrieval_trace,kvzap-predictor-trace-20260817T085505Z,builtin_retrieval_trace,26,3,905,356,549,0.39337016574585637,0.29343629343629346,-4.915806293487549,1.4471988677978516,1.4332268238067627,0.032044198895027624,0.09281767955801105
kvzap-predictor-trace-20260817T085505Z::builtin_retrieval_trace,kvzap-predictor-trace-20260817T085505Z,builtin_retrieval_trace,26,4,905,230,675,0.2541436464088398,0.13127413127413126,-5.285644054412842,1.1169536113739014,1.427201271057129,0.036464088397790057,0.0861878453038674
kvzap-predictor-trace-20260817T085505Z::builtin_retrieval_trace,kvzap-predictor-trace-20260817T085505Z,builtin_retrieval_trace,26,5,905,135,770,0.14917127071823205,0.009009009009009009,-7.444993019104004,1.2470729351043701,3.455559492111206,0.0033149171270718232,0.0055248618784530384
kvzap-predictor-trace-20260817T085505Z::builtin_retrieval_trace,kvzap-predictor-trace-20260817T085505Z,builtin_retrieval_trace,26,6,905,274,631,0.3027624309392265,0.1879021879021879,-4.9368181228637695,0.9566113352775574,1.1245770454406738,0.032044198895027624,0.10497237569060773
kvzap-predictor-trace-20260817T085505Z::builtin_retrieval_trace,kvzap-predictor-trace-20260817T085505Z,builtin_retrieval_trace,26,7,905,203,702,0.22430939226519336,0.09652509652509653,-5.778686046600342,1.2360014915466309,1.8725569248199463,0.015469613259668509,0.045303867403314914
kvzap-predictor-trace-20260817T085505Z::builtin_retrieval_trace,kvzap-predictor-trace-20260817T085505Z,builtin_retrieval_trace,27,0,905,129,776,0.1425414364640884,0.001287001287001287,-9.977840423583984,0.8305442929267883,5.983071327209473,0.0,0.0
kvzap-predictor-trace-20260817T085505Z::builtin_retrieval_trace,kvzap-predictor-trace-20260817T085505Z,builtin_retrieval_trace,27,1,905,129,776,0.1425414364640884,0.001287001287001287,-7.99716854095459,1.2834746837615967,4.002969741821289,0.0,0.0
kvzap-predictor-trace-20260817T085505Z::builtin_retrieval_trace,kvzap-predictor-trace-20260817T085505Z,builtin_retrieval_trace,27,2,905,130,775,0.143646408839779,0.002574002574002574,-8.104937553405762,1.2683244943618774,4.11067008972168,0.0011049723756906078,0.0022099447513812156
kvzap-predictor-trace-20260817T085505Z::builtin_retrieval_trace,kvzap-predictor-trace-20260817T085505Z,builtin_retrieval_trace,27,3,905,237,668,0.261878453038674,0.1402831402831403,-5.000319480895996,0.8403860330581665,1.1070010662078857,0.04751381215469613,0.10607734806629834
kvzap-predictor-trace-20260817T085505Z::builtin_retrieval_trace,kvzap-predictor-trace-20260817T085505Z,builtin_retrieval_trace,27,4,905,219,686,0.2419889502762431,0.11711711711711711,-5.573774337768555,1.1453438997268677,1.6987396478652954,0.02430939226519337,0.06850828729281767
kvzap-predictor-trace-20260817T085505Z::builtin_retrieval_trace,kvzap-predictor-trace-20260817T085505Z,builtin_retrieval_trace,27,5,905,132,773,0.14585635359116023,0.005148005148005148,-8.41282844543457,1.3882429599761963,4.422600269317627,0.0,0.0
kvzap-predictor-trace-20260817T085505Z::builtin_retrieval_trace,kvzap-predictor-trace-20260817T085505Z,builtin_retrieval_trace,27,6,905,221,684,0.24419889502762432,0.11969111969111969,-5.739804744720459,1.3198298215866089,1.899559736251831,0.020994475138121547,0.061878453038674036
kvzap-predictor-trace-20260817T085505Z::builtin_retrieval_trace,kvzap-predictor-trace-20260817T085505Z,builtin_retrieval_trace,27,7,905,147,758,0.16243093922651933,0.02445302445302445,-7.315927028656006,1.5732395648956299,3.3375258445739746,0.0033149171270718232,0.016574585635359115
kvzap-predictor-trace-20260817T085505Z::builtin_retrieval_trace,kvzap-predictor-trace-20260817T085505Z,builtin_retrieval_trace,28,0,905,415,490,0.4585635359116022,0.36936936936936937,-4.520252227783203,1.3560858964920044,1.1779522895812988,0.055248618784530384,0.13812154696132597
kvzap-predictor-trace-20260817T085505Z::builtin_retrieval_trace,kvzap-predictor-trace-20260817T085505Z,builtin_retrieval_trace,28,1,905,129,776,0.1425414364640884,0.001287001287001287,-8.124740600585938,1.1831331253051758,4.129540920257568,0.0,0.0
kvzap-predictor-trace-20260817T085505Z::builtin_retrieval_trace,kvzap-predictor-trace-20260817T085505Z,builtin_retrieval_trace,28,2,905,223,682,0.24640883977900552,0.12226512226512226,-5.680291652679443,1.3803662061691284,1.8251639604568481,0.028729281767955802,0.07403314917127071
kvzap-predictor-trace-20260817T085505Z::builtin_retrieval_trace,kvzap-predictor-trace-20260817T085505Z,builtin_retrieval_trace,28,3,905,262,643,0.28950276243093925,0.17245817245817247,-5.9845476150512695,1.8607873916625977,2.284306049346924,0.020994475138121547,0.05414364640883978
kvzap-predictor-trace-20260817T085505Z::builtin_retrieval_trace,kvzap-predictor-trace-20260817T085505Z,builtin_retrieval_trace,28,4,905,181,724,0.2,0.0682110682110682,-5.911317348480225,1.1366970539093018,1.97376549243927,0.017679558011049725,0.04751381215469613
kvzap-predictor-trace-20260817T085505Z::builtin_retrieval_trace,kvzap-predictor-trace-20260817T085505Z,builtin_retrieval_trace,28,5,905,479,426,0.5292817679558011,0.4517374517374517,-4.135509967803955,1.2288875579833984,1.0131776332855225,0.05966850828729282,0.14585635359116023
kvzap-predictor-trace-20260817T085505Z::builtin_retrieval_trace,kvzap-predictor-trace-20260817T085505Z,builtin_retrieval_trace,28,6,905,129,776,0.1425414364640884,0.001287001287001287,-8.552433967590332,0.7293117642402649,4.556543350219727,0.0,0.0
kvzap-predictor-trace-20260817T085505Z::builtin_retrieval_trace,kvzap-predictor-trace-20260817T085505Z,builtin_retrieval_trace,28,7,905,129,776,0.1425414364640884,0.001287001287001287,-8.67429256439209,1.210444450378418,4.681025505065918,0.0,0.0
kvzap-predictor-trace-20260817T085505Z::builtin_retrieval_trace,kvzap-predictor-trace-20260817T085505Z,builtin_retrieval_trace,29,0,905,282,623,0.3116022099447514,0.1981981981981982,-5.3468403816223145,1.5252548456192017,1.6959081888198853,0.04088397790055249,0.07845303867403315
kvzap-predictor-trace-20260817T085505Z::builtin_retrieval_trace,kvzap-predictor-trace-20260817T085505Z,builtin_retrieval_trace,29,1,905,266,639,0.29392265193370165,0.1776061776061776,-5.322807312011719,1.2528247833251953,1.5867230892181396,0.03535911602209945,0.0707182320441989
kvzap-predictor-trace-20260817T085505Z::builtin_retrieval_trace,kvzap-predictor-trace-20260817T085505Z,builtin_retrieval_trace,29,2,905,664,241,0.7337016574585635,0.6898326898326899,-3.6203341484069824,1.5951735973358154,1.2455499172210693,0.06519337016574586,0.1867403314917127
kvzap-predictor-trace-20260817T085505Z::builtin_retrieval_trace,kvzap-predictor-trace-20260817T085505Z,builtin_retrieval_trace,29,3,905,751,154,0.8298342541436464,0.8018018018018018,-3.4268603324890137,1.2038086652755737,1.0769380331039429,0.05414364640883978,0.14585635359116023
kvzap-predictor-trace-20260817T085505Z::builtin_retrieval_trace,kvzap-predictor-trace-20260817T085505Z,builtin_retrieval_trace,29,4,905,133,772,0.14696132596685083,0.006435006435006435,-7.552209854125977,1.2493523359298706,3.5558700561523438,0.004419889502762431,0.011049723756906077
kvzap-predictor-trace-20260817T085505Z::builtin_retrieval_trace,kvzap-predictor-trace-20260817T085505Z,builtin_retrieval_trace,29,5,905,129,776,0.1425414364640884,0.001287001287001287,-9.430248260498047,0.81712406873703,5.433218002319336,0.0,0.0
kvzap-predictor-trace-20260817T085505Z::builtin_retrieval_trace,kvzap-predictor-trace-20260817T085505Z,builtin_retrieval_trace,29,6,905,161,744,0.17790055248618786,0.04247104247104247,-7.307916164398193,1.8346658945083618,3.361697196960449,0.008839779005524863,0.022099447513812154
kvzap-predictor-trace-20260817T085505Z::builtin_retrieval_trace,kvzap-predictor-trace-20260817T085505Z,builtin_retrieval_trace,29,7,905,129,776,0.1425414364640884,0.001287001287001287,-9.757458686828613,1.128663182258606,5.761256694793701,0.0,0.0
kvzap-predictor-trace-20260817T085505Z::builtin_retrieval_trace,kvzap-predictor-trace-20260817T085505Z,builtin_retrieval_trace,30,0,905,129,776,0.1425414364640884,0.001287001287001287,-8.557889938354492,1.2644590139389038,4.561861038208008,0.0,0.0011049723756906078
kvzap-predictor-trace-20260817T085505Z::builtin_retrieval_trace,kvzap-predictor-trace-20260817T085505Z,builtin_retrieval_trace,30,1,905,485,420,0.5359116022099447,0.4594594594594595,-4.331034183502197,1.232987642288208,1.0280818939208984,0.05856353591160221,0.14806629834254142
kvzap-predictor-trace-20260817T085505Z::builtin_retrieval_trace,kvzap-predictor-trace-20260817T085505Z,builtin_retrieval_trace,30,2,905,247,658,0.2729281767955801,0.15315315315315314,-6.103848934173584,1.8152337074279785,2.3162477016448975,0.020994475138121547,0.06408839779005525
kvzap-predictor-trace-20260817T085505Z::builtin_retrieval_trace,kvzap-predictor-trace-20260817T085505Z,builtin_retrieval_trace,30,3,905,129,776,0.1425414364640884,0.001287001287001287,-9.720096588134766,1.3232929706573486,5.72437858581543,0.0,0.0
kvzap-predictor-trace-20260817T085505Z::builtin_retrieval_trace,kvzap-predictor-trace-20260817T085505Z,builtin_retrieval_trace,30,4,905,134,771,0.14806629834254142,0.007722007722007722,-8.421114921569824,1.5725752115249634,4.432061672210693,0.0,0.0033149171270718232
kvzap-predictor-trace-20260817T085505Z::builtin_retrieval_trace,kvzap-predictor-trace-20260817T085505Z,builtin_retrieval_trace,30,5,905,129,776,0.1425414364640884,0.001287001287001287,-9.983667373657227,1.2976292371749878,5.987603664398193,0.0,0.0
kvzap-predictor-trace-20260817T085505Z::builtin_retrieval_trace,kvzap-predictor-trace-20260817T085505Z,builtin_retrieval_trace,30,6,905,274,631,0.3027624309392265,0.1879021879021879,-5.823753356933594,1.7851821184158325,2.1408185958862305,0.032044198895027624,0.08176795580110498
kvzap-predictor-trace-20260817T085505Z::builtin_retrieval_trace,kvzap-predictor-trace-20260817T085505Z,builtin_retrieval_trace,30,7,905,129,776,0.1425414364640884,0.001287001287001287,-9.620027542114258,1.212977647781372,5.624032974243164,0.0,0.0
kvzap-predictor-trace-20260817T085505Z::builtin_retrieval_trace,kvzap-predictor-trace-20260817T085505Z,builtin_retrieval_trace,31,0,905,131,774,0.14475138121546963,0.003861003861003861,-8.858054161071777,1.5623983144760132,4.8643903732299805,0.0022099447513812156,0.0022099447513812156
kvzap-predictor-trace-20260817T085505Z::builtin_retrieval_trace,kvzap-predictor-trace-20260817T085505Z,builtin_retrieval_trace,31,1,905,287,618,0.31712707182320443,0.20463320463320464,-5.5155863761901855,1.604074239730835,1.8351044654846191,0.03756906077348066,0.08839779005524862
kvzap-predictor-trace-20260817T085505Z::builtin_retrieval_trace,kvzap-predictor-trace-20260817T085505Z,builtin_retrieval_trace,31,2,905,130,775,0.143646408839779,0.002574002574002574,-6.573817253112793,0.82230544090271,2.580188274383545,0.0011049723756906078,0.0011049723756906078
kvzap-predictor-trace-20260817T085505Z::builtin_retrieval_trace,kvzap-predictor-trace-20260817T085505Z,builtin_retrieval_trace,31,3,905,204,701,0.225414364640884,0.0978120978120978,-6.435967922210693,1.8384889364242554,2.620662212371826,0.012154696132596685,0.0430939226519337
kvzap-predictor-trace-20260817T085505Z::builtin_retrieval_trace,kvzap-predictor-trace-20260817T085505Z,builtin_retrieval_trace,31,4,905,129,776,0.1425414364640884,0.001287001287001287,-8.929618835449219,0.7957544922828674,4.9341936111450195,0.0,0.0
kvzap-predictor-trace-20260817T085505Z::builtin_retrieval_trace,kvzap-predictor-trace-20260817T085505Z,builtin_retrieval_trace,31,5,905,154,751,0.17016574585635358,0.03346203346203346,-7.519224643707275,1.710268497467041,3.5713138580322266,0.0022099447513812156,0.012154696132596685
kvzap-predictor-trace-20260817T085505Z::builtin_retrieval_trace,kvzap-predictor-trace-20260817T085505Z,builtin_retrieval_trace,31,6,905,129,776,0.1425414364640884,0.001287001287001287,-8.511723518371582,0.8628002405166626,4.516177654266357,0.0,0.0
kvzap-predictor-trace-20260817T085505Z::builtin_retrieval_trace,kvzap-predictor-trace-20260817T085505Z,builtin_retrieval_trace,31,7,905,427,478,0.4718232044198895,0.38481338481338484,-4.605913162231445,1.6888059377670288,1.488147497177124,0.02983425414364641,0.08176795580110498
kvzap-predictor-trace-20260817T085505Z::builtin_retrieval_trace,kvzap-predictor-trace-20260817T085505Z,builtin_retrieval_trace,32,0,905,303,602,0.33480662983425413,0.22522522522522523,-5.563374042510986,1.7918189764022827,1.9750927686691284,0.02541436464088398,0.056353591160221
kvzap-predictor-trace-20260817T085505Z::builtin_retrieval_trace,kvzap-predictor-trace-20260817T085505Z,builtin_retrieval_trace,32,1,905,254,651,0.28066298342541435,0.16216216216216217,-5.972772598266602,1.915129542350769,2.2603073120117188,0.027624309392265192,0.0707182320441989
kvzap-predictor-trace-20260817T085505Z::builtin_retrieval_trace,kvzap-predictor-trace-20260817T085505Z,builtin_retrieval_trace,32,2,905,231,674,0.25524861878453037,0.13256113256113256,-5.812288284301758,1.4368880987167358,2.0281810760498047,0.02430939226519337,0.06850828729281767
kvzap-predictor-trace-20260817T085505Z::builtin_retrieval_trace,kvzap-predictor-trace-20260817T085505Z,builtin_retrieval_trace,32,3,905,129,776,0.1425414364640884,0.001287001287001287,-7.2428693771362305,0.6519120931625366,3.2462880611419678,0.0,0.0
kvzap-predictor-trace-20260817T085505Z::builtin_retrieval_trace,kvzap-predictor-trace-20260817T085505Z,builtin_retrieval_trace,32,4,905,129,776,0.1425414364640884,0.001287001287001287,-9.402261734008789,1.0516993999481201,5.405956268310547,0.0,0.0
kvzap-predictor-trace-20260817T085505Z::builtin_retrieval_trace,kvzap-predictor-trace-20260817T085505Z,builtin_retrieval_trace,32,5,905,129,776,0.1425414364640884,0.001287001287001287,-10.178021430969238,1.0636013746261597,6.181992530822754,0.0,0.0
kvzap-predictor-trace-20260817T085505Z::builtin_retrieval_trace,kvzap-predictor-trace-20260817T085505Z,builtin_retrieval_trace,32,6,905,129,776,0.1425414364640884,0.001287001287001287,-8.64649486541748,0.6879652738571167,4.649844646453857,0.0,0.0
kvzap-predictor-trace-20260817T085505Z::builtin_retrieval_trace,kvzap-predictor-trace-20260817T085505Z,builtin_retrieval_trace,32,7,905,129,776,0.1425414364640884,0.001287001287001287,-8.118456840515137,0.6505785584449768,4.123117923736572,0.0,0.0
kvzap-predictor-trace-20260817T085505Z::builtin_retrieval_trace,kvzap-predictor-trace-20260817T085505Z,builtin_retrieval_trace,33,0,905,132,773,0.14585635359116023,0.005148005148005148,-9.069682121276855,1.5302892923355103,5.076105117797852,0.0022099447513812156,0.0022099447513812156
kvzap-predictor-trace-20260817T085505Z::builtin_retrieval_trace,kvzap-predictor-trace-20260817T085505Z,builtin_retrieval_trace,33,1,905,207,698,0.2287292817679558,0.10167310167310167,-5.358701705932617,0.9178728461265564,1.4270718097686768,0.026519337016574586,0.08839779005524862
kvzap-predictor-trace-20260817T085505Z::builtin_retrieval_trace,kvzap-predictor-trace-20260817T085505Z,builtin_retrieval_trace,33,2,905,330,575,0.36464088397790057,0.25997425997426,-5.358865737915039,1.7845771312713623,1.8704851865768433,0.03867403314917127,0.08839779005524862
kvzap-predictor-trace-20260817T085505Z::builtin_retrieval_trace,kvzap-predictor-trace-20260817T085505Z,builtin_retrieval_trace,33,3,905,267,638,0.2950276243093923,0.1788931788931789,-5.670536994934082,1.5717157125473022,1.95100998878479,0.02541436464088398,0.06961325966850829
kvzap-predictor-trace-20260817T085505Z::builtin_retrieval_trace,kvzap-predictor-trace-20260817T085505Z,builtin_retrieval_trace,33,4,905,320,585,0.35359116022099446,0.2471042471042471,-5.297013282775879,1.6217057704925537,1.7430421113967896,0.03535911602209945,0.07734806629834254
kvzap-predictor-trace-20260817T085505Z::builtin_retrieval_trace,kvzap-predictor-trace-20260817T085505Z,builtin_retrieval_trace,33,5,905,175,730,0.19337016574585636,0.06048906048906049,-6.601847171783447,1.4582756757736206,2.6807494163513184,0.009944751381215469,0.03314917127071823
kvzap-predictor-trace-20260817T085505Z::builtin_retrieval_trace,kvzap-predictor-trace-20260817T085505Z,builtin_retrieval_trace,33,6,905,129,776,0.1425414364640884,0.001287001287001287,-8.384547233581543,0.876815140247345,4.388449668884277,0.0,0.0011049723756906078
kvzap-predictor-trace-20260817T085505Z::builtin_retrieval_trace,kvzap-predictor-trace-20260817T085505Z,builtin_retrieval_trace,33,7,905,584,321,0.6453038674033149,0.5868725868725869,-3.7609806060791016,1.4513822793960571,1.1757596731185913,0.07292817679558011,0.1591160220994475
kvzap-predictor-trace-20260817T085505Z::builtin_retrieval_trace,kvzap-predictor-trace-20260817T085505Z,builtin_retrieval_trace,34,0,905,319,586,0.3524861878453039,0.24581724581724582,-5.130274295806885,1.4452612400054932,1.5201398134231567,0.030939226519337018,0.09944751381215469
kvzap-predictor-trace-20260817T085505Z::builtin_retrieval_trace,kvzap-predictor-trace-20260817T085505Z,builtin_retrieval_trace,34,1,905,241,664,0.2662983425414365,0.14543114543114544,-5.550699234008789,1.214584469795227,1.701786994934082,0.03867403314917127,0.07734806629834254
kvzap-predictor-trace-20260817T085505Z::builtin_retrieval_trace,kvzap-predictor-trace-20260817T085505Z,builtin_retrieval_trace,34,2,905,129,776,0.1425414364640884,0.001287001287001287,-8.620433807373047,1.1476362943649292,4.625906467437744,0.0,0.0
kvzap-predictor-trace-20260817T085505Z::builtin_retrieval_trace,kvzap-predictor-trace-20260817T085505Z,builtin_retrieval_trace,34,3,905,129,776,0.1425414364640884,0.001287001287001287,-6.8439226150512695,0.44932347536087036,2.8493094444274902,0.0,0.0
kvzap-predictor-trace-20260817T085505Z::builtin_retrieval_trace,kvzap-predictor-trace-20260817T085505Z,builtin_retrieval_trace,34,4,905,172,733,0.19005524861878453,0.05662805662805663,-5.526691913604736,0.8836232423782349,1.569923996925354,0.014364640883977901,0.049723756906077346
kvzap-predictor-trace-20260817T085505Z::builtin_retrieval_trace,kvzap-predictor-trace-20260817T085505Z,builtin_retrieval_trace,34,5,905,133,772,0.14696132596685083,0.006435006435006435,-6.2552313804626465,0.7198166251182556,2.2663156986236572,0.0011049723756906078,0.0066298342541436465
kvzap-predictor-trace-20260817T085505Z::builtin_retrieval_trace,kvzap-predictor-trace-20260817T085505Z,builtin_retrieval_trace,34,6,905,129,776,0.1425414364640884,0.001287001287001287,-9.565382957458496,1.2333952188491821,5.571149826049805,0.0,0.0
kvzap-predictor-trace-20260817T085505Z::builtin_retrieval_trace,kvzap-predictor-trace-20260817T085505Z,builtin_retrieval_trace,34,7,905,717,188,0.7922651933701658,0.758043758043758,-3.591764450073242,0.9736358523368835,0.9004316329956055,0.039779005524861875,0.112707182320442
kvzap-predictor-trace-20260817T085505Z::builtin_retrieval_trace,kvzap-predictor-trace-20260817T085505Z,builtin_retrieval_trace,35,0,905,129,776,0.1425414364640884,0.001287001287001287,-8.104456901550293,0.6451416611671448,4.114051818847656,0.0,0.0
kvzap-predictor-trace-20260817T085505Z::builtin_retrieval_trace,kvzap-predictor-trace-20260817T085505Z,builtin_retrieval_trace,35,1,905,129,776,0.1425414364640884,0.001287001287001287,-8.746460914611816,0.8303647637367249,4.759202480316162,0.0,0.0
kvzap-predictor-trace-20260817T085505Z::builtin_retrieval_trace,kvzap-predictor-trace-20260817T085505Z,builtin_retrieval_trace,35,2,905,154,751,0.17016574585635358,0.03346203346203346,-6.839157581329346,1.270758867263794,2.8901243209838867,0.009944751381215469,0.019889502762430938
kvzap-predictor-trace-20260817T085505Z::builtin_retrieval_trace,kvzap-predictor-trace-20260817T085505Z,builtin_retrieval_trace,35,3,905,129,776,0.1425414364640884,0.001287001287001287,-7.5644683837890625,0.9144386053085327,3.5644681453704834,0.0011049723756906078,0.0011049723756906078
kvzap-predictor-trace-20260817T085505Z::builtin_retrieval_trace,kvzap-predictor-trace-20260817T085505Z,builtin_retrieval_trace,35,4,905,138,767,0.15248618784530388,0.01287001287001287,-6.942032337188721,0.9322131872177124,2.955826997756958,0.004419889502762431,0.0077348066298342545
kvzap-predictor-trace-20260817T085505Z::builtin_retrieval_trace,kvzap-predictor-trace-20260817T085505Z,builtin_retrieval_trace,35,5,905,171,734,0.18895027624309393,0.055341055341055344,-6.165581703186035,1.3198175430297852,2.217705488204956,0.015469613259668509,0.041988950276243095
kvzap-predictor-trace-20260817T085505Z::builtin_retrieval_trace,kvzap-predictor-trace-20260817T085505Z,builtin_retrieval_trace,35,6,905,143,762,0.1580110497237569,0.019305019305019305,-7.0418596267700195,1.1411460638046265,3.082864284515381,0.004419889502762431,0.011049723756906077
kvzap-predictor-trace-20260817T085505Z::builtin_retrieval_trace,kvzap-predictor-trace-20260817T085505Z,builtin_retrieval_trace,35,7,905,129,776,0.1425414364640884,0.001287001287001287,-7.044190406799316,0.7827188372612,3.0496633052825928,0.0,0.0
kvzap-predictor-trace-20260817T122012Z::builtin_summarization_trace,kvzap-predictor-trace-20260817T122012Z,builtin_summarization_trace,0,0,891,149,742,0.16722783389450055,0.027522935779816515,-4.907565116882324,0.3992440402507782,0.9387450814247131,0.001122334455667789,0.06958473625140292
kvzap-predictor-trace-20260817T122012Z::builtin_summarization_trace,kvzap-predictor-trace-20260817T122012Z,builtin_summarization_trace,0,1,891,148,743,0.16610549943883277,0.02621231979030144,-5.383242130279541,0.7982590198516846,1.4034441709518433,0.013468013468013467,0.04040404040404041
kvzap-predictor-trace-20260817T122012Z::builtin_summarization_trace,kvzap-predictor-trace-20260817T122012Z,builtin_summarization_trace,0,2,891,128,763,0.143658810325477,0.0,-5.607112884521484,0.3953707814216614,1.6071127653121948,0.0,0.0
kvzap-predictor-trace-20260817T122012Z::builtin_summarization_trace,kvzap-predictor-trace-20260817T122012Z,builtin_summarization_trace,0,3,891,160,731,0.17957351290684623,0.04193971166448231,-5.084736347198486,0.6833696365356445,1.1040263175964355,0.0819304152637486,0.12345679012345678
kvzap-predictor-trace-20260817T122012Z::builtin_summarization_trace,kvzap-predictor-trace-20260817T122012Z,builtin_summarization_trace,0,4,891,128,763,0.143658810325477,0.0,-5.555906295776367,0.4713514447212219,1.5559062957763672,0.0,0.0
kvzap-predictor-trace-20260817T122012Z::builtin_summarization_trace,kvzap-predictor-trace-20260817T122012Z,builtin_summarization_trace,0,5,891,138,753,0.15488215488215487,0.01310615989515072,-5.593925476074219,0.5428177714347839,1.6085858345031738,0.0,0.0
kvzap-predictor-trace-20260817T122012Z::builtin_summarization_trace,kvzap-predictor-trace-20260817T122012Z,builtin_summarization_trace,0,6,891,311,580,0.3490460157126824,0.2398427260812582,-4.877753257751465,0.8412081599235535,1.0591856241226196,0.05611672278338945,0.122334455667789
kvzap-predictor-trace-20260817T122012Z::builtin_summarization_trace,kvzap-predictor-trace-20260817T122012Z,builtin_summarization_trace,0,7,891,128,763,0.143658810325477,0.0,-5.9036545753479,0.4889749586582184,1.9036545753479004,0.0,0.0
kvzap-predictor-trace-20260817T122012Z::builtin_summarization_trace,kvzap-predictor-trace-20260817T122012Z,builtin_summarization_trace,1,0,891,128,763,0.143658810325477,0.0,-6.127244472503662,0.4103095233440399,2.127244710922241,0.0,0.0
kvzap-predictor-trace-20260817T122012Z::builtin_summarization_trace,kvzap-predictor-trace-20260817T122012Z,builtin_summarization_trace,1,1,891,128,763,0.143658810325477,0.0,-5.756593704223633,0.37178924679756165,1.7565937042236328,0.0,0.0
kvzap-predictor-trace-20260817T122012Z::builtin_summarization_trace,kvzap-predictor-trace-20260817T122012Z,builtin_summarization_trace,1,2,891,163,728,0.1829405162738496,0.045871559633027525,-5.772060871124268,0.8298822641372681,1.8262836933135986,0.014590347923681257,0.024691358024691357
kvzap-predictor-trace-20260817T122012Z::builtin_summarization_trace,kvzap-predictor-trace-20260817T122012Z,builtin_summarization_trace,1,3,891,128,763,0.143658810325477,0.0,-5.967101573944092,0.3783643841743469,1.9671015739440918,0.0,0.0
kvzap-predictor-trace-20260817T122012Z::builtin_summarization_trace,kvzap-predictor-trace-20260817T122012Z,builtin_summarization_trace,1,4,891,143,748,0.16049382716049382,0.019659239842726082,-5.246036529541016,0.5458644032478333,1.2543139457702637,0.02356902356902357,0.04377104377104377
kvzap-predictor-trace-20260817T122012Z::builtin_summarization_trace,kvzap-predictor-trace-20260817T122012Z,builtin_summarization_trace,1,5,891,151,740,0.16947250280583614,0.03014416775884666,-5.843276500701904,1.10036301612854,1.8898885250091553,0.017957351290684626,0.04489337822671156
kvzap-predictor-trace-20260817T122012Z::builtin_summarization_trace,kvzap-predictor-trace-20260817T122012Z,builtin_summarization_trace,1,6,891,128,763,0.143658810325477,0.0,-6.738461017608643,0.6465758085250854,2.7384610176086426,0.0,0.0
kvzap-predictor-trace-20260817T122012Z::builtin_summarization_trace,kvzap-predictor-trace-20260817T122012Z,builtin_summarization_trace,1,7,891,793,98,0.8900112233445566,0.8715596330275229,-2.22937273979187,1.2015669345855713,1.8853157758712769,0.04489337822671156,0.11335578002244669
kvzap-predictor-trace-20260817T122012Z::builtin_summarization_trace,kvzap-predictor-trace-20260817T122012Z,builtin_summarization_trace,2,0,891,128,763,0.143658810325477,0.0,-7.172418594360352,1.0237497091293335,3.1724185943603516,0.001122334455667789,0.001122334455667789
kvzap-predictor-trace-20260817T122012Z::builtin_summarization_trace,kvzap-predictor-trace-20260817T122012Z,builtin_summarization_trace,2,1,891,147,744,0.16498316498316498,0.02490170380078637,-5.892361164093018,0.8590549826622009,1.9149481058120728,0.017957351290684626,0.03367003367003367
kvzap-predictor-trace-20260817T122012Z::builtin_summarization_trace,kvzap-predictor-trace-20260817T122012Z,builtin_summarization_trace,2,2,891,180,711,0.20202020202020202,0.06815203145478375,-5.851185321807861,0.8503053188323975,1.921050786972046,0.002244668911335578,0.012345679012345678
kvzap-predictor-trace-20260817T122012Z::builtin_summarization_trace,kvzap-predictor-trace-20260817T122012Z,builtin_summarization_trace,2,3,891,153,738,0.1717171717171717,0.0327653997378768,-5.819654941558838,0.7879206538200378,1.8410494327545166,0.02244668911335578,0.03479236812570146
kvzap-predictor-trace-20260817T122012Z::builtin_summarization_trace,kvzap-predictor-trace-20260817T122012Z,builtin_summarization_trace,2,4,891,131,760,0.14702581369248036,0.003931847968545216,-6.106569290161133,0.675920307636261,2.1095504760742188,0.005611672278338945,0.012345679012345678
kvzap-predictor-trace-20260817T122012Z::builtin_summarization_trace,kvzap-predictor-trace-20260817T122012Z,builtin_summarization_trace,2,5,891,204,687,0.22895622895622897,0.09960681520314547,-5.149375915527344,0.7898123264312744,1.2100518941879272,0.04601571268237935,0.10774410774410774
kvzap-predictor-trace-20260817T122012Z::builtin_summarization_trace,kvzap-predictor-trace-20260817T122012Z,builtin_summarization_trace,2,6,891,139,752,0.15600448933782268,0.014416775884665793,-5.693637847900391,0.5145167708396912,1.7027567625045776,0.002244668911335578,0.010101010101010102
kvzap-predictor-trace-20260817T122012Z::builtin_summarization_trace,kvzap-predictor-trace-20260817T122012Z,builtin_summarization_trace,2,7,891,873,18,0.9797979797979798,0.9764089121887287,-1.6186612844467163,0.7058975696563721,2.415780544281006,0.0,0.0
kvzap-predictor-trace-20260817T122012Z::builtin_summarization_trace,kvzap-predictor-trace-20260817T122012Z,builtin_summarization_trace,3,0,891,132,759,0.14814814814814814,0.005242463958060288,-6.62361478805542,0.7367213368415833,2.629962921142578,0.001122334455667789,0.002244668911335578
kvzap-predictor-trace-20260817T122012Z::builtin_summarization_trace,kvzap-predictor-trace-20260817T122012Z,builtin_summarization_trace,3,1,891,636,255,0.7138047138047138,0.6657929226736566,-3.616223096847534,0.9988590478897095,0.806616485118866,0.08080808080808081,0.1941638608305275
kvzap-predictor-trace-20260817T122012Z::builtin_summarization_trace,kvzap-predictor-trace-20260817T122012Z,builtin_summarization_trace,3,2,891,160,731,0.17957351290684623,0.04193971166448231,-5.771140098571777,0.8933879733085632,1.8073530197143555,0.025813692480359147,0.04377104377104377
kvzap-predictor-trace-20260817T122012Z::builtin_summarization_trace,kvzap-predictor-trace-20260817T122012Z,builtin_summarization_trace,3,3,891,630,261,0.7070707070707071,0.6579292267365662,-3.8954102993011475,1.4187158346176147,1.1228978633880615,0.052749719416386086,0.16161616161616163
kvzap-predictor-trace-20260817T122012Z::builtin_summarization_trace,kvzap-predictor-trace-20260817T122012Z,builtin_summarization_trace,3,4,891,140,751,0.15712682379349047,0.015727391874180863,-6.055660724639893,1.0707080364227295,2.0664632320404053,0.013468013468013467,0.037037037037037035
kvzap-predictor-trace-20260817T122012Z::builtin_summarization_trace,kvzap-predictor-trace-20260817T122012Z,builtin_summarization_trace,3,5,891,135,756,0.15151515151515152,0.009174311926605505,-8.648682594299316,1.6935428380966187,4.657644271850586,0.005611672278338945,0.008978675645342313
kvzap-predictor-trace-20260817T122012Z::builtin_summarization_trace,kvzap-predictor-trace-20260817T122012Z,builtin_summarization_trace,3,6,891,128,763,0.143658810325477,0.0,-6.169051647186279,0.6437676548957825,2.1690516471862793,0.0,0.004489337822671156
kvzap-predictor-trace-20260817T122012Z::builtin_summarization_trace,kvzap-predictor-trace-20260817T122012Z,builtin_summarization_trace,3,7,891,131,760,0.14702581369248036,0.003931847968545216,-6.026059150695801,0.6734076738357544,2.0280232429504395,0.002244668911335578,0.007856341189674524
kvzap-predictor-trace-20260817T122012Z::builtin_summarization_trace,kvzap-predictor-trace-20260817T122012Z,builtin_summarization_trace,4,0,891,138,753,0.15488215488215487,0.01310615989515072,-6.797173023223877,1.2035036087036133,2.810851573944092,0.003367003367003367,0.008978675645342313
kvzap-predictor-trace-20260817T122012Z::builtin_summarization_trace,kvzap-predictor-trace-20260817T122012Z,builtin_summarization_trace,4,1,891,717,174,0.8047138047138047,0.7719528178243774,-3.2530250549316406,0.9243003726005554,0.9880664348602295,0.04152637485970819,0.10774410774410774
kvzap-predictor-trace-20260817T122012Z::builtin_summarization_trace,kvzap-predictor-trace-20260817T122012Z,builtin_summarization_trace,4,2,891,135,756,0.15151515151515152,0.009174311926605505,-6.042473316192627,0.744938313961029,2.0463314056396484,0.004489337822671156,0.016835016835016835
kvzap-predictor-trace-20260817T122012Z::builtin_summarization_trace,kvzap-predictor-trace-20260817T122012Z,builtin_summarization_trace,4,3,891,132,759,0.14814814814814814,0.005242463958060288,-6.400357723236084,0.6098276972770691,2.402602434158325,0.002244668911335578,0.003367003367003367
kvzap-predictor-trace-20260817T122012Z::builtin_summarization_trace,kvzap-predictor-trace-20260817T122012Z,builtin_summarization_trace,4,4,891,130,761,0.14590347923681257,0.002621231979030144,-6.277585029602051,0.7604044079780579,2.278601884841919,0.001122334455667789,0.003367003367003367
kvzap-predictor-trace-20260817T122012Z::builtin_summarization_trace,kvzap-predictor-trace-20260817T122012Z,builtin_summarization_trace,4,5,891,130,761,0.14590347923681257,0.002621231979030144,-8.249070167541504,1.1680344343185425,4.250298023223877,0.001122334455667789,0.001122334455667789
kvzap-predictor-trace-20260817T122012Z::builtin_summarization_trace,kvzap-predictor-trace-20260817T122012Z,builtin_summarization_trace,4,6,891,132,759,0.14814814814814814,0.005242463958060288,-6.402830600738525,0.6552116870880127,2.4063026905059814,0.002244668911335578,0.003367003367003367
kvzap-predictor-trace-20260817T122012Z::builtin_summarization_trace,kvzap-predictor-trace-20260817T122012Z,builtin_summarization_trace,4,7,891,176,715,0.19753086419753085,0.06290956749672345,-5.7016167640686035,0.935919463634491,1.7777602672576904,0.012345679012345678,0.038159371492704826
kvzap-predictor-trace-20260817T122012Z::builtin_summarization_trace,kvzap-predictor-trace-20260817T122012Z,builtin_summarization_trace,5,0,891,169,722,0.18967452300785634,0.053735255570117955,-6.083723545074463,1.0843842029571533,2.1536502838134766,0.020202020202020204,0.04489337822671156
kvzap-predictor-trace-20260817T122012Z::builtin_summarization_trace,kvzap-predictor-trace-20260817T122012Z,builtin_summarization_trace,5,1,891,176,715,0.19753086419753085,0.06290956749672345,-5.29901647567749,0.9079983234405518,1.375295877456665,0.031425364758698095,0.07856341189674523
kvzap-predictor-trace-20260817T122012Z::builtin_summarization_trace,kvzap-predictor-trace-20260817T122012Z,builtin_summarization_trace,5,2,891,133,758,0.14927048260381592,0.00655307994757536,-5.798751354217529,0.7812850475311279,1.8031705617904663,0.005611672278338945,0.028058361391694726
kvzap-predictor-trace-20260817T122012Z::builtin_summarization_trace,kvzap-predictor-trace-20260817T122012Z,builtin_summarization_trace,5,3,891,596,295,0.6689113355780022,0.6133682830930537,-3.8382863998413086,1.497802495956421,1.201205849647522,0.04938271604938271,0.13468013468013468
kvzap-predictor-trace-20260817T122012Z::builtin_summarization_trace,kvzap-predictor-trace-20260817T122012Z,builtin_summarization_trace,5,4,891,131,760,0.14702581369248036,0.003931847968545216,-6.029899597167969,0.538332998752594,2.0351955890655518,0.001122334455667789,0.001122334455667789
kvzap-predictor-trace-20260817T122012Z::builtin_summarization_trace,kvzap-predictor-trace-20260817T122012Z,builtin_summarization_trace,5,5,891,131,760,0.14702581369248036,0.003931847968545216,-5.6273674964904785,0.6881470680236816,1.6291561126708984,0.001122334455667789,0.003367003367003367
kvzap-predictor-trace-20260817T122012Z::builtin_summarization_trace,kvzap-predictor-trace-20260817T122012Z,builtin_summarization_trace,5,6,891,133,758,0.14927048260381592,0.00655307994757536,-6.66023063659668,0.8555159568786621,2.6626508235931396,0.01122334455667789,0.015712682379349047
kvzap-predictor-trace-20260817T122012Z::builtin_summarization_trace,kvzap-predictor-trace-20260817T122012Z,builtin_summarization_trace,5,7,891,132,759,0.14814814814814814,0.005242463958060288,-7.56581449508667,1.0277378559112549,3.568795680999756,0.001122334455667789,0.002244668911335578
kvzap-predictor-trace-20260817T122012Z::builtin_summarization_trace,kvzap-predictor-trace-20260817T122012Z,builtin_summarization_trace,6,0,891,130,761,0.14590347923681257,0.002621231979030144,-6.43180513381958,0.5350187420845032,2.4415817260742188,0.001122334455667789,0.002244668911335578
kvzap-predictor-trace-20260817T122012Z::builtin_summarization_trace,kvzap-predictor-trace-20260817T122012Z,builtin_summarization_trace,6,1,891,145,746,0.1627384960718294,0.022280471821756225,-6.286808967590332,1.0146007537841797,2.3395237922668457,0.006734006734006734,0.01122334455667789
kvzap-predictor-trace-20260817T122012Z::builtin_summarization_trace,kvzap-predictor-trace-20260817T122012Z,builtin_summarization_trace,6,2,891,166,725,0.186307519640853,0.04980340760157274,-5.870900630950928,0.9827144742012024,1.9548567533493042,0.010101010101010102,0.02132435465768799
kvzap-predictor-trace-20260817T122012Z::builtin_summarization_trace,kvzap-predictor-trace-20260817T122012Z,builtin_summarization_trace,6,3,891,197,694,0.22109988776655443,0.09043250327653997,-5.133070945739746,0.9543976187705994,1.1917744874954224,0.037037037037037035,0.10886644219977554
kvzap-predictor-trace-20260817T122012Z::builtin_summarization_trace,kvzap-predictor-trace-20260817T122012Z,builtin_summarization_trace,6,4,891,160,731,0.17957351290684623,0.04193971166448231,-5.970345973968506,0.931281328201294,2.052170991897583,0.0,0.004489337822671156
kvzap-predictor-trace-20260817T122012Z::builtin_summarization_trace,kvzap-predictor-trace-20260817T122012Z,builtin_summarization_trace,6,5,891,129,762,0.1447811447811448,0.001310615989515072,-6.96001672744751,0.6182606816291809,2.9727132320404053,0.0,0.001122334455667789
kvzap-predictor-trace-20260817T122012Z::builtin_summarization_trace,kvzap-predictor-trace-20260817T122012Z,builtin_summarization_trace,6,6,891,148,743,0.16610549943883277,0.02621231979030144,-6.179533958435059,0.9882311224937439,2.2153873443603516,0.01122334455667789,0.017957351290684626
kvzap-predictor-trace-20260817T122012Z::builtin_summarization_trace,kvzap-predictor-trace-20260817T122012Z,builtin_summarization_trace,6,7,891,181,710,0.2031425364758698,0.06946264744429882,-5.167990684509277,0.8387093544006348,1.2615126371383667,0.030303030303030304,0.07407407407407407
kvzap-predictor-trace-20260817T122012Z::builtin_summarization_trace,kvzap-predictor-trace-20260817T122012Z,builtin_summarization_trace,7,0,891,144,747,0.16161616161616163,0.020969855832241154,-6.467996120452881,0.820384681224823,2.4863390922546387,0.006734006734006734,0.013468013468013467
kvzap-predictor-trace-20260817T122012Z::builtin_summarization_trace,kvzap-predictor-trace-20260817T122012Z,builtin_summarization_trace,7,1,891,891,0,1.0,1.0,-2.207886219024658,0.5844098925590515,1.7921139001846313,0.0,0.0
kvzap-predictor-trace-20260817T122012Z::builtin_summarization_trace,kvzap-predictor-trace-20260817T122012Z,builtin_summarization_trace,7,2,891,131,760,0.14702581369248036,0.003931847968545216,-7.57910680770874,0.9701403975486755,3.5813167095184326,0.0,0.002244668911335578
kvzap-predictor-trace-20260817T122012Z::builtin_summarization_trace,kvzap-predictor-trace-20260817T122012Z,builtin_summarization_trace,7,3,891,128,763,0.143658810325477,0.0,-7.571443557739258,0.6055076122283936,3.571443557739258,0.0,0.0
kvzap-predictor-trace-20260817T122012Z::builtin_summarization_trace,kvzap-predictor-trace-20260817T122012Z,builtin_summarization_trace,7,4,891,128,763,0.143658810325477,0.0,-7.961980819702148,0.7679766416549683,3.9619808197021484,0.001122334455667789,0.001122334455667789
kvzap-predictor-trace-20260817T122012Z::builtin_summarization_trace,kvzap-predictor-trace-20260817T122012Z,builtin_summarization_trace,7,5,891,730,161,0.819304152637486,0.7889908256880734,-3.2813003063201904,0.9562712907791138,0.9681383967399597,0.05723905723905724,0.15600448933782268
kvzap-predictor-trace-20260817T122012Z::builtin_summarization_trace,kvzap-predictor-trace-20260817T122012Z,builtin_summarization_trace,7,6,891,129,762,0.1447811447811448,0.001310615989515072,-7.010241508483887,0.6815423369407654,3.0122053623199463,0.0,0.0
kvzap-predictor-trace-20260817T122012Z::builtin_summarization_trace,kvzap-predictor-trace-20260817T122012Z,builtin_summarization_trace,7,7,891,129,762,0.1447811447811448,0.001310615989515072,-7.300557613372803,0.5574650764465332,3.3013644218444824,0.0,0.0
kvzap-predictor-trace-20260817T122012Z::builtin_summarization_trace,kvzap-predictor-trace-20260817T122012Z,builtin_summarization_trace,8,0,891,170,721,0.19079685746352412,0.05504587155963303,-6.453721046447754,1.2827407121658325,2.5349152088165283,0.012345679012345678,0.026936026936026935
kvzap-predictor-trace-20260817T122012Z::builtin_summarization_trace,kvzap-predictor-trace-20260817T122012Z,builtin_summarization_trace,8,1,891,242,649,0.2716049382716049,0.14941022280471822,-5.463576793670654,1.2836337089538574,1.627332329750061,0.03367003367003367,0.07968574635241302
kvzap-predictor-trace-20260817T122012Z::builtin_summarization_trace,kvzap-predictor-trace-20260817T122012Z,builtin_summarization_trace,8,2,891,129,762,0.1447811447811448,0.001310615989515072,-8.292631149291992,0.8379913568496704,4.299330234527588,0.0,0.0
kvzap-predictor-trace-20260817T122012Z::builtin_summarization_trace,kvzap-predictor-trace-20260817T122012Z,builtin_summarization_trace,8,3,891,129,762,0.1447811447811448,0.001310615989515072,-7.30448579788208,0.8927710652351379,3.3106236457824707,0.001122334455667789,0.004489337822671156
kvzap-predictor-trace-20260817T122012Z::builtin_summarization_trace,kvzap-predictor-trace-20260817T122012Z,builtin_summarization_trace,8,4,891,373,518,0.4186307519640853,0.3211009174311927,-4.633963108062744,1.4684280157089233,1.31546151638031,0.050505050505050504,0.12457912457912458
kvzap-predictor-trace-20260817T122012Z::builtin_summarization_trace,kvzap-predictor-trace-20260817T122012Z,builtin_summarization_trace,8,5,891,166,725,0.186307519640853,0.04980340760157274,-5.582534313201904,0.9420179128646851,1.6398983001708984,0.017957351290684626,0.06172839506172839
kvzap-predictor-trace-20260817T122012Z::builtin_summarization_trace,kvzap-predictor-trace-20260817T122012Z,builtin_summarization_trace,8,6,891,228,663,0.2558922558922559,0.1310615989515072,-5.258812427520752,1.286901831626892,1.6039118766784668,0.014590347923681257,0.04713804713804714
kvzap-predictor-trace-20260817T122012Z::builtin_summarization_trace,kvzap-predictor-trace-20260817T122012Z,builtin_summarization_trace,8,7,891,137,754,0.1537598204264871,0.011795543905635648,-8.030355453491211,1.571700930595398,4.05381965637207,0.0,0.003367003367003367
kvzap-predictor-trace-20260817T122012Z::builtin_summarization_trace,kvzap-predictor-trace-20260817T122012Z,builtin_summarization_trace,9,0,891,129,762,0.1447811447811448,0.001310615989515072,-7.276966571807861,0.7596704363822937,3.287216901779175,0.0,0.002244668911335578
kvzap-predictor-trace-20260817T122012Z::builtin_summarization_trace,kvzap-predictor-trace-20260817T122012Z,builtin_summarization_trace,9,1,891,129,762,0.1447811447811448,0.001310615989515072,-8.119322776794434,0.8738617897033691,4.127099990844727,0.0,0.0
kvzap-predictor-trace-20260817T122012Z::builtin_summarization_trace,kvzap-predictor-trace-20260817T122012Z,builtin_summarization_trace,9,2,891,579,312,0.6498316498316499,0.5910878112712975,-3.860527992248535,1.0833603143692017,0.8440174460411072,0.07968574635241302,0.20650953984287318
kvzap-predictor-trace-20260817T122012Z::builtin_summarization_trace,kvzap-predictor-trace-20260817T122012Z,builtin_summarization_trace,9,3,891,154,737,0.1728395061728395,0.03407601572739188,-6.310281753540039,1.0275070667266846,2.361225128173828,0.005611672278338945,0.013468013468013467
kvzap-predictor-trace-20260817T122012Z::builtin_summarization_trace,kvzap-predictor-trace-20260817T122012Z,builtin_summarization_trace,9,4,891,859,32,0.9640852974186308,0.9580602883355177,-3.1207869052886963,0.6609510779380798,0.952164888381958,0.031425364758698095,0.0718294051627385
kvzap-predictor-trace-20260817T122012Z::builtin_summarization_trace,kvzap-predictor-trace-20260817T122012Z,builtin_summarization_trace,9,5,891,154,737,0.1728395061728395,0.03407601572739188,-6.673537731170654,1.1184964179992676,2.723207473754883,0.005611672278338945,0.016835016835016835
kvzap-predictor-trace-20260817T122012Z::builtin_summarization_trace,kvzap-predictor-trace-20260817T122012Z,builtin_summarization_trace,9,6,891,247,644,0.2772166105499439,0.1559633027522936,-6.5355048179626465,2.1421761512756348,2.8065967559814453,0.01122334455667789,0.04040404040404041
kvzap-predictor-trace-20260817T122012Z::builtin_summarization_trace,kvzap-predictor-trace-20260817T122012Z,builtin_summarization_trace,9,7,891,776,115,0.8709315375982043,0.8492791612057667,-3.1846678256988525,0.9484822154045105,0.9911879301071167,0.05948372615039282,0.17620650953984288
kvzap-predictor-trace-20260817T122012Z::builtin_summarization_trace,kvzap-predictor-trace-20260817T122012Z,builtin_summarization_trace,10,0,891,129,762,0.1447811447811448,0.001310615989515072,-7.00657844543457,0.7866783738136292,3.016219139099121,0.0,0.001122334455667789
kvzap-predictor-trace-20260817T122012Z::builtin_summarization_trace,kvzap-predictor-trace-20260817T122012Z,builtin_summarization_trace,10,1,891,133,758,0.14927048260381592,0.00655307994757536,-7.20604944229126,1.1082966327667236,3.2170708179473877,0.004489337822671156,0.010101010101010102
kvzap-predictor-trace-20260817T122012Z::builtin_summarization_trace,kvzap-predictor-trace-20260817T122012Z,builtin_summarization_trace,10,2,891,130,761,0.14590347923681257,0.002621231979030144,-7.486374378204346,0.9483275413513184,3.4988951683044434,0.0,0.002244668911335578
kvzap-predictor-trace-20260817T122012Z::builtin_summarization_trace,kvzap-predictor-trace-20260817T122012Z,builtin_summarization_trace,10,3,891,129,762,0.1447811447811448,0.001310615989515072,-8.171804428100586,1.066043496131897,4.186500549316406,0.0,0.0
kvzap-predictor-trace-20260817T122012Z::builtin_summarization_trace,kvzap-predictor-trace-20260817T122012Z,builtin_summarization_trace,10,4,891,129,762,0.1447811447811448,0.001310615989515072,-8.11644172668457,1.0532641410827637,4.1305413246154785,0.0,0.0
kvzap-predictor-trace-20260817T122012Z::builtin_summarization_trace,kvzap-predictor-trace-20260817T122012Z,builtin_summarization_trace,10,5,891,132,759,0.14814814814814814,0.005242463958060288,-7.574282169342041,0.8928126692771912,3.5855801105499268,0.003367003367003367,0.003367003367003367
kvzap-predictor-trace-20260817T122012Z::builtin_summarization_trace,kvzap-predictor-trace-20260817T122012Z,builtin_summarization_trace,10,6,891,217,674,0.24354657687991021,0.11664482306684142,-6.123136520385742,1.5929441452026367,2.3445961475372314,0.019079685746352413,0.04489337822671156
kvzap-predictor-trace-20260817T122012Z::builtin_summarization_trace,kvzap-predictor-trace-20260817T122012Z,builtin_summarization_trace,10,7,891,145,746,0.1627384960718294,0.022280471821756225,-7.649402141571045,1.2740285396575928,3.6835105419158936,0.004489337822671156,0.006734006734006734
kvzap-predictor-trace-20260817T122012Z::builtin_summarization_trace,kvzap-predictor-trace-20260817T122012Z,builtin_summarization_trace,11,0,891,147,744,0.16498316498316498,0.02490170380078637,-6.817392826080322,1.1435633897781372,2.8425400257110596,0.015712682379349047,0.024691358024691357
kvzap-predictor-trace-20260817T122012Z::builtin_summarization_trace,kvzap-predictor-trace-20260817T122012Z,builtin_summarization_trace,11,1,891,150,741,0.16835016835016836,0.028833551769331587,-5.968592166900635,0.9726980328559875,2.005523920059204,0.015712682379349047,0.03479236812570146
kvzap-predictor-trace-20260817T122012Z::builtin_summarization_trace,kvzap-predictor-trace-20260817T122012Z,builtin_summarization_trace,11,2,891,781,110,0.8765432098765432,0.8558322411533421,-2.9949846267700195,1.0269947052001953,1.2351641654968262,0.026936026936026935,0.08305274971941638
kvzap-predictor-trace-20260817T122012Z::builtin_summarization_trace,kvzap-predictor-trace-20260817T122012Z,builtin_summarization_trace,11,3,891,213,678,0.23905723905723905,0.11140235910878113,-5.781925201416016,1.4118701219558716,1.9331421852111816,0.026936026936026935,0.06958473625140292
kvzap-predictor-trace-20260817T122012Z::builtin_summarization_trace,kvzap-predictor-trace-20260817T122012Z,builtin_summarization_trace,11,4,891,178,713,0.19977553310886645,0.0655307994757536,-5.807098865509033,1.3272508382797241,1.8894500732421875,0.028058361391694726,0.07295173961840629
kvzap-predictor-trace-20260817T122012Z::builtin_summarization_trace,kvzap-predictor-trace-20260817T122012Z,builtin_summarization_trace,11,5,891,129,762,0.1447811447811448,0.001310615989515072,-8.35476303100586,1.260801911354065,4.354903221130371,0.001122334455667789,0.001122334455667789
kvzap-predictor-trace-20260817T122012Z::builtin_summarization_trace,kvzap-predictor-trace-20260817T122012Z,builtin_summarization_trace,11,6,891,276,615,0.30976430976430974,0.19397116644823068,-5.097792148590088,1.3256551027297974,1.4054346084594727,0.04601571268237935,0.1122334455667789
kvzap-predictor-trace-20260817T122012Z::builtin_summarization_trace,kvzap-predictor-trace-20260817T122012Z,builtin_summarization_trace,11,7,891,130,761,0.14590347923681257,0.002621231979030144,-7.432256698608398,1.0535352230072021,3.4375526905059814,0.001122334455667789,0.001122334455667789
kvzap-predictor-trace-20260817T122012Z::builtin_summarization_trace,kvzap-predictor-trace-20260817T122012Z,builtin_summarization_trace,12,0,891,643,248,0.7216610549943884,0.6749672346002621,-3.6856937408447266,0.6908494234085083,0.6110234260559082,0.11784511784511785,0.27048260381593714
kvzap-predictor-trace-20260817T122012Z::builtin_summarization_trace,kvzap-predictor-trace-20260817T122012Z,builtin_summarization_trace,12,1,891,154,737,0.1728395061728395,0.03407601572739188,-6.2903337478637695,1.0661571025848389,2.314393997192383,0.012345679012345678,0.03367003367003367
kvzap-predictor-trace-20260817T122012Z::builtin_summarization_trace,kvzap-predictor-trace-20260817T122012Z,builtin_summarization_trace,12,2,891,156,735,0.1750841750841751,0.03669724770642202,-6.624736785888672,1.2924851179122925,2.6686131954193115,0.012345679012345678,0.029180695847362513
kvzap-predictor-trace-20260817T122012Z::builtin_summarization_trace,kvzap-predictor-trace-20260817T122012Z,builtin_summarization_trace,12,3,891,152,739,0.17059483726150393,0.03145478374836173,-7.3746490478515625,1.5248297452926636,3.408108949661255,0.005611672278338945,0.010101010101010102
kvzap-predictor-trace-20260817T122012Z::builtin_summarization_trace,kvzap-predictor-trace-20260817T122012Z,builtin_summarization_trace,12,4,891,138,753,0.15488215488215487,0.01310615989515072,-7.158687591552734,1.3294874429702759,3.167771577835083,0.006734006734006734,0.013468013468013467
kvzap-predictor-trace-20260817T122012Z::builtin_summarization_trace,kvzap-predictor-trace-20260817T122012Z,builtin_summarization_trace,12,5,891,149,742,0.16722783389450055,0.027522935779816515,-6.885688304901123,1.4045742750167847,2.904855966567993,0.005611672278338945,0.02356902356902357
kvzap-predictor-trace-20260817T122012Z::builtin_summarization_trace,kvzap-predictor-trace-20260817T122012Z,builtin_summarization_trace,12,6,891,716,175,0.8035914702581369,0.7706422018348624,-3.1986465454101562,1.1214543581008911,1.128373622894287,0.04489337822671156,0.14814814814814814
kvzap-predictor-trace-20260817T122012Z::builtin_summarization_trace,kvzap-predictor-trace-20260817T122012Z,builtin_summarization_trace,12,7,891,269,622,0.30190796857463525,0.18479685452162517,-5.490245342254639,1.5251697301864624,1.8228859901428223,0.020202020202020204,0.05723905723905724
kvzap-predictor-trace-20260817T122012Z::builtin_summarization_trace,kvzap-predictor-trace-20260817T122012Z,builtin_summarization_trace,13,0,891,254,637,0.2850729517396184,0.1651376146788991,-5.638564586639404,1.561871886253357,1.9129226207733154,0.024691358024691357,0.05948372615039282
kvzap-predictor-trace-20260817T122012Z::builtin_summarization_trace,kvzap-predictor-trace-20260817T122012Z,builtin_summarization_trace,13,1,891,135,756,0.15151515151515152,0.009174311926605505,-6.771026134490967,0.9422246217727661,2.780881643295288,0.002244668911335578,0.012345679012345678
kvzap-predictor-trace-20260817T122012Z::builtin_summarization_trace,kvzap-predictor-trace-20260817T122012Z,builtin_summarization_trace,13,2,891,736,155,0.8260381593714927,0.7968545216251638,-3.334218978881836,0.8925414681434631,0.9049084782600403,0.07631874298540965,0.18069584736251404
kvzap-predictor-trace-20260817T122012Z::builtin_summarization_trace,kvzap-predictor-trace-20260817T122012Z,builtin_summarization_trace,13,3,891,802,89,0.9001122334455668,0.8833551769331586,-2.8191463947296143,1.0585962533950806,1.3322986364364624,0.037037037037037035,0.08417508417508418
kvzap-predictor-trace-20260817T122012Z::builtin_summarization_trace,kvzap-predictor-trace-20260817T122012Z,builtin_summarization_trace,13,4,891,249,642,0.27946127946127947,0.15858453473132372,-5.168689727783203,1.1092199087142944,1.4127494096755981,0.03591470258136925,0.07295173961840629
kvzap-predictor-trace-20260817T122012Z::builtin_summarization_trace,kvzap-predictor-trace-20260817T122012Z,builtin_summarization_trace,13,5,891,128,763,0.143658810325477,0.0,-8.589225769042969,0.9594148397445679,4.589225769042969,0.0,0.001122334455667789
kvzap-predictor-trace-20260817T122012Z::builtin_summarization_trace,kvzap-predictor-trace-20260817T122012Z,builtin_summarization_trace,13,6,891,140,751,0.15712682379349047,0.015727391874180863,-7.830808162689209,1.2542710304260254,3.866302013397217,0.002244668911335578,0.004489337822671156
kvzap-predictor-trace-20260817T122012Z::builtin_summarization_trace,kvzap-predictor-trace-20260817T122012Z,builtin_summarization_trace,13,7,891,891,0,1.0,1.0,-2.132189989089966,0.6407631039619446,1.8678100109100342,0.0,0.002244668911335578
kvzap-predictor-trace-20260817T122012Z::builtin_summarization_trace,kvzap-predictor-trace-20260817T122012Z,builtin_summarization_trace,14,0,891,129,762,0.1447811447811448,0.001310615989515072,-6.947793960571289,0.6299245953559875,2.9523885250091553,0.0,0.0
kvzap-predictor-trace-20260817T122012Z::builtin_summarization_trace,kvzap-predictor-trace-20260817T122012Z,builtin_summarization_trace,14,1,891,193,698,0.2166105499438833,0.08519003931847968,-6.276620388031006,1.321744441986084,2.3699145317077637,0.017957351290684626,0.037037037037037035
kvzap-predictor-trace-20260817T122012Z::builtin_summarization_trace,kvzap-predictor-trace-20260817T122012Z,builtin_summarization_trace,14,2,891,133,758,0.14927048260381592,0.00655307994757536,-7.586577415466309,1.2949734926223755,3.596433162689209,0.002244668911335578,0.003367003367003367
kvzap-predictor-trace-20260817T122012Z::builtin_summarization_trace,kvzap-predictor-trace-20260817T122012Z,builtin_summarization_trace,14,3,891,329,562,0.36924803591470257,0.2634338138925295,-4.525975704193115,1.1002236604690552,1.038137435913086,0.03479236812570146,0.10549943883277217
kvzap-predictor-trace-20260817T122012Z::builtin_summarization_trace,kvzap-predictor-trace-20260817T122012Z,builtin_summarization_trace,14,4,891,155,736,0.1739618406285073,0.035386631716906945,-5.769035816192627,0.8191673159599304,1.7936044931411743,0.020202020202020204,0.03591470258136925
kvzap-predictor-trace-20260817T122012Z::builtin_summarization_trace,kvzap-predictor-trace-20260817T122012Z,builtin_summarization_trace,14,5,891,129,762,0.1447811447811448,0.001310615989515072,-7.547699451446533,0.7212124466896057,3.554152727127075,0.0,0.0
kvzap-predictor-trace-20260817T122012Z::builtin_summarization_trace,kvzap-predictor-trace-20260817T122012Z,builtin_summarization_trace,14,6,891,168,723,0.18855218855218855,0.05242463958060288,-6.916350841522217,1.3584262132644653,2.975273609161377,0.007856341189674524,0.02244668911335578
kvzap-predictor-trace-20260817T122012Z::builtin_summarization_trace,kvzap-predictor-trace-20260817T122012Z,builtin_summarization_trace,14,7,891,131,760,0.14702581369248036,0.003931847968545216,-7.440042972564697,0.7349967956542969,3.4500386714935303,0.0,0.0
kvzap-predictor-trace-20260817T122012Z::builtin_summarization_trace,kvzap-predictor-trace-20260817T122012Z,builtin_summarization_trace,15,0,891,174,717,0.19528619528619529,0.06028833551769332,-6.5553364753723145,1.3793931007385254,2.607051372528076,0.024691358024691357,0.04713804713804714
kvzap-predictor-trace-20260817T122012Z::builtin_summarization_trace,kvzap-predictor-trace-20260817T122012Z,builtin_summarization_trace,15,1,891,278,613,0.31200897867564537,0.1965923984272608,-5.080071449279785,1.158997654914856,1.3537808656692505,0.03479236812570146,0.08754208754208755
kvzap-predictor-trace-20260817T122012Z::builtin_summarization_trace,kvzap-predictor-trace-20260817T122012Z,builtin_summarization_trace,15,2,891,735,156,0.8249158249158249,0.7955439056356488,-3.0578737258911133,1.3104496002197266,1.3069552183151245,0.05611672278338945,0.1425364758698092
kvzap-predictor-trace-20260817T122012Z::builtin_summarization_trace,kvzap-predictor-trace-20260817T122012Z,builtin_summarization_trace,15,3,891,322,569,0.3613916947250281,0.254259501965924,-5.361760139465332,1.7695506811141968,1.8239864110946655,0.030303030303030304,0.07744107744107744
kvzap-predictor-trace-20260817T122012Z::builtin_summarization_trace,kvzap-predictor-trace-20260817T122012Z,builtin_summarization_trace,15,4,891,156,735,0.1750841750841751,0.03669724770642202,-6.117231369018555,1.0793051719665527,2.143009901046753,0.015712682379349047,0.037037037037037035
kvzap-predictor-trace-20260817T122012Z::builtin_summarization_trace,kvzap-predictor-trace-20260817T122012Z,builtin_summarization_trace,15,5,891,129,762,0.1447811447811448,0.001310615989515072,-7.8417158126831055,0.8533028364181519,3.8474676609039307,0.0,0.0
kvzap-predictor-trace-20260817T122012Z::builtin_summarization_trace,kvzap-predictor-trace-20260817T122012Z,builtin_summarization_trace,15,6,891,129,762,0.1447811447811448,0.001310615989515072,-8.295068740844727,0.8403676152229309,4.30117130279541,0.0,0.0
kvzap-predictor-trace-20260817T122012Z::builtin_summarization_trace,kvzap-predictor-trace-20260817T122012Z,builtin_summarization_trace,15,7,891,253,638,0.2839506172839506,0.16382699868938402,-5.055178642272949,0.9879417419433594,1.226807951927185,0.038159371492704826,0.08529741863075196
kvzap-predictor-trace-20260817T122012Z::builtin_summarization_trace,kvzap-predictor-trace-20260817T122012Z,builtin_summarization_trace,16,0,891,185,706,0.20763187429854096,0.07470511140235911,-6.195338726043701,1.213027834892273,2.2642571926116943,0.025813692480359147,0.04601571268237935
kvzap-predictor-trace-20260817T122012Z::builtin_summarization_trace,kvzap-predictor-trace-20260817T122012Z,builtin_summarization_trace,16,1,891,162,729,0.18181818181818182,0.04456094364351245,-6.158003807067871,1.15852689743042,2.2076668739318848,0.010101010101010102,0.03479236812570146
kvzap-predictor-trace-20260817T122012Z::builtin_summarization_trace,kvzap-predictor-trace-20260817T122012Z,builtin_summarization_trace,16,2,891,131,760,0.14702581369248036,0.003931847968545216,-8.016966819763184,1.0984714031219482,4.023227214813232,0.001122334455667789,0.004489337822671156
kvzap-predictor-trace-20260817T122012Z::builtin_summarization_trace,kvzap-predictor-trace-20260817T122012Z,builtin_summarization_trace,16,3,891,199,692,0.22334455667789002,0.09305373525557012,-5.547304630279541,1.0201001167297363,1.6153637170791626,0.031425364758698095,0.07631874298540965
kvzap-predictor-trace-20260817T122012Z::builtin_summarization_trace,kvzap-predictor-trace-20260817T122012Z,builtin_summarization_trace,16,4,891,150,741,0.16835016835016836,0.028833551769331587,-6.546098232269287,1.2337512969970703,2.646592378616333,0.004489337822671156,0.01122334455667789
kvzap-predictor-trace-20260817T122012Z::builtin_summarization_trace,kvzap-predictor-trace-20260817T122012Z,builtin_summarization_trace,16,5,891,685,206,0.7687991021324355,0.7300131061598951,-3.645651340484619,1.7011849880218506,1.4161471128463745,0.052749719416386086,0.122334455667789
kvzap-predictor-trace-20260817T122012Z::builtin_summarization_trace,kvzap-predictor-trace-20260817T122012Z,builtin_summarization_trace,16,6,891,136,755,0.1526374859708193,0.010484927916120577,-7.792745113372803,1.2267295122146606,3.811842441558838,0.002244668911335578,0.006734006734006734
kvzap-predictor-trace-20260817T122012Z::builtin_summarization_trace,kvzap-predictor-trace-20260817T122012Z,builtin_summarization_trace,16,7,891,169,722,0.18967452300785634,0.053735255570117955,-6.069032192230225,1.2299530506134033,2.1518571376800537,0.015712682379349047,0.04040404040404041
kvzap-predictor-trace-20260817T122012Z::builtin_summarization_trace,kvzap-predictor-trace-20260817T122012Z,builtin_summarization_trace,17,0,891,358,533,0.40179573512906847,0.30144167758846657,-4.683751583099365,1.2764410972595215,1.2003673315048218,0.030303030303030304,0.08978675645342311
kvzap-predictor-trace-20260817T122012Z::builtin_summarization_trace,kvzap-predictor-trace-20260817T122012Z,builtin_summarization_trace,17,1,891,465,426,0.5218855218855218,0.4416775884665793,-4.153961658477783,1.0898642539978027,0.9105727672576904,0.05387205387205387,0.143658810325477
kvzap-predictor-trace-20260817T122012Z::builtin_summarization_trace,kvzap-predictor-trace-20260817T122012Z,builtin_summarization_trace,17,2,891,167,724,0.18742985409652077,0.05111402359108781,-7.375613689422607,1.5901966094970703,3.43709659576416,0.006734006734006734,0.026936026936026935
kvzap-predictor-trace-20260817T122012Z::builtin_summarization_trace,kvzap-predictor-trace-20260817T122012Z,builtin_summarization_trace,17,3,891,252,639,0.2828282828282828,0.16251638269986893,-5.191007137298584,1.083031177520752,1.4021464586257935,0.031425364758698095,0.07744107744107744
kvzap-predictor-trace-20260817T122012Z::builtin_summarization_trace,kvzap-predictor-trace-20260817T122012Z,builtin_summarization_trace,17,4,891,193,698,0.2166105499438833,0.08519003931847968,-6.602667331695557,1.6542648077011108,2.709552049636841,0.020202020202020204,0.04713804713804714
kvzap-predictor-trace-20260817T122012Z::builtin_summarization_trace,kvzap-predictor-trace-20260817T122012Z,builtin_summarization_trace,17,5,891,342,549,0.3838383838383838,0.2804718217562254,-4.938035011291504,1.4644869565963745,1.5315217971801758,0.016835016835016835,0.050505050505050504
kvzap-predictor-trace-20260817T122012Z::builtin_summarization_trace,kvzap-predictor-trace-20260817T122012Z,builtin_summarization_trace,17,6,891,374,517,0.41975308641975306,0.3224115334207077,-4.633487701416016,1.222294807434082,1.1637907028198242,0.050505050505050504,0.09652076318742986
kvzap-predictor-trace-20260817T122012Z::builtin_summarization_trace,kvzap-predictor-trace-20260817T122012Z,builtin_summarization_trace,17,7,891,130,761,0.14590347923681257,0.002621231979030144,-7.898797035217285,1.2285279035568237,3.9021990299224854,0.001122334455667789,0.002244668911335578
kvzap-predictor-trace-20260817T122012Z::builtin_summarization_trace,kvzap-predictor-trace-20260817T122012Z,builtin_summarization_trace,18,0,891,133,758,0.14927048260381592,0.00655307994757536,-6.977158546447754,1.035889983177185,2.989942789077759,0.001122334455667789,0.003367003367003367
kvzap-predictor-trace-20260817T122012Z::builtin_summarization_trace,kvzap-predictor-trace-20260817T122012Z,builtin_summarization_trace,18,1,891,228,663,0.2558922558922559,0.1310615989515072,-5.834964275360107,1.293379306793213,2.005734443664551,0.017957351290684626,0.04826038159371493
kvzap-predictor-trace-20260817T122012Z::builtin_summarization_trace,kvzap-predictor-trace-20260817T122012Z,builtin_summarization_trace,18,2,891,184,707,0.20650953984287318,0.07339449541284404,-6.356332302093506,1.4663281440734863,2.4147815704345703,0.026936026936026935,0.05723905723905724
kvzap-predictor-trace-20260817T122012Z::builtin_summarization_trace,kvzap-predictor-trace-20260817T122012Z,builtin_summarization_trace,18,3,891,508,383,0.5701459034792368,0.4980340760157274,-4.046647071838379,1.170030951499939,0.9396044015884399,0.07631874298540965,0.15824915824915825
kvzap-predictor-trace-20260817T122012Z::builtin_summarization_trace,kvzap-predictor-trace-20260817T122012Z,builtin_summarization_trace,18,4,891,275,616,0.30864197530864196,0.1926605504587156,-5.127788066864014,1.092211127281189,1.3487128019332886,0.038159371492704826,0.09988776655443322
kvzap-predictor-trace-20260817T122012Z::builtin_summarization_trace,kvzap-predictor-trace-20260817T122012Z,builtin_summarization_trace,18,5,891,268,623,0.30078563411896747,0.1834862385321101,-5.294261932373047,1.1442972421646118,1.4781144857406616,0.03479236812570146,0.08978675645342311
kvzap-predictor-trace-20260817T122012Z::builtin_summarization_trace,kvzap-predictor-trace-20260817T122012Z,builtin_summarization_trace,18,6,891,195,696,0.21885521885521886,0.08781127129750983,-6.275454044342041,1.3984849452972412,2.3449161052703857,0.02244668911335578,0.05611672278338945
kvzap-predictor-trace-20260817T122012Z::builtin_summarization_trace,kvzap-predictor-trace-20260817T122012Z,builtin_summarization_trace,18,7,891,162,729,0.18181818181818182,0.04456094364351245,-6.63200569152832,1.3792521953582764,2.661975622177124,0.016835016835016835,0.03928170594837262
kvzap-predictor-trace-20260817T122012Z::builtin_summarization_trace,kvzap-predictor-trace-20260817T122012Z,builtin_summarization_trace,19,0,891,174,717,0.19528619528619529,0.06028833551769332,-6.228386402130127,1.2018462419509888,2.2700705528259277,0.014590347923681257,0.052749719416386086
kvzap-predictor-trace-20260817T122012Z::builtin_summarization_trace,kvzap-predictor-trace-20260817T122012Z,builtin_summarization_trace,19,1,891,129,762,0.1447811447811448,0.001310615989515072,-8.194426536560059,1.0525950193405151,4.198460102081299,0.0,0.001122334455667789
kvzap-predictor-trace-20260817T122012Z::builtin_summarization_trace,kvzap-predictor-trace-20260817T122012Z,builtin_summarization_trace,19,2,891,147,744,0.16498316498316498,0.02490170380078637,-7.154969692230225,1.428885579109192,3.1775217056274414,0.007856341189674524,0.02244668911335578
kvzap-predictor-trace-20260817T122012Z::builtin_summarization_trace,kvzap-predictor-trace-20260817T122012Z,builtin_summarization_trace,19,3,891,319,572,0.35802469135802467,0.2503276539973788,-5.210683345794678,1.4197883605957031,1.5562219619750977,0.028058361391694726,0.0920314253647587
kvzap-predictor-trace-20260817T122012Z::builtin_summarization_trace,kvzap-predictor-trace-20260817T122012Z,builtin_summarization_trace,19,4,891,129,762,0.1447811447811448,0.001310615989515072,-8.640361785888672,1.3930786848068237,4.644009590148926,0.0,0.001122334455667789
kvzap-predictor-trace-20260817T122012Z::builtin_summarization_trace,kvzap-predictor-trace-20260817T122012Z,builtin_summarization_trace,19,5,891,129,762,0.1447811447811448,0.001310615989515072,-7.231586933135986,0.7707434892654419,3.2344627380371094,0.0,0.0
kvzap-predictor-trace-20260817T122012Z::builtin_summarization_trace,kvzap-predictor-trace-20260817T122012Z,builtin_summarization_trace,19,6,891,733,158,0.8226711560044894,0.7929226736566186,-3.236729383468628,1.1051028966903687,0.9970670342445374,0.09427609427609428,0.21997755331088664
kvzap-predictor-trace-20260817T122012Z::builtin_summarization_trace,kvzap-predictor-trace-20260817T122012Z,builtin_summarization_trace,19,7,891,188,703,0.21099887766554434,0.07863695937090433,-6.798295497894287,1.6919231414794922,2.8830316066741943,0.025813692480359147,0.04938271604938271
kvzap-predictor-trace-20260817T122012Z::builtin_summarization_trace,kvzap-predictor-trace-20260817T122012Z,builtin_summarization_trace,20,0,891,131,760,0.14702581369248036,0.003931847968545216,-7.220766544342041,1.3359355926513672,3.225010633468628,0.002244668911335578,0.006734006734006734
kvzap-predictor-trace-20260817T122012Z::builtin_summarization_trace,kvzap-predictor-trace-20260817T122012Z,builtin_summarization_trace,20,1,891,241,650,0.27048260381593714,0.14809960681520315,-4.997352123260498,0.786762535572052,1.1349431276321411,0.029180695847362513,0.07856341189674523
kvzap-predictor-trace-20260817T122012Z::builtin_summarization_trace,kvzap-predictor-trace-20260817T122012Z,builtin_summarization_trace,20,2,891,237,654,0.265993265993266,0.14285714285714285,-5.6280951499938965,1.2524569034576416,1.757216215133667,0.02132435465768799,0.08080808080808081
kvzap-predictor-trace-20260817T122012Z::builtin_summarization_trace,kvzap-predictor-trace-20260817T122012Z,builtin_summarization_trace,20,3,891,393,498,0.44107744107744107,0.3473132372214941,-4.548637390136719,1.1601101160049438,1.0500578880310059,0.06509539842873176,0.14927048260381592
kvzap-predictor-trace-20260817T122012Z::builtin_summarization_trace,kvzap-predictor-trace-20260817T122012Z,builtin_summarization_trace,20,4,891,364,527,0.40852974186307517,0.30930537352555704,-4.544472694396973,1.0235202312469482,0.9742564558982849,0.051627384960718295,0.13019079685746351
kvzap-predictor-trace-20260817T122012Z::builtin_summarization_trace,kvzap-predictor-trace-20260817T122012Z,builtin_summarization_trace,20,5,891,740,151,0.8305274971941639,0.8020969855832241,-2.9659574031829834,1.4010077714920044,1.6041885614395142,0.013468013468013467,0.03254769921436588
kvzap-predictor-trace-20260817T122012Z::builtin_summarization_trace,kvzap-predictor-trace-20260817T122012Z,builtin_summarization_trace,20,6,891,675,216,0.7575757575757576,0.7169069462647444,-3.425351619720459,1.38314950466156,1.1897578239440918,0.058361391694725026,0.14702581369248036
kvzap-predictor-trace-20260817T122012Z::builtin_summarization_trace,kvzap-predictor-trace-20260817T122012Z,builtin_summarization_trace,20,7,891,636,255,0.7138047138047138,0.6657929226736566,-3.7381277084350586,1.2609868049621582,1.067568063735962,0.04938271604938271,0.12570145903479238
kvzap-predictor-trace-20260817T122012Z::builtin_summarization_trace,kvzap-predictor-trace-20260817T122012Z,builtin_summarization_trace,21,0,891,129,762,0.1447811447811448,0.001310615989515072,-7.449056625366211,0.874228298664093,3.4527392387390137,0.0,0.002244668911335578
kvzap-predictor-trace-20260817T122012Z::builtin_summarization_trace,kvzap-predictor-trace-20260817T122012Z,builtin_summarization_trace,21,1,891,271,620,0.3041526374859708,0.1874180865006553,-5.1703009605407715,1.0669853687286377,1.3927600383758545,0.031425364758698095,0.06846240179573512
kvzap-predictor-trace-20260817T122012Z::builtin_summarization_trace,kvzap-predictor-trace-20260817T122012Z,builtin_summarization_trace,21,2,891,505,386,0.5667789001122334,0.4941022280471822,-3.9872422218322754,1.1659135818481445,0.9835069179534912,0.04826038159371493,0.13019079685746351
kvzap-predictor-trace-20260817T122012Z::builtin_summarization_trace,kvzap-predictor-trace-20260817T122012Z,builtin_summarization_trace,21,3,891,131,760,0.14702581369248036,0.003931847968545216,-7.543823719024658,1.11554753780365,3.5506629943847656,0.001122334455667789,0.002244668911335578
kvzap-predictor-trace-20260817T122012Z::builtin_summarization_trace,kvzap-predictor-trace-20260817T122012Z,builtin_summarization_trace,21,4,891,268,623,0.30078563411896747,0.1834862385321101,-5.058028221130371,1.0573208332061768,1.2433185577392578,0.051627384960718295,0.13692480359147025
kvzap-predictor-trace-20260817T122012Z::builtin_summarization_trace,kvzap-predictor-trace-20260817T122012Z,builtin_summarization_trace,21,5,891,394,497,0.44219977553310885,0.3486238532110092,-4.682651042938232,1.404974341392517,1.2946215867996216,0.04489337822671156,0.1122334455667789
kvzap-predictor-trace-20260817T122012Z::builtin_summarization_trace,kvzap-predictor-trace-20260817T122012Z,builtin_summarization_trace,21,6,891,203,688,0.22783389450056116,0.0982961992136304,-5.98616361618042,1.2744613885879517,2.0789315700531006,0.020202020202020204,0.052749719416386086
kvzap-predictor-trace-20260817T122012Z::builtin_summarization_trace,kvzap-predictor-trace-20260817T122012Z,builtin_summarization_trace,21,7,891,278,613,0.31200897867564537,0.1965923984272608,-5.081158638000488,1.110092043876648,1.3343154191970825,0.030303030303030304,0.08529741863075196
kvzap-predictor-trace-20260817T122012Z::builtin_summarization_trace,kvzap-predictor-trace-20260817T122012Z,builtin_summarization_trace,22,0,891,134,757,0.15039281705948374,0.007863695937090432,-6.616941928863525,1.0129626989364624,2.6231675148010254,0.003367003367003367,0.007856341189674524
kvzap-predictor-trace-20260817T122012Z::builtin_summarization_trace,kvzap-predictor-trace-20260817T122012Z,builtin_summarization_trace,22,1,891,257,634,0.2884399551066218,0.1690694626474443,-5.208508491516113,1.0875582695007324,1.407091736793518,0.031425364758698095,0.08305274971941638
kvzap-predictor-trace-20260817T122012Z::builtin_summarization_trace,kvzap-predictor-trace-20260817T122012Z,builtin_summarization_trace,22,2,891,130,761,0.14590347923681257,0.002621231979030144,-7.070005416870117,0.9978187680244446,3.0745651721954346,0.0,0.003367003367003367
kvzap-predictor-trace-20260817T122012Z::builtin_summarization_trace,kvzap-predictor-trace-20260817T122012Z,builtin_summarization_trace,22,3,891,129,762,0.1447811447811448,0.001310615989515072,-7.049856185913086,0.7704972624778748,3.0550119876861572,0.0,0.0
kvzap-predictor-trace-20260817T122012Z::builtin_summarization_trace,kvzap-predictor-trace-20260817T122012Z,builtin_summarization_trace,22,4,891,129,762,0.1447811447811448,0.001310615989515072,-7.585253715515137,0.9805591106414795,3.5903215408325195,0.0,0.001122334455667789
kvzap-predictor-trace-20260817T122012Z::builtin_summarization_trace,kvzap-predictor-trace-20260817T122012Z,builtin_summarization_trace,22,5,891,796,95,0.8933782267115601,0.8754914809960681,-3.1782889366149902,0.9593526721000671,0.9360488653182983,0.09652076318742986,0.22109988776655443
kvzap-predictor-trace-20260817T122012Z::builtin_summarization_trace,kvzap-predictor-trace-20260817T122012Z,builtin_summarization_trace,22,6,891,129,762,0.1447811447811448,0.001310615989515072,-8.4775972366333,0.7677778005599976,4.482980728149414,0.0,0.0
kvzap-predictor-trace-20260817T122012Z::builtin_summarization_trace,kvzap-predictor-trace-20260817T122012Z,builtin_summarization_trace,22,7,891,130,761,0.14590347923681257,0.002621231979030144,-7.834692478179932,1.23361074924469,3.840181350708008,0.0,0.001122334455667789
kvzap-predictor-trace-20260817T122012Z::builtin_summarization_trace,kvzap-predictor-trace-20260817T122012Z,builtin_summarization_trace,23,0,891,130,761,0.14590347923681257,0.002621231979030144,-7.94219970703125,1.2745012044906616,3.9490039348602295,0.004489337822671156,0.006734006734006734
kvzap-predictor-trace-20260817T122012Z::builtin_summarization_trace,kvzap-predictor-trace-20260817T122012Z,builtin_summarization_trace,23,1,891,766,125,0.8597081930415263,0.836173001310616,-3.196434736251831,1.1528748273849487,1.2224063873291016,0.02356902356902357,0.06734006734006734
kvzap-predictor-trace-20260817T122012Z::builtin_summarization_trace,kvzap-predictor-trace-20260817T122012Z,builtin_summarization_trace,23,2,891,247,644,0.2772166105499439,0.1559633027522936,-5.398823261260986,1.294269323348999,1.687947154045105,0.02356902356902357,0.04601571268237935
kvzap-predictor-trace-20260817T122012Z::builtin_summarization_trace,kvzap-predictor-trace-20260817T122012Z,builtin_summarization_trace,23,3,891,213,678,0.23905723905723905,0.11140235910878113,-5.622580051422119,1.1127169132232666,1.7127876281738281,0.028058361391694726,0.07968574635241302
kvzap-predictor-trace-20260817T122012Z::builtin_summarization_trace,kvzap-predictor-trace-20260817T122012Z,builtin_summarization_trace,23,4,891,129,762,0.1447811447811448,0.001310615989515072,-8.177680015563965,1.0826866626739502,4.182590007781982,0.0,0.0
kvzap-predictor-trace-20260817T122012Z::builtin_summarization_trace,kvzap-predictor-trace-20260817T122012Z,builtin_summarization_trace,23,5,891,348,543,0.39057239057239057,0.28833551769331583,-4.849475860595703,1.2815098762512207,1.2239670753479004,0.05723905723905724,0.1447811447811448
kvzap-predictor-trace-20260817T122012Z::builtin_summarization_trace,kvzap-predictor-trace-20260817T122012Z,builtin_summarization_trace,23,6,891,129,762,0.1447811447811448,0.001310615989515072,-7.556204319000244,0.7485834360122681,3.5601675510406494,0.0,0.0
kvzap-predictor-trace-20260817T122012Z::builtin_summarization_trace,kvzap-predictor-trace-20260817T122012Z,builtin_summarization_trace,23,7,891,417,474,0.468013468013468,0.37876802096985585,-4.452485084533691,1.1191632747650146,0.9763871431350708,0.05948372615039282,0.15488215488215487
kvzap-predictor-trace-20260817T122012Z::builtin_summarization_trace,kvzap-predictor-trace-20260817T122012Z,builtin_summarization_trace,24,0,891,171,720,0.1919191919191919,0.0563564875491481,-6.141817569732666,1.100115418434143,2.1986706256866455,0.016835016835016835,0.038159371492704826
kvzap-predictor-trace-20260817T122012Z::builtin_summarization_trace,kvzap-predictor-trace-20260817T122012Z,builtin_summarization_trace,24,1,891,616,275,0.691358024691358,0.6395806028833552,-3.829510450363159,0.9550361633300781,0.7839155197143555,0.06621773288439955,0.19304152637485972
kvzap-predictor-trace-20260817T122012Z::builtin_summarization_trace,kvzap-predictor-trace-20260817T122012Z,builtin_summarization_trace,24,2,891,344,547,0.38608305274971944,0.28309305373525556,-4.689657211303711,1.123668909072876,1.063359260559082,0.06846240179573512,0.16610549943883277
kvzap-predictor-trace-20260817T122012Z::builtin_summarization_trace,kvzap-predictor-trace-20260817T122012Z,builtin_summarization_trace,24,3,891,302,589,0.3389450056116723,0.22804718217562253,-4.758715629577637,0.9586941003799438,1.0243231058120728,0.04152637485970819,0.1122334455667789
kvzap-predictor-trace-20260817T122012Z::builtin_summarization_trace,kvzap-predictor-trace-20260817T122012Z,builtin_summarization_trace,24,4,891,140,751,0.15712682379349047,0.015727391874180863,-7.3690290451049805,1.6012030839920044,3.3806204795837402,0.006734006734006734,0.017957351290684626
kvzap-predictor-trace-20260817T122012Z::builtin_summarization_trace,kvzap-predictor-trace-20260817T122012Z,builtin_summarization_trace,24,5,891,800,91,0.8978675645342312,0.8807339449541285,-2.3210315704345703,1.3359792232513428,2.053758144378662,0.010101010101010102,0.02244668911335578
kvzap-predictor-trace-20260817T122012Z::builtin_summarization_trace,kvzap-predictor-trace-20260817T122012Z,builtin_summarization_trace,24,6,891,141,750,0.15824915824915825,0.01703800786369594,-7.209657192230225,1.1020745038986206,3.2258083820343018,0.008978675645342313,0.012345679012345678
kvzap-predictor-trace-20260817T122012Z::builtin_summarization_trace,kvzap-predictor-trace-20260817T122012Z,builtin_summarization_trace,24,7,891,564,327,0.632996632996633,0.5714285714285714,-4.174461841583252,1.2919830083847046,1.0512678623199463,0.058361391694725026,0.14029180695847362
kvzap-predictor-trace-20260817T122012Z::builtin_summarization_trace,kvzap-predictor-trace-20260817T122012Z,builtin_summarization_trace,25,0,891,131,760,0.14702581369248036,0.003931847968545216,-9.225764274597168,1.2907761335372925,5.232147693634033,0.001122334455667789,0.001122334455667789
kvzap-predictor-trace-20260817T122012Z::builtin_summarization_trace,kvzap-predictor-trace-20260817T122012Z,builtin_summarization_trace,25,1,891,294,597,0.32996632996632996,0.21756225425950196,-4.959341526031494,1.139064073562622,1.2019939422607422,0.04938271604938271,0.12345679012345678
kvzap-predictor-trace-20260817T122012Z::builtin_summarization_trace,kvzap-predictor-trace-20260817T122012Z,builtin_summarization_trace,25,2,891,177,714,0.19865319865319866,0.06422018348623854,-6.123447895050049,1.3148510456085205,2.1824581623077393,0.019079685746352413,0.04713804713804714
kvzap-predictor-trace-20260817T122012Z::builtin_summarization_trace,kvzap-predictor-trace-20260817T122012Z,builtin_summarization_trace,25,3,891,134,757,0.15039281705948374,0.007863695937090432,-7.249464988708496,1.007969856262207,3.256777763366699,0.003367003367003367,0.01122334455667789
kvzap-predictor-trace-20260817T122012Z::builtin_summarization_trace,kvzap-predictor-trace-20260817T122012Z,builtin_summarization_trace,25,4,891,129,762,0.1447811447811448,0.001310615989515072,-8.3135347366333,1.0681653022766113,4.3189005851745605,0.0,0.0
kvzap-predictor-trace-20260817T122012Z::builtin_summarization_trace,kvzap-predictor-trace-20260817T122012Z,builtin_summarization_trace,25,5,891,130,761,0.14590347923681257,0.002621231979030144,-8.339681625366211,1.356950283050537,4.3445916175842285,0.001122334455667789,0.001122334455667789
kvzap-predictor-trace-20260817T122012Z::builtin_summarization_trace,kvzap-predictor-trace-20260817T122012Z,builtin_summarization_trace,25,6,891,134,757,0.15039281705948374,0.007863695937090432,-7.4869704246521,1.4383091926574707,3.496755838394165,0.003367003367003367,0.006734006734006734
kvzap-predictor-trace-20260817T122012Z::builtin_summarization_trace,kvzap-predictor-trace-20260817T122012Z,builtin_summarization_trace,25,7,891,479,412,0.5375982042648709,0.4600262123197903,-4.245212554931641,1.226335048675537,0.9610164165496826,0.0920314253647587,0.22334455667789002
kvzap-predictor-trace-20260817T122012Z::builtin_summarization_trace,kvzap-predictor-trace-20260817T122012Z,builtin_summarization_trace,26,0,891,130,761,0.14590347923681257,0.002621231979030144,-7.591312408447266,1.2874969244003296,3.595696449279785,0.0,0.003367003367003367
kvzap-predictor-trace-20260817T122012Z::builtin_summarization_trace,kvzap-predictor-trace-20260817T122012Z,builtin_summarization_trace,26,1,891,182,709,0.20426487093153758,0.07077326343381389,-6.235707759857178,1.1590509414672852,2.298102617263794,0.019079685746352413,0.04264870931537598
kvzap-predictor-trace-20260817T122012Z::builtin_summarization_trace,kvzap-predictor-trace-20260817T122012Z,builtin_summarization_trace,26,2,891,129,762,0.1447811447811448,0.001310615989515072,-8.624876976013184,0.8353807330131531,4.627858638763428,0.0,0.0
kvzap-predictor-trace-20260817T122012Z::builtin_summarization_trace,kvzap-predictor-trace-20260817T122012Z,builtin_summarization_trace,26,3,891,318,573,0.3569023569023569,0.2490170380078637,-4.997755527496338,1.407808780670166,1.446338415145874,0.03591470258136925,0.10213243546576879
kvzap-predictor-trace-20260817T122012Z::builtin_summarization_trace,kvzap-predictor-trace-20260817T122012Z,builtin_summarization_trace,26,4,891,204,687,0.22895622895622897,0.09960681520314547,-5.422839641571045,1.1128787994384766,1.534792423248291,0.026936026936026935,0.06285072951739619
kvzap-predictor-trace-20260817T122012Z::builtin_summarization_trace,kvzap-predictor-trace-20260817T122012Z,builtin_summarization_trace,26,5,891,132,759,0.14814814814814814,0.005242463958060288,-7.570601940155029,1.2349579334259033,3.5756523609161377,0.002244668911335578,0.003367003367003367
kvzap-predictor-trace-20260817T122012Z::builtin_summarization_trace,kvzap-predictor-trace-20260817T122012Z,builtin_summarization_trace,26,6,891,244,647,0.2738496071829405,0.15203145478374835,-5.047830581665039,0.9315589666366577,1.2080615758895874,0.020202020202020204,0.07968574635241302
kvzap-predictor-trace-20260817T122012Z::builtin_summarization_trace,kvzap-predictor-trace-20260817T122012Z,builtin_summarization_trace,26,7,891,188,703,0.21099887766554434,0.07863695937090433,-5.87883186340332,1.2215038537979126,1.9618669748306274,0.01122334455667789,0.029180695847362513
kvzap-predictor-trace-20260817T122012Z::builtin_summarization_trace,kvzap-predictor-trace-20260817T122012Z,builtin_summarization_trace,27,0,891,129,762,0.1447811447811448,0.001310615989515072,-10.008522987365723,0.7925223112106323,6.013854026794434,0.0,0.0
kvzap-predictor-trace-20260817T122012Z::builtin_summarization_trace,kvzap-predictor-trace-20260817T122012Z,builtin_summarization_trace,27,1,891,130,761,0.14590347923681257,0.002621231979030144,-8.045524597167969,1.2754225730895996,4.0515570640563965,0.001122334455667789,0.001122334455667789
kvzap-predictor-trace-20260817T122012Z::builtin_summarization_trace,kvzap-predictor-trace-20260817T122012Z,builtin_summarization_trace,27,2,891,130,761,0.14590347923681257,0.002621231979030144,-8.19963550567627,1.281921625137329,4.2054572105407715,0.001122334455667789,0.003367003367003367
kvzap-predictor-trace-20260817T122012Z::builtin_summarization_trace,kvzap-predictor-trace-20260817T122012Z,builtin_summarization_trace,27,3,891,220,671,0.24691358024691357,0.12057667103538663,-5.078432083129883,0.8434810638427734,1.1742336750030518,0.038159371492704826,0.08305274971941638
kvzap-predictor-trace-20260817T122012Z::builtin_summarization_trace,kvzap-predictor-trace-20260817T122012Z,builtin_summarization_trace,27,4,891,208,683,0.2334455667789001,0.10484927916120576,-5.684694290161133,1.1392422914505005,1.7979798316955566,0.02132435465768799,0.04938271604938271
kvzap-predictor-trace-20260817T122012Z::builtin_summarization_trace,kvzap-predictor-trace-20260817T122012Z,builtin_summarization_trace,27,5,891,132,759,0.14814814814814814,0.005242463958060288,-8.460928916931152,1.3017839193344116,4.470959663391113,0.0,0.0
kvzap-predictor-trace-20260817T122012Z::builtin_summarization_trace,kvzap-predictor-trace-20260817T122012Z,builtin_summarization_trace,27,6,891,210,681,0.2356902356902357,0.10747051114023591,-5.843425750732422,1.3169134855270386,1.9928538799285889,0.020202020202020204,0.05611672278338945
kvzap-predictor-trace-20260817T122012Z::builtin_summarization_trace,kvzap-predictor-trace-20260817T122012Z,builtin_summarization_trace,27,7,891,147,744,0.16498316498316498,0.02490170380078637,-7.4206647872924805,1.5816196203231812,3.4420595169067383,0.005611672278338945,0.014590347923681257
kvzap-predictor-trace-20260817T122012Z::builtin_summarization_trace,kvzap-predictor-trace-20260817T122012Z,builtin_summarization_trace,28,0,891,374,517,0.41975308641975306,0.3224115334207077,-4.61387300491333,1.3557062149047852,1.157310962677002,0.08978675645342311,0.17620650953984288
kvzap-predictor-trace-20260817T122012Z::builtin_summarization_trace,kvzap-predictor-trace-20260817T122012Z,builtin_summarization_trace,28,1,891,129,762,0.1447811447811448,0.001310615989515072,-8.21641731262207,1.194217562675476,4.221292972564697,0.0,0.0
kvzap-predictor-trace-20260817T122012Z::builtin_summarization_trace,kvzap-predictor-trace-20260817T122012Z,builtin_summarization_trace,28,2,891,202,689,0.22671156004489337,0.09698558322411534,-5.823731899261475,1.4232301712036133,1.9465399980545044,0.02244668911335578,0.06397306397306397
kvzap-predictor-trace-20260817T122012Z::builtin_summarization_trace,kvzap-predictor-trace-20260817T122012Z,builtin_summarization_trace,28,3,891,254,637,0.2850729517396184,0.1651376146788991,-6.086822986602783,1.9070100784301758,2.3573408126831055,0.03928170594837262,0.07968574635241302
kvzap-predictor-trace-20260817T122012Z::builtin_summarization_trace,kvzap-predictor-trace-20260817T122012Z,builtin_summarization_trace,28,4,891,173,718,0.1941638608305275,0.05897771952817824,-6.004805088043213,1.070634365081787,2.0487163066864014,0.015712682379349047,0.04264870931537598
kvzap-predictor-trace-20260817T122012Z::builtin_summarization_trace,kvzap-predictor-trace-20260817T122012Z,builtin_summarization_trace,28,5,891,436,455,0.489337822671156,0.4036697247706422,-4.21213436126709,1.174379587173462,0.938468873500824,0.07856341189674523,0.18855218855218855
kvzap-predictor-trace-20260817T122012Z::builtin_summarization_trace,kvzap-predictor-trace-20260817T122012Z,builtin_summarization_trace,28,6,891,129,762,0.1447811447811448,0.001310615989515072,-8.566656112670898,0.7262421250343323,4.57082986831665,0.0,0.0
kvzap-predictor-trace-20260817T122012Z::builtin_summarization_trace,kvzap-predictor-trace-20260817T122012Z,builtin_summarization_trace,28,7,891,129,762,0.1447811447811448,0.001310615989515072,-8.725247383117676,1.1519598960876465,4.7321038246154785,0.0,0.0
kvzap-predictor-trace-20260817T122012Z::builtin_summarization_trace,kvzap-predictor-trace-20260817T122012Z,builtin_summarization_trace,29,0,891,261,630,0.29292929292929293,0.1743119266055046,-5.403181076049805,1.4461110830307007,1.7058957815170288,0.037037037037037035,0.07631874298540965
kvzap-predictor-trace-20260817T122012Z::builtin_summarization_trace,kvzap-predictor-trace-20260817T122012Z,builtin_summarization_trace,29,1,891,238,653,0.2671156004489338,0.14416775884665792,-5.380357265472412,1.1753085851669312,1.601615071296692,0.024691358024691357,0.051627384960718295
kvzap-predictor-trace-20260817T122012Z::builtin_summarization_trace,kvzap-predictor-trace-20260817T122012Z,builtin_summarization_trace,29,2,891,661,230,0.7418630751964085,0.6985583224115334,-3.6677801609039307,1.4642102718353271,1.0923207998275757,0.09539842873176206,0.2132435465768799
kvzap-predictor-trace-20260817T122012Z::builtin_summarization_trace,kvzap-predictor-trace-20260817T122012Z,builtin_summarization_trace,29,3,891,745,146,0.8361391694725028,0.8086500655307994,-3.4459176063537598,1.1096769571304321,0.987303614616394,0.04713804713804714,0.1526374859708193
kvzap-predictor-trace-20260817T122012Z::builtin_summarization_trace,kvzap-predictor-trace-20260817T122012Z,builtin_summarization_trace,29,4,891,133,758,0.14927048260381592,0.00655307994757536,-7.578949451446533,1.1639082431793213,3.5827372074127197,0.004489337822671156,0.012345679012345678
kvzap-predictor-trace-20260817T122012Z::builtin_summarization_trace,kvzap-predictor-trace-20260817T122012Z,builtin_summarization_trace,29,5,891,129,762,0.1447811447811448,0.001310615989515072,-9.511784553527832,0.832222044467926,5.514800548553467,0.0,0.0
kvzap-predictor-trace-20260817T122012Z::builtin_summarization_trace,kvzap-predictor-trace-20260817T122012Z,builtin_summarization_trace,29,6,891,155,736,0.1739618406285073,0.035386631716906945,-7.410844326019287,1.79374361038208,3.449845790863037,0.008978675645342313,0.019079685746352413
kvzap-predictor-trace-20260817T122012Z::builtin_summarization_trace,kvzap-predictor-trace-20260817T122012Z,builtin_summarization_trace,29,7,891,129,762,0.1447811447811448,0.001310615989515072,-9.785265922546387,1.0952067375183105,5.789158821105957,0.0,0.0
kvzap-predictor-trace-20260817T122012Z::builtin_summarization_trace,kvzap-predictor-trace-20260817T122012Z,builtin_summarization_trace,30,0,891,129,762,0.1447811447811448,0.001310615989515072,-8.651357650756836,1.3001089096069336,4.655390739440918,0.0,0.001122334455667789
kvzap-predictor-trace-20260817T122012Z::builtin_summarization_trace,kvzap-predictor-trace-20260817T122012Z,builtin_summarization_trace,30,1,891,447,444,0.5016835016835017,0.418086500655308,-4.378376007080078,1.1865017414093018,1.0044103860855103,0.04152637485970819,0.1526374859708193
kvzap-predictor-trace-20260817T122012Z::builtin_summarization_trace,kvzap-predictor-trace-20260817T122012Z,builtin_summarization_trace,30,2,891,228,663,0.2558922558922559,0.1310615989515072,-6.142787456512451,1.7214605808258057,2.334134578704834,0.019079685746352413,0.04826038159371493
kvzap-predictor-trace-20260817T122012Z::builtin_summarization_trace,kvzap-predictor-trace-20260817T122012Z,builtin_summarization_trace,30,3,891,129,762,0.1447811447811448,0.001310615989515072,-9.802310943603516,1.2931022644042969,5.806695461273193,0.0,0.0
kvzap-predictor-trace-20260817T122012Z::builtin_summarization_trace,kvzap-predictor-trace-20260817T122012Z,builtin_summarization_trace,30,4,891,133,758,0.14927048260381592,0.00655307994757536,-8.457895278930664,1.5262411832809448,4.467119216918945,0.0,0.002244668911335578
kvzap-predictor-trace-20260817T122012Z::builtin_summarization_trace,kvzap-predictor-trace-20260817T122012Z,builtin_summarization_trace,30,5,891,129,762,0.1447811447811448,0.001310615989515072,-10.055274963378906,1.2754160165786743,6.0592732429504395,0.0,0.0
kvzap-predictor-trace-20260817T122012Z::builtin_summarization_trace,kvzap-predictor-trace-20260817T122012Z,builtin_summarization_trace,30,6,891,260,631,0.29180695847362514,0.17300131061598953,-5.8771820068359375,1.735119342803955,2.1642038822174072,0.03479236812570146,0.07744107744107744
kvzap-predictor-trace-20260817T122012Z::builtin_summarization_trace,kvzap-predictor-trace-20260817T122012Z,builtin_summarization_trace,30,7,891,129,762,0.1447811447811448,0.001310615989515072,-9.717101097106934,1.203397274017334,5.721169948577881,0.0,0.0
kvzap-predictor-trace-20260817T122012Z::builtin_summarization_trace,kvzap-predictor-trace-20260817T122012Z,builtin_summarization_trace,31,0,891,131,760,0.14702581369248036,0.003931847968545216,-8.909810066223145,1.478414535522461,4.916228294372559,0.001122334455667789,0.001122334455667789
kvzap-predictor-trace-20260817T122012Z::builtin_summarization_trace,kvzap-predictor-trace-20260817T122012Z,builtin_summarization_trace,31,1,891,260,631,0.29180695847362514,0.17300131061598953,-5.573929309844971,1.5394113063812256,1.849331021308899,0.026936026936026935,0.06846240179573512
kvzap-predictor-trace-20260817T122012Z::builtin_summarization_trace,kvzap-predictor-trace-20260817T122012Z,builtin_summarization_trace,31,2,891,130,761,0.14590347923681257,0.002621231979030144,-6.6406073570251465,0.8137362599372864,2.6471309661865234,0.001122334455667789,0.001122334455667789
kvzap-predictor-trace-20260817T122012Z::builtin_summarization_trace,kvzap-predictor-trace-20260817T122012Z,builtin_summarization_trace,31,3,891,190,701,0.2132435465768799,0.08125819134993446,-6.422563076019287,1.723331332206726,2.5812947750091553,0.012345679012345678,0.04152637485970819
kvzap-predictor-trace-20260817T122012Z::builtin_summarization_trace,kvzap-predictor-trace-20260817T122012Z,builtin_summarization_trace,31,4,891,129,762,0.1447811447811448,0.001310615989515072,-8.948661804199219,0.7758800387382507,4.953344345092773,0.0,0.0
kvzap-predictor-trace-20260817T122012Z::builtin_summarization_trace,kvzap-predictor-trace-20260817T122012Z,builtin_summarization_trace,31,5,891,152,739,0.17059483726150393,0.03145478374836173,-7.508180618286133,1.613432765007019,3.55509090423584,0.002244668911335578,0.014590347923681257
kvzap-predictor-trace-20260817T122012Z::builtin_summarization_trace,kvzap-predictor-trace-20260817T122012Z,builtin_summarization_trace,31,6,891,129,762,0.1447811447811448,0.001310615989515072,-8.53395938873291,0.8512910008430481,4.538501262664795,0.0,0.0
kvzap-predictor-trace-20260817T122012Z::builtin_summarization_trace,kvzap-predictor-trace-20260817T122012Z,builtin_summarization_trace,31,7,891,384,507,0.43097643097643096,0.33551769331585846,-4.590795040130615,1.5592050552368164,1.3229254484176636,0.04938271604938271,0.13131313131313133
kvzap-predictor-trace-20260817T122012Z::builtin_summarization_trace,kvzap-predictor-trace-20260817T122012Z,builtin_summarization_trace,32,0,891,280,611,0.31425364758698093,0.19921363040629095,-5.588493347167969,1.6977694034576416,1.9392142295837402,0.04152637485970819,0.07856341189674523
kvzap-predictor-trace-20260817T122012Z::builtin_summarization_trace,kvzap-predictor-trace-20260817T122012Z,builtin_summarization_trace,32,1,891,238,653,0.2671156004489338,0.14416775884665792,-5.991200923919678,1.8161288499832153,2.2238662242889404,0.028058361391694726,0.08417508417508418
kvzap-predictor-trace-20260817T122012Z::builtin_summarization_trace,kvzap-predictor-trace-20260817T122012Z,builtin_summarization_trace,32,2,891,212,679,0.23793490460157127,0.11009174311926606,-5.902181625366211,1.3210697174072266,2.0598695278167725,0.015712682379349047,0.06397306397306397
kvzap-predictor-trace-20260817T122012Z::builtin_summarization_trace,kvzap-predictor-trace-20260817T122012Z,builtin_summarization_trace,32,3,891,129,762,0.1447811447811448,0.001310615989515072,-7.263871192932129,0.6301604509353638,3.267343521118164,0.0,0.0
kvzap-predictor-trace-20260817T122012Z::builtin_summarization_trace,kvzap-predictor-trace-20260817T122012Z,builtin_summarization_trace,32,4,891,129,762,0.1447811447811448,0.001310615989515072,-9.408722877502441,0.9802247881889343,5.4124755859375,0.0,0.0
kvzap-predictor-trace-20260817T122012Z::builtin_summarization_trace,kvzap-predictor-trace-20260817T122012Z,builtin_summarization_trace,32,5,891,129,762,0.1447811447811448,0.001310615989515072,-10.215821266174316,1.029492974281311,6.219854831695557,0.0,0.0
kvzap-predictor-trace-20260817T122012Z::builtin_summarization_trace,kvzap-predictor-trace-20260817T122012Z,builtin_summarization_trace,32,6,891,129,762,0.1447811447811448,0.001310615989515072,-8.6853609085083,0.6747530698776245,4.688797473907471,0.0,0.0
kvzap-predictor-trace-20260817T122012Z::builtin_summarization_trace,kvzap-predictor-trace-20260817T122012Z,builtin_summarization_trace,32,7,891,129,762,0.1447811447811448,0.001310615989515072,-8.16503620147705,0.6126594543457031,4.16977071762085,0.0,0.0
kvzap-predictor-trace-20260817T122012Z::builtin_summarization_trace,kvzap-predictor-trace-20260817T122012Z,builtin_summarization_trace,33,0,891,132,759,0.14814814814814814,0.005242463958060288,-9.103939056396484,1.4390119314193726,5.11035680770874,0.002244668911335578,0.003367003367003367
kvzap-predictor-trace-20260817T122012Z::builtin_summarization_trace,kvzap-predictor-trace-20260817T122012Z,builtin_summarization_trace,33,1,891,196,695,0.21997755331088664,0.0891218872870249,-5.423541069030762,0.8596163392066956,1.4785352945327759,0.025813692480359147,0.07968574635241302
kvzap-predictor-trace-20260817T122012Z::builtin_summarization_trace,kvzap-predictor-trace-20260817T122012Z,builtin_summarization_trace,33,2,891,313,578,0.35129068462401797,0.24246395806028834,-5.413912296295166,1.7374860048294067,1.8683547973632812,0.03928170594837262,0.08754208754208755
kvzap-predictor-trace-20260817T122012Z::builtin_summarization_trace,kvzap-predictor-trace-20260817T122012Z,builtin_summarization_trace,33,3,891,242,649,0.2716049382716049,0.14941022280471822,-5.73319149017334,1.4745627641677856,1.9618844985961914,0.024691358024691357,0.06285072951739619
kvzap-predictor-trace-20260817T122012Z::builtin_summarization_trace,kvzap-predictor-trace-20260817T122012Z,builtin_summarization_trace,33,4,891,288,603,0.32323232323232326,0.20969855832241152,-5.326318740844727,1.535729169845581,1.7065095901489258,0.03591470258136925,0.08641975308641975
kvzap-predictor-trace-20260817T122012Z::builtin_summarization_trace,kvzap-predictor-trace-20260817T122012Z,builtin_summarization_trace,33,5,891,167,724,0.18742985409652077,0.05111402359108781,-6.692725658416748,1.3402708768844604,2.760136127471924,0.008978675645342313,0.028058361391694726
kvzap-predictor-trace-20260817T122012Z::builtin_summarization_trace,kvzap-predictor-trace-20260817T122012Z,builtin_summarization_trace,33,6,891,129,762,0.1447811447811448,0.001310615989515072,-8.41910457611084,0.8509975075721741,4.423067569732666,0.0,0.001122334455667789
kvzap-predictor-trace-20260817T122012Z::builtin_summarization_trace,kvzap-predictor-trace-20260817T122012Z,builtin_summarization_trace,33,7,891,550,341,0.6172839506172839,0.5530799475753604,-3.8077454566955566,1.339717984199524,1.0449482202529907,0.0707070707070707,0.17957351290684623
kvzap-predictor-trace-20260817T122012Z::builtin_summarization_trace,kvzap-predictor-trace-20260817T122012Z,builtin_summarization_trace,34,0,891,290,601,0.3254769921436588,0.21231979030144169,-5.153207302093506,1.3541685342788696,1.4787369966506958,0.031425364758698095,0.09427609427609428
kvzap-predictor-trace-20260817T122012Z::builtin_summarization_trace,kvzap-predictor-trace-20260817T122012Z,builtin_summarization_trace,34,1,891,221,670,0.24803591470258138,0.1218872870249017,-5.586980819702148,1.1397552490234375,1.7086840867996216,0.04040404040404041,0.07744107744107744
kvzap-predictor-trace-20260817T122012Z::builtin_summarization_trace,kvzap-predictor-trace-20260817T122012Z,builtin_summarization_trace,34,2,891,129,762,0.1447811447811448,0.001310615989515072,-8.686535835266113,1.1077182292938232,4.692111968994141,0.0,0.0
kvzap-predictor-trace-20260817T122012Z::builtin_summarization_trace,kvzap-predictor-trace-20260817T122012Z,builtin_summarization_trace,34,3,891,129,762,0.1447811447811448,0.001310615989515072,-6.876884937286377,0.45219409465789795,2.8823740482330322,0.0,0.0
kvzap-predictor-trace-20260817T122012Z::builtin_summarization_trace,kvzap-predictor-trace-20260817T122012Z,builtin_summarization_trace,34,4,891,166,725,0.186307519640853,0.04980340760157274,-5.579519271850586,0.8705189228057861,1.6190638542175293,0.012345679012345678,0.04264870931537598
kvzap-predictor-trace-20260817T122012Z::builtin_summarization_trace,kvzap-predictor-trace-20260817T122012Z,builtin_summarization_trace,34,5,891,131,760,0.14702581369248036,0.003931847968545216,-6.323293685913086,0.7121707797050476,2.3314480781555176,0.0,0.004489337822671156
kvzap-predictor-trace-20260817T122012Z::builtin_summarization_trace,kvzap-predictor-trace-20260817T122012Z,builtin_summarization_trace,34,6,891,129,762,0.1447811447811448,0.001310615989515072,-9.679161071777344,1.2091799974441528,5.6850361824035645,0.0,0.0
kvzap-predictor-trace-20260817T122012Z::builtin_summarization_trace,kvzap-predictor-trace-20260817T122012Z,builtin_summarization_trace,34,7,891,706,185,0.792368125701459,0.7575360419397117,-3.6226062774658203,0.9409856200218201,0.8658897876739502,0.04264870931537598,0.10549943883277217
kvzap-predictor-trace-20260817T122012Z::builtin_summarization_trace,kvzap-predictor-trace-20260817T122012Z,builtin_summarization_trace,35,0,891,129,762,0.1447811447811448,0.001310615989515072,-8.155570030212402,0.6289147734642029,4.165347099304199,0.0,0.0
kvzap-predictor-trace-20260817T122012Z::builtin_summarization_trace,kvzap-predictor-trace-20260817T122012Z,builtin_summarization_trace,35,1,891,129,762,0.1447811447811448,0.001310615989515072,-8.789369583129883,0.8251678347587585,4.80238151550293,0.0,0.0
kvzap-predictor-trace-20260817T122012Z::builtin_summarization_trace,kvzap-predictor-trace-20260817T122012Z,builtin_summarization_trace,35,2,891,155,736,0.1739618406285073,0.035386631716906945,-6.9349045753479,1.2650033235549927,2.9867424964904785,0.006734006734006734,0.02244668911335578
kvzap-predictor-trace-20260817T122012Z::builtin_summarization_trace,kvzap-predictor-trace-20260817T122012Z,builtin_summarization_trace,35,3,891,129,762,0.1447811447811448,0.001310615989515072,-7.6023430824279785,0.8945745229721069,3.6024832725524902,0.002244668911335578,0.002244668911335578
kvzap-predictor-trace-20260817T122012Z::builtin_summarization_trace,kvzap-predictor-trace-20260817T122012Z,builtin_summarization_trace,35,4,891,138,753,0.15488215488215487,0.01310615989515072,-6.982200622558594,0.9160397052764893,2.994931936264038,0.006734006734006734,0.010101010101010102
kvzap-predictor-trace-20260817T122012Z::builtin_summarization_trace,kvzap-predictor-trace-20260817T122012Z,builtin_summarization_trace,35,5,891,165,726,0.18518518518518517,0.04849279161205767,-6.221452713012695,1.2904696464538574,2.2687268257141113,0.015712682379349047,0.03928170594837262
kvzap-predictor-trace-20260817T122012Z::builtin_summarization_trace,kvzap-predictor-trace-20260817T122012Z,builtin_summarization_trace,35,6,891,140,751,0.15712682379349047,0.015727391874180863,-7.130883693695068,1.1081154346466064,3.1712348461151123,0.001122334455667789,0.004489337822671156
kvzap-predictor-trace-20260817T122012Z::builtin_summarization_trace,kvzap-predictor-trace-20260817T122012Z,builtin_summarization_trace,35,7,891,129,762,0.1447811447811448,0.001310615989515072,-7.096932888031006,0.769338071346283,3.102491855621338,0.0,0.0
kvzap-predictor-trace-20260817T122049Z::builtin_reasoning_trace,kvzap-predictor-trace-20260817T122049Z,builtin_reasoning_trace,0,0,2031,163,1868,0.08025603151157065,0.01839201261166579,-4.9279680252075195,0.365164577960968,0.9458933472633362,0.0004923682914820286,0.04234367306745446
kvzap-predictor-trace-20260817T122049Z::builtin_reasoning_trace,kvzap-predictor-trace-20260817T122049Z,builtin_reasoning_trace,0,1,2031,139,1892,0.06843919251600197,0.005780346820809248,-5.758508682250977,0.9974718689918518,1.759062647819519,0.011816838995568686,0.059084194977843424
kvzap-predictor-trace-20260817T122049Z::builtin_reasoning_trace,kvzap-predictor-trace-20260817T122049Z,builtin_reasoning_trace,0,2,2031,128,1903,0.06302314130969966,0.0,-5.776679992675781,0.464253306388855,1.7766802310943604,0.0,0.0
kvzap-predictor-trace-20260817T122049Z::builtin_reasoning_trace,kvzap-predictor-trace-20260817T122049Z,builtin_reasoning_trace,0,3,2031,152,1879,0.07483998030526834,0.012611665790856543,-5.415866374969482,0.7962272763252258,1.4165743589401245,0.05957656326932546,0.0896110290497292
kvzap-predictor-trace-20260817T122049Z::builtin_reasoning_trace,kvzap-predictor-trace-20260817T122049Z,builtin_reasoning_trace,0,4,2031,128,1903,0.06302314130969966,0.0,-5.820131778717041,0.5917341113090515,1.8201316595077515,0.0,0.0
kvzap-predictor-trace-20260817T122049Z::builtin_reasoning_trace,kvzap-predictor-trace-20260817T122049Z,builtin_reasoning_trace,0,5,2031,139,1892,0.06843919251600197,0.005780346820809248,-5.732305526733398,0.6094716787338257,1.7387371063232422,0.0,0.005908419497784343
kvzap-predictor-trace-20260817T122049Z::builtin_reasoning_trace,kvzap-predictor-trace-20260817T122049Z,builtin_reasoning_trace,0,6,2031,592,1439,0.2914820285573609,0.24382553862322648,-5.113560199737549,1.0323972702026367,1.2708871364593506,0.06006893156080748,0.11866075824716889
kvzap-predictor-trace-20260817T122049Z::builtin_reasoning_trace,kvzap-predictor-trace-20260817T122049Z,builtin_reasoning_trace,0,7,2031,128,1903,0.06302314130969966,0.0,-6.124461650848389,0.6388017535209656,2.1244614124298096,0.0,0.0
kvzap-predictor-trace-20260817T122049Z::builtin_reasoning_trace,kvzap-predictor-trace-20260817T122049Z,builtin_reasoning_trace,1,0,2031,128,1903,0.06302314130969966,0.0,-6.262201309204102,0.5128571391105652,2.2622015476226807,0.0,0.0
kvzap-predictor-trace-20260817T122049Z::builtin_reasoning_trace,kvzap-predictor-trace-20260817T122049Z,builtin_reasoning_trace,1,1,2031,128,1903,0.06302314130969966,0.0,-5.701209545135498,0.38792139291763306,1.7012094259262085,0.0,0.0019694731659281144
kvzap-predictor-trace-20260817T122049Z::builtin_reasoning_trace,kvzap-predictor-trace-20260817T122049Z,builtin_reasoning_trace,1,2,2031,155,1876,0.07631708517971443,0.01418812401471361,-5.954117298126221,0.6165427565574646,1.9636262655258179,0.003938946331856229,0.011324470704086657
kvzap-predictor-trace-20260817T122049Z::builtin_reasoning_trace,kvzap-predictor-trace-20260817T122049Z,builtin_reasoning_trace,1,3,2031,128,1903,0.06302314130969966,0.0,-5.729305267333984,0.4020008146762848,1.7293051481246948,0.0,0.0004923682914820286
kvzap-predictor-trace-20260817T122049Z::builtin_reasoning_trace,kvzap-predictor-trace-20260817T122049Z,builtin_reasoning_trace,1,4,2031,190,1841,0.09354997538158542,0.0325801366263794,-5.16752815246582,0.5496180057525635,1.1939008235931396,0.02708025603151157,0.05760709010339734
kvzap-predictor-trace-20260817T122049Z::builtin_reasoning_trace,kvzap-predictor-trace-20260817T122049Z,builtin_reasoning_trace,1,5,2031,487,1544,0.2397833579517479,0.18864950078822912,-5.358243942260742,1.2508057355880737,1.5943962335586548,0.043328409650418516,0.10241260462826195
kvzap-predictor-trace-20260817T122049Z::builtin_reasoning_trace,kvzap-predictor-trace-20260817T122049Z,builtin_reasoning_trace,1,6,2031,128,1903,0.06302314130969966,0.0,-6.6281232833862305,0.6743341088294983,2.6281235218048096,0.0,0.0
kvzap-predictor-trace-20260817T122049Z::builtin_reasoning_trace,kvzap-predictor-trace-20260817T122049Z,builtin_reasoning_trace,1,7,2031,1738,293,0.8557360905957656,0.8460325801366264,-2.320908784866333,1.1661254167556763,1.7851966619491577,0.04972919743968488,0.12604628261939932
kvzap-predictor-trace-20260817T122049Z::builtin_reasoning_trace,kvzap-predictor-trace-20260817T122049Z,builtin_reasoning_trace,2,0,2031,156,1875,0.07680945347119646,0.014713610089332634,-6.88773250579834,0.9364492893218994,2.8959641456604004,0.009847365829640572,0.023141309699655343
kvzap-predictor-trace-20260817T122049Z::builtin_reasoning_trace,kvzap-predictor-trace-20260817T122049Z,builtin_reasoning_trace,2,1,2031,201,1830,0.09896602658788774,0.03836048344718865,-5.603474140167236,0.8426197171211243,1.624984622001648,0.02018709995076317,0.05366814377154111
kvzap-predictor-trace-20260817T122049Z::builtin_reasoning_trace,kvzap-predictor-trace-20260817T122049Z,builtin_reasoning_trace,2,2,2031,224,1807,0.11029049729197439,0.05044666316342617,-5.9291605949401855,1.0174237489700317,2.0120322704315186,0.0054160512063023145,0.011816838995568686
kvzap-predictor-trace-20260817T122049Z::builtin_reasoning_trace,kvzap-predictor-trace-20260817T122049Z,builtin_reasoning_trace,2,3,2031,288,1743,0.14180206794682423,0.08407777193904362,-5.41942834854126,1.0351152420043945,1.4917912483215332,0.034958148695224026,0.0827178729689808
kvzap-predictor-trace-20260817T122049Z::builtin_reasoning_trace,kvzap-predictor-trace-20260817T122049Z,builtin_reasoning_trace,2,4,2031,141,1890,0.06942392909896603,0.006831318970047294,-5.980243682861328,0.7830135226249695,1.9833825826644897,0.004923682914820286,0.014771048744460856
kvzap-predictor-trace-20260817T122049Z::builtin_reasoning_trace,kvzap-predictor-trace-20260817T122049Z,builtin_reasoning_trace,2,5,2031,365,1666,0.17971442639094043,0.12454019968470835,-5.164820194244385,0.9281347393989563,1.2663097381591797,0.04529788281634663,0.12112259970457903
kvzap-predictor-trace-20260817T122049Z::builtin_reasoning_trace,kvzap-predictor-trace-20260817T122049Z,builtin_reasoning_trace,2,6,2031,139,1892,0.06843919251600197,0.005780346820809248,-5.588995456695557,0.4941363036632538,1.5950578451156616,0.0009847365829640572,0.005908419497784343
kvzap-predictor-trace-20260817T122049Z::builtin_reasoning_trace,kvzap-predictor-trace-20260817T122049Z,builtin_reasoning_trace,2,7,2031,2030,1,0.999507631708518,0.999474513925381,-1.273059606552124,0.5406683683395386,2.7270326614379883,0.0004923682914820286,0.0004923682914820286
kvzap-predictor-trace-20260817T122049Z::builtin_reasoning_trace,kvzap-predictor-trace-20260817T122049Z,builtin_reasoning_trace,3,0,2031,222,1809,0.10930576070901034,0.04939569101418812,-5.8771233558654785,1.2494817972183228,1.964365005493164,0.023141309699655343,0.06006893156080748
kvzap-predictor-trace-20260817T122049Z::builtin_reasoning_trace,kvzap-predictor-trace-20260817T122049Z,builtin_reasoning_trace,3,1,2031,1686,345,0.8301329394387001,0.8187073042564372,-2.9789113998413086,1.1795096397399902,1.2816128730773926,0.04234367306745446,0.11570654849827672
kvzap-predictor-trace-20260817T122049Z::builtin_reasoning_trace,kvzap-predictor-trace-20260817T122049Z,builtin_reasoning_trace,3,2,2031,366,1665,0.18020679468242246,0.1250656857593274,-5.083033084869385,0.9290869832038879,1.21798837184906,0.03741999015263417,0.09748892171344166
kvzap-predictor-trace-20260817T122049Z::builtin_reasoning_trace,kvzap-predictor-trace-20260817T122049Z,builtin_reasoning_trace,3,3,2031,1352,679,0.6656819300837026,0.6431949553336836,-3.704927921295166,1.501110315322876,1.2854094505310059,0.06253077301821763,0.1171836533727228
kvzap-predictor-trace-20260817T122049Z::builtin_reasoning_trace,kvzap-predictor-trace-20260817T122049Z,builtin_reasoning_trace,3,4,2031,409,1622,0.20137863121614968,0.14766158696794535,-5.18711519241333,1.1508477926254272,1.3610751628875732,0.05809945839487937,0.12309207287050714
kvzap-predictor-trace-20260817T122049Z::builtin_reasoning_trace,kvzap-predictor-trace-20260817T122049Z,builtin_reasoning_trace,3,5,2031,138,1893,0.06794682422451995,0.005254860746190226,-7.873045921325684,1.7006728649139404,3.878523588180542,0.0034465780403741997,0.010832102412604629
kvzap-predictor-trace-20260817T122049Z::builtin_reasoning_trace,kvzap-predictor-trace-20260817T122049Z,builtin_reasoning_trace,3,6,2031,165,1866,0.08124076809453472,0.019442984760903836,-5.744614601135254,0.8090534210205078,1.7594473361968994,0.011816838995568686,0.03249630723781388
kvzap-predictor-trace-20260817T122049Z::builtin_reasoning_trace,kvzap-predictor-trace-20260817T122049Z,builtin_reasoning_trace,3,7,2031,184,1847,0.09059576563269325,0.029427220178665267,-5.392048358917236,0.7819145917892456,1.4190669059753418,0.019202363367799114,0.05465288035450517
kvzap-predictor-trace-20260817T122049Z::builtin_reasoning_trace,kvzap-predictor-trace-20260817T122049Z,builtin_reasoning_trace,4,0,2031,187,1844,0.09207287050713935,0.031003678402522335,-6.348158359527588,1.230533242225647,2.376638650894165,0.017232890201871,0.03938946331856229
kvzap-predictor-trace-20260817T122049Z::builtin_reasoning_trace,kvzap-predictor-trace-20260817T122049Z,builtin_reasoning_trace,4,1,2031,1860,171,0.9158050221565731,0.9101418812401472,-2.7678215503692627,0.8751927018165588,1.2946783304214478,0.026095519448547513,0.08517971442639094
kvzap-predictor-trace-20260817T122049Z::builtin_reasoning_trace,kvzap-predictor-trace-20260817T122049Z,builtin_reasoning_trace,4,2,2031,139,1892,0.06843919251600197,0.005780346820809248,-5.807753086090088,0.7568414211273193,1.812415361404419,0.007877892663712457,0.017232890201871
kvzap-predictor-trace-20260817T122049Z::builtin_reasoning_trace,kvzap-predictor-trace-20260817T122049Z,builtin_reasoning_trace,4,3,2031,136,1895,0.06696208764155588,0.004203888596952181,-6.126915454864502,0.7904449105262756,2.1282541751861572,0.002461841457410143,0.007877892663712457
kvzap-predictor-trace-20260817T122049Z::builtin_reasoning_trace,kvzap-predictor-trace-20260817T122049Z,builtin_reasoning_trace,4,4,2031,145,1886,0.07139340226489414,0.008933263268523384,-6.229681968688965,0.9204568862915039,2.2376677989959717,0.0034465780403741997,0.009354997538158542
kvzap-predictor-trace-20260817T122049Z::builtin_reasoning_trace,kvzap-predictor-trace-20260817T122049Z,builtin_reasoning_trace,4,5,2031,129,1902,0.06351550960118169,0.0005254860746190226,-8.336726188659668,1.287613034248352,4.337510585784912,0.0,0.0014771048744460858
kvzap-predictor-trace-20260817T122049Z::builtin_reasoning_trace,kvzap-predictor-trace-20260817T122049Z,builtin_reasoning_trace,4,6,2031,141,1890,0.06942392909896603,0.006831318970047294,-6.465487957000732,1.0746392011642456,2.46905779838562,0.003938946331856229,0.009354997538158542
kvzap-predictor-trace-20260817T122049Z::builtin_reasoning_trace,kvzap-predictor-trace-20260817T122049Z,builtin_reasoning_trace,4,7,2031,236,1795,0.11619891678975874,0.05675249605885444,-5.680541515350342,0.9748312830924988,1.7591434717178345,0.012309207287050714,0.03692762186115214
kvzap-predictor-trace-20260817T122049Z::builtin_reasoning_trace,kvzap-predictor-trace-20260817T122049Z,builtin_reasoning_trace,5,0,2031,320,1711,0.15755785327424915,0.10089332632685234,-5.419145584106445,1.044282078742981,1.5619287490844727,0.02117183653372723,0.055145248645987195
kvzap-predictor-trace-20260817T122049Z::builtin_reasoning_trace,kvzap-predictor-trace-20260817T122049Z,builtin_reasoning_trace,5,1,2031,512,1519,0.25209256523879864,0.20178665265370468,-4.813368320465088,1.0883325338363647,1.132317304611206,0.05120630231413097,0.12259970457902511
kvzap-predictor-trace-20260817T122049Z::builtin_reasoning_trace,kvzap-predictor-trace-20260817T122049Z,builtin_reasoning_trace,5,2,2031,149,1882,0.07336287543082226,0.011035207566999475,-6.077801704406738,0.8171309232711792,2.0836641788482666,0.007385524372230428,0.022156573116691284
kvzap-predictor-trace-20260817T122049Z::builtin_reasoning_trace,kvzap-predictor-trace-20260817T122049Z,builtin_reasoning_trace,5,3,2031,1453,578,0.7154111275233875,0.6962690488702049,-3.5463056564331055,1.3270683288574219,1.1272233724594116,0.06351550960118169,0.1516494337764648
kvzap-predictor-trace-20260817T122049Z::builtin_reasoning_trace,kvzap-predictor-trace-20260817T122049Z,builtin_reasoning_trace,5,4,2031,133,1898,0.0654849827671098,0.002627430373095113,-5.588310718536377,0.5270226001739502,1.5899264812469482,0.0014771048744460858,0.0029542097488921715
kvzap-predictor-trace-20260817T122049Z::builtin_reasoning_trace,kvzap-predictor-trace-20260817T122049Z,builtin_reasoning_trace,5,5,2031,160,1871,0.07877892663712457,0.016815554387808723,-5.390255928039551,0.7444486021995544,1.3934407234191895,0.023141309699655343,0.04431314623338257
kvzap-predictor-trace-20260817T122049Z::builtin_reasoning_trace,kvzap-predictor-trace-20260817T122049Z,builtin_reasoning_trace,5,6,2031,129,1902,0.06351550960118169,0.0005254860746190226,-6.500507831573486,0.6714121103286743,2.5006308555603027,0.0,0.0004923682914820286
kvzap-predictor-trace-20260817T122049Z::builtin_reasoning_trace,kvzap-predictor-trace-20260817T122049Z,builtin_reasoning_trace,5,7,2031,135,1896,0.06646971935007386,0.0036784025223331584,-7.8213396072387695,1.249860167503357,3.8246169090270996,0.0014771048744460858,0.004431314623338257
kvzap-predictor-trace-20260817T122049Z::builtin_reasoning_trace,kvzap-predictor-trace-20260817T122049Z,builtin_reasoning_trace,6,0,2031,134,1897,0.06597735105859183,0.0031529164477141357,-6.370024681091309,0.6247335076332092,2.375051498413086,0.0009847365829640572,0.004923682914820286
kvzap-predictor-trace-20260817T122049Z::builtin_reasoning_trace,kvzap-predictor-trace-20260817T122049Z,builtin_reasoning_trace,6,1,2031,139,1892,0.06843919251600197,0.005780346820809248,-6.169967174530029,0.8811183571815491,2.182537794113159,0.004431314623338257,0.014771048744460856
kvzap-predictor-trace-20260817T122049Z::builtin_reasoning_trace,kvzap-predictor-trace-20260817T122049Z,builtin_reasoning_trace,6,2,2031,234,1797,0.11521418020679468,0.05570152390961639,-5.768969535827637,1.0750583410263062,1.8543685674667358,0.019694731659281144,0.046282619399310686
kvzap-predictor-trace-20260817T122049Z::builtin_reasoning_trace,kvzap-predictor-trace-20260817T122049Z,builtin_reasoning_trace,6,3,2031,565,1466,0.2781880846873461,0.22963741460851286,-4.789560794830322,1.0970666408538818,1.071222186088562,0.07483998030526834,0.17331363860167406
kvzap-predictor-trace-20260817T122049Z::builtin_reasoning_trace,kvzap-predictor-trace-20260817T122049Z,builtin_reasoning_trace,6,4,2031,166,1865,0.08173313638601674,0.019968470835522858,-5.969219207763672,0.8057094812393188,2.0014233589172363,0.0034465780403741997,0.009354997538158542
kvzap-predictor-trace-20260817T122049Z::builtin_reasoning_trace,kvzap-predictor-trace-20260817T122049Z,builtin_reasoning_trace,6,5,2031,129,1902,0.06351550960118169,0.0005254860746190226,-6.796421051025391,0.5974467396736145,2.8019909858703613,0.0,0.0004923682914820286
kvzap-predictor-trace-20260817T122049Z::builtin_reasoning_trace,kvzap-predictor-trace-20260817T122049Z,builtin_reasoning_trace,6,6,2031,189,1842,0.0930576070901034,0.03205465055176038,-6.298058032989502,1.292489767074585,2.33115816116333,0.011324470704086657,0.028557360905957656
kvzap-predictor-trace-20260817T122049Z::builtin_reasoning_trace,kvzap-predictor-trace-20260817T122049Z,builtin_reasoning_trace,6,7,2031,336,1695,0.1654357459379616,0.1093011035207567,-4.930953025817871,0.7896263003349304,1.0294420719146729,0.04972919743968488,0.1255539143279173
kvzap-predictor-trace-20260817T122049Z::builtin_reasoning_trace,kvzap-predictor-trace-20260817T122049Z,builtin_reasoning_trace,7,0,2031,174,1857,0.08567208271787297,0.02417235943247504,-6.053598880767822,0.8109407424926758,2.0730936527252197,0.009354997538158542,0.025603151157065487
kvzap-predictor-trace-20260817T122049Z::builtin_reasoning_trace,kvzap-predictor-trace-20260817T122049Z,builtin_reasoning_trace,7,1,2031,2031,0,1.0,1.0,-1.8887218236923218,0.45251330733299255,2.1112780570983887,0.0,0.0
kvzap-predictor-trace-20260817T122049Z::builtin_reasoning_trace,kvzap-predictor-trace-20260817T122049Z,builtin_reasoning_trace,7,2,2031,132,1899,0.06499261447562776,0.0021019442984760903,-7.325347900390625,0.8808313608169556,3.3263325691223145,0.0009847365829640572,0.0029542097488921715
kvzap-predictor-trace-20260817T122049Z::builtin_reasoning_trace,kvzap-predictor-trace-20260817T122049Z,builtin_reasoning_trace,7,3,2031,128,1903,0.06302314130969966,0.0,-7.764201641082764,0.9165840148925781,3.7642016410827637,0.0,0.0
kvzap-predictor-trace-20260817T122049Z::builtin_reasoning_trace,kvzap-predictor-trace-20260817T122049Z,builtin_reasoning_trace,7,4,2031,128,1903,0.06302314130969966,0.0,-7.7732954025268555,0.8072848320007324,3.7732951641082764,0.0004923682914820286,0.0004923682914820286
kvzap-predictor-trace-20260817T122049Z::builtin_reasoning_trace,kvzap-predictor-trace-20260817T122049Z,builtin_reasoning_trace,7,5,2031,1721,310,0.8473658296405712,0.837099316868103,-3.186400890350342,0.9420045018196106,1.0531055927276611,0.03988183161004431,0.10881339241752831
kvzap-predictor-trace-20260817T122049Z::builtin_reasoning_trace,kvzap-predictor-trace-20260817T122049Z,builtin_reasoning_trace,7,6,2031,129,1902,0.06351550960118169,0.0005254860746190226,-6.803806781768799,0.621032178401947,2.8046681880950928,0.0,0.0
kvzap-predictor-trace-20260817T122049Z::builtin_reasoning_trace,kvzap-predictor-trace-20260817T122049Z,builtin_reasoning_trace,7,7,2031,129,1902,0.06351550960118169,0.0005254860746190226,-7.051306247711182,0.5569841265678406,3.0516602993011475,0.0,0.0
kvzap-predictor-trace-20260817T122049Z::builtin_reasoning_trace,kvzap-predictor-trace-20260817T122049Z,builtin_reasoning_trace,8,0,2031,208,1823,0.10241260462826195,0.04203888596952181,-6.508306980133057,1.1763631105422974,2.5751187801361084,0.008862629246676515,0.023141309699655343
kvzap-predictor-trace-20260817T122049Z::builtin_reasoning_trace,kvzap-predictor-trace-20260817T122049Z,builtin_reasoning_trace,8,1,2031,330,1701,0.16248153618906944,0.10614818707304256,-5.603259086608887,1.2395535707473755,1.7338287830352783,0.019202363367799114,0.06105366814377154
kvzap-predictor-trace-20260817T122049Z::builtin_reasoning_trace,kvzap-predictor-trace-20260817T122049Z,builtin_reasoning_trace,8,2,2031,129,1902,0.06351550960118169,0.0005254860746190226,-8.317588806152344,0.9763791561126709,4.320520401000977,0.0,0.0
kvzap-predictor-trace-20260817T122049Z::builtin_reasoning_trace,kvzap-predictor-trace-20260817T122049Z,builtin_reasoning_trace,8,3,2031,130,1901,0.06400787789266371,0.0010509721492380452,-7.123926639556885,0.8228523135185242,3.12739634513855,0.0,0.0
kvzap-predictor-trace-20260817T122049Z::builtin_reasoning_trace,kvzap-predictor-trace-20260817T122049Z,builtin_reasoning_trace,8,4,2031,990,1041,0.4874446085672083,0.4529689963215975,-4.2638068199157715,1.4183825254440308,1.1700925827026367,0.06499261447562776,0.15411127523387494
kvzap-predictor-trace-20260817T122049Z::builtin_reasoning_trace,kvzap-predictor-trace-20260817T122049Z,builtin_reasoning_trace,8,5,2031,400,1631,0.19694731659281142,0.14293221229637415,-5.138018608093262,1.0163935422897339,1.2889572381973267,0.043328409650418516,0.11472181191531265
kvzap-predictor-trace-20260817T122049Z::builtin_reasoning_trace,kvzap-predictor-trace-20260817T122049Z,builtin_reasoning_trace,8,6,2031,413,1618,0.2033481043820778,0.14976353126642145,-5.26986026763916,1.1018633842468262,1.4968187808990479,0.025110782865583457,0.060561299852289516
kvzap-predictor-trace-20260817T122049Z::builtin_reasoning_trace,kvzap-predictor-trace-20260817T122049Z,builtin_reasoning_trace,8,7,2031,168,1863,0.0827178729689808,0.021019442984760904,-8.265328407287598,1.8317643404006958,4.297940731048584,0.0029542097488921715,0.009354997538158542
kvzap-predictor-trace-20260817T122049Z::builtin_reasoning_trace,kvzap-predictor-trace-20260817T122049Z,builtin_reasoning_trace,9,0,2031,142,1889,0.06991629739044805,0.007356805044666317,-6.873382568359375,0.8064467906951904,2.8872034549713135,0.0019694731659281144,0.004923682914820286
kvzap-predictor-trace-20260817T122049Z::builtin_reasoning_trace,kvzap-predictor-trace-20260817T122049Z,builtin_reasoning_trace,9,1,2031,129,1902,0.06351550960118169,0.0005254860746190226,-8.08595085144043,0.9445253014564514,4.089363098144531,0.0004923682914820286,0.0004923682914820286
kvzap-predictor-trace-20260817T122049Z::builtin_reasoning_trace,kvzap-predictor-trace-20260817T122049Z,builtin_reasoning_trace,9,2,2031,1198,833,0.5898572131954702,0.5622700998423542,-3.883836507797241,1.2911524772644043,1.0148588418960571,0.06302314130969966,0.16592811422944362
kvzap-predictor-trace-20260817T122049Z::builtin_reasoning_trace,kvzap-predictor-trace-20260817T122049Z,builtin_reasoning_trace,9,3,2031,210,1821,0.103397341211226,0.04308985811875985,-6.122311115264893,1.0288125276565552,2.1744022369384766,0.01624815361890694,0.03840472673559823
kvzap-predictor-trace-20260817T122049Z::builtin_reasoning_trace,kvzap-predictor-trace-20260817T122049Z,builtin_reasoning_trace,9,4,2031,1979,52,0.9743968488429345,0.9726747241198108,-2.824176549911499,0.5906872749328613,1.21004319190979,0.015263417035942885,0.032988675529295915
kvzap-predictor-trace-20260817T122049Z::builtin_reasoning_trace,kvzap-predictor-trace-20260817T122049Z,builtin_reasoning_trace,9,5,2031,206,1825,0.10142786804529788,0.040987913820283765,-6.431382656097412,1.1380923986434937,2.486022710800171,0.008370260955194485,0.02708025603151157
kvzap-predictor-trace-20260817T122049Z::builtin_reasoning_trace,kvzap-predictor-trace-20260817T122049Z,builtin_reasoning_trace,9,6,2031,390,1641,0.19202363367799113,0.13767735155018393,-6.413271903991699,2.120887279510498,2.6796317100524902,0.01772525849335303,0.0448055145248646
kvzap-predictor-trace-20260817T122049Z::builtin_reasoning_trace,kvzap-predictor-trace-20260817T122049Z,builtin_reasoning_trace,9,7,2031,1678,353,0.8261939931068439,0.814503415659485,-3.209584951400757,0.9267185926437378,0.9925938248634338,0.07336287543082226,0.16691285081240767
kvzap-predictor-trace-20260817T122049Z::builtin_reasoning_trace,kvzap-predictor-trace-20260817T122049Z,builtin_reasoning_trace,10,0,2031,143,1888,0.07040866568193008,0.007882291119285338,-6.3868794441223145,0.8853720426559448,2.394324541091919,0.007385524372230428,0.017232890201871
kvzap-predictor-trace-20260817T122049Z::builtin_reasoning_trace,kvzap-predictor-trace-20260817T122049Z,builtin_reasoning_trace,10,1,2031,151,1880,0.07434761201378631,0.01208617971623752,-6.785155296325684,0.9405383467674255,2.796454668045044,0.003938946331856229,0.007877892663712457
kvzap-predictor-trace-20260817T122049Z::builtin_reasoning_trace,kvzap-predictor-trace-20260817T122049Z,builtin_reasoning_trace,10,2,2031,150,1881,0.07385524372230429,0.011560693641618497,-6.872815132141113,1.0442030429840088,2.8866937160491943,0.0054160512063023145,0.017232890201871
kvzap-predictor-trace-20260817T122049Z::builtin_reasoning_trace,kvzap-predictor-trace-20260817T122049Z,builtin_reasoning_trace,10,3,2031,141,1890,0.06942392909896603,0.006831318970047294,-7.4377923011779785,1.2052887678146362,3.451824903488159,0.002461841457410143,0.009354997538158542
kvzap-predictor-trace-20260817T122049Z::builtin_reasoning_trace,kvzap-predictor-trace-20260817T122049Z,builtin_reasoning_trace,10,4,2031,129,1902,0.06351550960118169,0.0005254860746190226,-7.725473880767822,1.0249779224395752,3.731659173965454,0.0,0.0
kvzap-predictor-trace-20260817T122049Z::builtin_reasoning_trace,kvzap-predictor-trace-20260817T122049Z,builtin_reasoning_trace,10,5,2031,134,1897,0.06597735105859183,0.0031529164477141357,-7.391301155090332,0.7213134765625,3.3973803520202637,0.0009847365829640572,0.0029542097488921715
kvzap-predictor-trace-20260817T122049Z::builtin_reasoning_trace,kvzap-predictor-trace-20260817T122049Z,builtin_reasoning_trace,10,6,2031,370,1661,0.18217626784835056,0.12716763005780346,-5.735886573791504,1.4407001733779907,1.9812476634979248,0.014278680452978828,0.046282619399310686
kvzap-predictor-trace-20260817T122049Z::builtin_reasoning_trace,kvzap-predictor-trace-20260817T122049Z,builtin_reasoning_trace,10,7,2031,164,1867,0.08074839980305268,0.018917498686284815,-7.093130588531494,1.1185985803604126,3.120987892150879,0.0034465780403741997,0.009354997538158542
kvzap-predictor-trace-20260817T122049Z::builtin_reasoning_trace,kvzap-predictor-trace-20260817T122049Z,builtin_reasoning_trace,11,0,2031,227,1804,0.11176760216642048,0.05202312138728324,-6.353725910186768,1.2723520994186401,2.462066888809204,0.008862629246676515,0.02708025603151157
kvzap-predictor-trace-20260817T122049Z::builtin_reasoning_trace,kvzap-predictor-trace-20260817T122049Z,builtin_reasoning_trace,11,1,2031,403,1628,0.1984244214672575,0.14450867052023122,-5.129536151885986,1.1363599300384521,1.3415369987487793,0.047267355982274745,0.11176760216642048
kvzap-predictor-trace-20260817T122049Z::builtin_reasoning_trace,kvzap-predictor-trace-20260817T122049Z,builtin_reasoning_trace,11,2,2031,1908,123,0.9394387001477105,0.9353652128218602,-2.6904964447021484,0.7624838948249817,1.3478773832321167,0.029542097488921712,0.0723781388478582
kvzap-predictor-trace-20260817T122049Z::builtin_reasoning_trace,kvzap-predictor-trace-20260817T122049Z,builtin_reasoning_trace,11,3,2031,574,1457,0.2826193993106844,0.2343667892800841,-5.156468391418457,1.5697380304336548,1.6519081592559814,0.038897095027080254,0.08419497784342689
kvzap-predictor-trace-20260817T122049Z::builtin_reasoning_trace,kvzap-predictor-trace-20260817T122049Z,builtin_reasoning_trace,11,4,2031,621,1410,0.30576070901033975,0.2590646347871781,-4.766353130340576,1.32163667678833,1.2546647787094116,0.056129985228951254,0.13047759724273758
kvzap-predictor-trace-20260817T122049Z::builtin_reasoning_trace,kvzap-predictor-trace-20260817T122049Z,builtin_reasoning_trace,11,5,2031,138,1893,0.06794682422451995,0.005254860746190226,-7.394348621368408,1.1795662641525269,3.39756441116333,0.0034465780403741997,0.004923682914820286
kvzap-predictor-trace-20260817T122049Z::builtin_reasoning_trace,kvzap-predictor-trace-20260817T122049Z,builtin_reasoning_trace,11,6,2031,763,1268,0.37567700640078777,0.33368365738307937,-4.556491851806641,1.259146809577942,1.1212221384048462,0.05957656326932546,0.14574101427868044
kvzap-predictor-trace-20260817T122049Z::builtin_reasoning_trace,kvzap-predictor-trace-20260817T122049Z,builtin_reasoning_trace,11,7,2031,161,1870,0.0792712949286066,0.017341040462427744,-7.089056968688965,1.1277730464935303,3.103797435760498,0.008370260955194485,0.01772525849335303
kvzap-predictor-trace-20260817T122049Z::builtin_reasoning_trace,kvzap-predictor-trace-20260817T122049Z,builtin_reasoning_trace,12,0,2031,1809,222,0.8906942392909897,0.883342091434577,-3.1659204959869385,0.6792281270027161,0.9325839877128601,0.041851304775972424,0.11127523387493846
kvzap-predictor-trace-20260817T122049Z::builtin_reasoning_trace,kvzap-predictor-trace-20260817T122049Z,builtin_reasoning_trace,12,1,2031,245,1786,0.12063023141309699,0.061481870730425645,-5.716380596160889,1.0492560863494873,1.7889740467071533,0.01772525849335303,0.03938946331856229
kvzap-predictor-trace-20260817T122049Z::builtin_reasoning_trace,kvzap-predictor-trace-20260817T122049Z,builtin_reasoning_trace,12,2,2031,289,1742,0.14229443623830626,0.08460325801366264,-5.813927173614502,1.2022024393081665,1.927148699760437,0.019202363367799114,0.053175775480059084
kvzap-predictor-trace-20260817T122049Z::builtin_reasoning_trace,kvzap-predictor-trace-20260817T122049Z,builtin_reasoning_trace,12,3,2031,212,1819,0.10438207779419005,0.0441408302679979,-6.59031867980957,1.4028054475784302,2.65106463432312,0.008862629246676515,0.024618414574101428
kvzap-predictor-trace-20260817T122049Z::builtin_reasoning_trace,kvzap-predictor-trace-20260817T122049Z,builtin_reasoning_trace,12,4,2031,149,1882,0.07336287543082226,0.011035207566999475,-6.777695655822754,1.2019991874694824,2.7842812538146973,0.004431314623338257,0.013293943870014771
kvzap-predictor-trace-20260817T122049Z::builtin_reasoning_trace,kvzap-predictor-trace-20260817T122049Z,builtin_reasoning_trace,12,5,2031,200,1831,0.09847365829640571,0.03783499737256963,-6.72164249420166,1.5219534635543823,2.7675559520721436,0.012309207287050714,0.025603151157065487
kvzap-predictor-trace-20260817T122049Z::builtin_reasoning_trace,kvzap-predictor-trace-20260817T122049Z,builtin_reasoning_trace,12,6,2031,1859,172,0.9153126538650911,0.9096163951655282,-2.7442281246185303,0.9241894483566284,1.3355355262756348,0.034958148695224026,0.08616445100935499
kvzap-predictor-trace-20260817T122049Z::builtin_reasoning_trace,kvzap-predictor-trace-20260817T122049Z,builtin_reasoning_trace,12,7,2031,883,1148,0.4347612013786312,0.3967419863373621,-4.52369499206543,1.5672203302383423,1.3079763650894165,0.05563761693746923,0.14229443623830626
kvzap-predictor-trace-20260817T122049Z::builtin_reasoning_trace,kvzap-predictor-trace-20260817T122049Z,builtin_reasoning_trace,13,0,2031,471,1560,0.23190546528803546,0.18024172359432475,-5.474241256713867,1.5367761850357056,1.7887451648712158,0.029542097488921712,0.07483998030526834
kvzap-predictor-trace-20260817T122049Z::builtin_reasoning_trace,kvzap-predictor-trace-20260817T122049Z,builtin_reasoning_trace,13,1,2031,158,1873,0.07779419005416051,0.015764582238570676,-6.285404205322266,0.8894878029823303,2.2986981868743896,0.011816838995568686,0.025603151157065487
kvzap-predictor-trace-20260817T122049Z::builtin_reasoning_trace,kvzap-predictor-trace-20260817T122049Z,builtin_reasoning_trace,13,2,2031,1636,395,0.8055145248645987,0.792433000525486,-3.199718713760376,1.0630919933319092,1.1416155099868774,0.04431314623338257,0.10241260462826195
kvzap-predictor-trace-20260817T122049Z::builtin_reasoning_trace,kvzap-predictor-trace-20260817T122049Z,builtin_reasoning_trace,13,3,2031,1824,207,0.8980797636632201,0.8912243825538623,-2.805145740509033,1.1978249549865723,1.440946102142334,0.02117183653372723,0.068931560807484
kvzap-predictor-trace-20260817T122049Z::builtin_reasoning_trace,kvzap-predictor-trace-20260817T122049Z,builtin_reasoning_trace,13,4,2031,776,1255,0.38207779419005417,0.34051497635312666,-4.451136112213135,1.1238101720809937,0.9645456075668335,0.07139340226489414,0.17626784835056622
kvzap-predictor-trace-20260817T122049Z::builtin_reasoning_trace,kvzap-predictor-trace-20260817T122049Z,builtin_reasoning_trace,13,5,2031,128,1903,0.06302314130969966,0.0,-8.433283805847168,1.040629506111145,4.433284282684326,0.0,0.0004923682914820286
kvzap-predictor-trace-20260817T122049Z::builtin_reasoning_trace,kvzap-predictor-trace-20260817T122049Z,builtin_reasoning_trace,13,6,2031,150,1881,0.07385524372230429,0.011560693641618497,-7.340245723724365,1.208833932876587,3.3578710556030273,0.0034465780403741997,0.007385524372230428
kvzap-predictor-trace-20260817T122049Z::builtin_reasoning_trace,kvzap-predictor-trace-20260817T122049Z,builtin_reasoning_trace,13,7,2031,2020,11,0.9945839487936977,0.9942196531791907,-2.0127880573272705,0.6502529382705688,1.9909662008285522,0.0019694731659281144,0.006400787789266372
kvzap-predictor-trace-20260817T122049Z::builtin_reasoning_trace,kvzap-predictor-trace-20260817T122049Z,builtin_reasoning_trace,14,0,2031,133,1898,0.0654849827671098,0.002627430373095113,-6.314107894897461,0.7520190477371216,2.3169851303100586,0.0004923682914820286,0.0019694731659281144
kvzap-predictor-trace-20260817T122049Z::builtin_reasoning_trace,kvzap-predictor-trace-20260817T122049Z,builtin_reasoning_trace,14,1,2031,355,1676,0.17479074347612014,0.11928533893851813,-5.480993747711182,1.22213876247406,1.6562538146972656,0.02018709995076317,0.0585918266863614
kvzap-predictor-trace-20260817T122049Z::builtin_reasoning_trace,kvzap-predictor-trace-20260817T122049Z,builtin_reasoning_trace,14,2,2031,147,1884,0.0723781388478582,0.009984235417761429,-6.877323150634766,1.2418724298477173,2.887263059616089,0.0034465780403741997,0.009354997538158542
kvzap-predictor-trace-20260817T122049Z::builtin_reasoning_trace,kvzap-predictor-trace-20260817T122049Z,builtin_reasoning_trace,14,3,2031,863,1168,0.42491383554899065,0.38623226484498163,-4.088102340698242,0.9332762360572815,0.7447695732116699,0.08567208271787297,0.2122107336287543
kvzap-predictor-trace-20260817T122049Z::builtin_reasoning_trace,kvzap-predictor-trace-20260817T122049Z,builtin_reasoning_trace,14,4,2031,286,1745,0.14081733136386015,0.08302679978980557,-5.267936706542969,0.8506668210029602,1.3599557876586914,0.0310192023633678,0.07287050713934022
kvzap-predictor-trace-20260817T122049Z::builtin_reasoning_trace,kvzap-predictor-trace-20260817T122049Z,builtin_reasoning_trace,14,5,2031,129,1902,0.06351550960118169,0.0005254860746190226,-7.3427653312683105,0.6044918298721313,3.3455963134765625,0.0,0.0
kvzap-predictor-trace-20260817T122049Z::builtin_reasoning_trace,kvzap-predictor-trace-20260817T122049Z,builtin_reasoning_trace,14,6,2031,229,1802,0.11275233874938453,0.05307409353652128,-6.223923683166504,1.334142804145813,2.3015871047973633,0.012309207287050714,0.032003938946331856
kvzap-predictor-trace-20260817T122049Z::builtin_reasoning_trace,kvzap-predictor-trace-20260817T122049Z,builtin_reasoning_trace,14,7,2031,134,1897,0.06597735105859183,0.0031529164477141357,-7.2306132316589355,0.742293655872345,3.2368290424346924,0.0,0.0
kvzap-predictor-trace-20260817T122049Z::builtin_reasoning_trace,kvzap-predictor-trace-20260817T122049Z,builtin_reasoning_trace,15,0,2031,264,1767,0.12998522895125553,0.07146610614818708,-6.296875,1.3337558507919312,2.370314836502075,0.018709995076317085,0.041851304775972424
kvzap-predictor-trace-20260817T122049Z::builtin_reasoning_trace,kvzap-predictor-trace-20260817T122049Z,builtin_reasoning_trace,15,1,2031,768,1263,0.37813884785819796,0.33631108775617446,-4.415655136108398,1.0907020568847656,0.9557138085365295,0.06450024618414574,0.15411127523387494
kvzap-predictor-trace-20260817T122049Z::builtin_reasoning_trace,kvzap-predictor-trace-20260817T122049Z,builtin_reasoning_trace,15,2,2031,1465,566,0.7213195470211718,0.7025748817656332,-3.350980758666992,1.2054933309555054,1.108891248703003,0.06253077301821763,0.14278680452978829
kvzap-predictor-trace-20260817T122049Z::builtin_reasoning_trace,kvzap-predictor-trace-20260817T122049Z,builtin_reasoning_trace,15,3,2031,512,1519,0.25209256523879864,0.20178665265370468,-5.481743812561035,1.6469188928604126,1.8623907566070557,0.034958148695224026,0.0723781388478582
kvzap-predictor-trace-20260817T122049Z::builtin_reasoning_trace,kvzap-predictor-trace-20260817T122049Z,builtin_reasoning_trace,15,4,2031,299,1732,0.14721811915312655,0.08985811875985286,-5.4777703285217285,0.9918172359466553,1.5485098361968994,0.03151157065484983,0.06696208764155588
kvzap-predictor-trace-20260817T122049Z::builtin_reasoning_trace,kvzap-predictor-trace-20260817T122049Z,builtin_reasoning_trace,15,5,2031,129,1902,0.06351550960118169,0.0005254860746190226,-7.479012966156006,0.8967574238777161,3.4815361499786377,0.0,0.0
kvzap-predictor-trace-20260817T122049Z::builtin_reasoning_trace,kvzap-predictor-trace-20260817T122049Z,builtin_reasoning_trace,15,6,2031,129,1902,0.06351550960118169,0.0005254860746190226,-7.909773349761963,0.9012467861175537,3.9124507904052734,0.0004923682914820286,0.0004923682914820286
kvzap-predictor-trace-20260817T122049Z::builtin_reasoning_trace,kvzap-predictor-trace-20260817T122049Z,builtin_reasoning_trace,15,7,2031,548,1483,0.26981782373215163,0.2207041513399895,-4.823001384735107,1.0243560075759888,1.0837256908416748,0.05366814377154111,0.13343180699162974
kvzap-predictor-trace-20260817T122049Z::builtin_reasoning_trace,kvzap-predictor-trace-20260817T122049Z,builtin_reasoning_trace,16,0,2031,276,1755,0.1358936484490399,0.07777193904361535,-5.974096775054932,1.1887127161026,2.0677545070648193,0.014278680452978828,0.041851304775972424
kvzap-predictor-trace-20260817T122049Z::builtin_reasoning_trace,kvzap-predictor-trace-20260817T122049Z,builtin_reasoning_trace,16,1,2031,389,1642,0.1915312653865091,0.1371518654755649,-5.212556838989258,1.08421790599823,1.3611444234848022,0.03840472673559823,0.10487444608567208
kvzap-predictor-trace-20260817T122049Z::builtin_reasoning_trace,kvzap-predictor-trace-20260817T122049Z,builtin_reasoning_trace,16,2,2031,134,1897,0.06597735105859183,0.0031529164477141357,-7.957267761230469,1.1303038597106934,3.9611220359802246,0.0009847365829640572,0.0014771048744460858
kvzap-predictor-trace-20260817T122049Z::builtin_reasoning_trace,kvzap-predictor-trace-20260817T122049Z,builtin_reasoning_trace,16,3,2031,538,1493,0.26489414081733137,0.21544929059379928,-4.848042964935303,0.9533357620239258,1.0334810018539429,0.06696208764155588,0.1654357459379616
kvzap-predictor-trace-20260817T122049Z::builtin_reasoning_trace,kvzap-predictor-trace-20260817T122049Z,builtin_reasoning_trace,16,4,2031,188,1843,0.09256523879862137,0.03152916447714135,-6.362615585327148,1.1075323820114136,2.4136335849761963,0.007877892663712457,0.02018709995076317
kvzap-predictor-trace-20260817T122049Z::builtin_reasoning_trace,kvzap-predictor-trace-20260817T122049Z,builtin_reasoning_trace,16,5,2031,1008,1023,0.4963072378138848,0.4624277456647399,-4.475692272186279,1.8480684757232666,1.4861493110656738,0.05760709010339734,0.13146233382570163
kvzap-predictor-trace-20260817T122049Z::builtin_reasoning_trace,kvzap-predictor-trace-20260817T122049Z,builtin_reasoning_trace,16,6,2031,138,1893,0.06794682422451995,0.005254860746190226,-7.5724897384643555,1.1696697473526,3.5839602947235107,0.0009847365829640572,0.0019694731659281144
kvzap-predictor-trace-20260817T122049Z::builtin_reasoning_trace,kvzap-predictor-trace-20260817T122049Z,builtin_reasoning_trace,16,7,2031,261,1770,0.12850812407680945,0.06988964792433,-5.83193302154541,1.1570852994918823,1.9012340307235718,0.019202363367799114,0.046282619399310686
kvzap-predictor-trace-20260817T122049Z::builtin_reasoning_trace,kvzap-predictor-trace-20260817T122049Z,builtin_reasoning_trace,17,0,2031,588,1443,0.2895125553914328,0.2417235943247504,-4.9391069412231445,1.2717790603637695,1.3330496549606323,0.04529788281634663,0.1019202363367799
kvzap-predictor-trace-20260817T122049Z::builtin_reasoning_trace,kvzap-predictor-trace-20260817T122049Z,builtin_reasoning_trace,17,1,2031,743,1288,0.3658296405711472,0.32317393589069887,-4.456236839294434,1.0777661800384521,0.967507541179657,0.05563761693746923,0.14229443623830626
kvzap-predictor-trace-20260817T122049Z::builtin_reasoning_trace,kvzap-predictor-trace-20260817T122049Z,builtin_reasoning_trace,17,2,2031,182,1849,0.0896110290497292,0.02837624802942722,-7.610990524291992,1.5351366996765137,3.6408865451812744,0.005908419497784343,0.01624815361890694
kvzap-predictor-trace-20260817T122049Z::builtin_reasoning_trace,kvzap-predictor-trace-20260817T122049Z,builtin_reasoning_trace,17,3,2031,540,1491,0.2658788774002954,0.2165002627430373,-4.967982769012451,1.174250841140747,1.3031892776489258,0.04529788281634663,0.10142786804529788
kvzap-predictor-trace-20260817T122049Z::builtin_reasoning_trace,kvzap-predictor-trace-20260817T122049Z,builtin_reasoning_trace,17,4,2031,335,1696,0.16494337764647957,0.10877561744613767,-6.302379608154297,1.585412859916687,2.4524519443511963,0.0241260462826194,0.05465288035450517
kvzap-predictor-trace-20260817T122049Z::builtin_reasoning_trace,kvzap-predictor-trace-20260817T122049Z,builtin_reasoning_trace,17,5,2031,552,1479,0.2717872968980798,0.22280609563846557,-4.984447956085205,1.342656135559082,1.4516979455947876,0.033973412112259974,0.06843919251600197
kvzap-predictor-trace-20260817T122049Z::builtin_reasoning_trace,kvzap-predictor-trace-20260817T122049Z,builtin_reasoning_trace,17,6,2031,738,1293,0.36336779911373707,0.3205465055176038,-4.6239190101623535,1.2597813606262207,1.1777180433273315,0.047267355982274745,0.11127523387493846
kvzap-predictor-trace-20260817T122049Z::builtin_reasoning_trace,kvzap-predictor-trace-20260817T122049Z,builtin_reasoning_trace,17,7,2031,136,1895,0.06696208764155588,0.004203888596952181,-7.066600322723389,1.2726612091064453,3.0703701972961426,0.002461841457410143,0.007877892663712457
kvzap-predictor-trace-20260817T122049Z::builtin_reasoning_trace,kvzap-predictor-trace-20260817T122049Z,builtin_reasoning_trace,18,0,2031,180,1851,0.08862629246676514,0.027325275880189175,-6.196728229522705,1.1059311628341675,2.2166459560394287,0.014771048744460856,0.033973412112259974
kvzap-predictor-trace-20260817T122049Z::builtin_reasoning_trace,kvzap-predictor-trace-20260817T122049Z,builtin_reasoning_trace,18,1,2031,353,1678,0.1738060068931561,0.11823436678928008,-5.676756381988525,1.1904613971710205,1.8111498355865479,0.018217626784835055,0.051698670605613
kvzap-predictor-trace-20260817T122049Z::builtin_reasoning_trace,kvzap-predictor-trace-20260817T122049Z,builtin_reasoning_trace,18,2,2031,354,1677,0.17429837518463812,0.1187598528638991,-5.712560653686523,1.3968449831008911,1.8464311361312866,0.03249630723781388,0.08419497784342689
kvzap-predictor-trace-20260817T122049Z::builtin_reasoning_trace,kvzap-predictor-trace-20260817T122049Z,builtin_reasoning_trace,18,3,2031,1021,1010,0.5027080256031512,0.46925906463478717,-4.092871189117432,1.0853197574615479,0.848906397819519,0.09059576563269325,0.19891678975873953
kvzap-predictor-trace-20260817T122049Z::builtin_reasoning_trace,kvzap-predictor-trace-20260817T122049Z,builtin_reasoning_trace,18,4,2031,449,1582,0.22107336287543083,0.16868102995270626,-5.062915325164795,1.063628911972046,1.277311086654663,0.0482520925652388,0.103397341211226
kvzap-predictor-trace-20260817T122049Z::builtin_reasoning_trace,kvzap-predictor-trace-20260817T122049Z,builtin_reasoning_trace,18,5,2031,397,1634,0.19547021171836534,0.14135575407251708,-5.181310653686523,1.0125209093093872,1.3174890279769897,0.04431314623338257,0.09945839487936976
kvzap-predictor-trace-20260817T122049Z::builtin_reasoning_trace,kvzap-predictor-trace-20260817T122049Z,builtin_reasoning_trace,18,6,2031,381,1650,0.18759231905465287,0.1329479768786127,-5.592045783996582,1.2878731489181519,1.7433184385299683,0.028064992614475627,0.06942392909896603
kvzap-predictor-trace-20260817T122049Z::builtin_reasoning_trace,kvzap-predictor-trace-20260817T122049Z,builtin_reasoning_trace,18,7,2031,251,1780,0.12358444116198916,0.06463478717813978,-6.126038551330566,1.321690320968628,2.186800003051758,0.01674052191038897,0.052191038897095025
kvzap-predictor-trace-20260817T122049Z::builtin_reasoning_trace,kvzap-predictor-trace-20260817T122049Z,builtin_reasoning_trace,19,0,2031,325,1706,0.16001969473165928,0.10352075669994745,-5.598823547363281,1.1573233604431152,1.6931198835372925,0.03545051698670606,0.07483998030526834
kvzap-predictor-trace-20260817T122049Z::builtin_reasoning_trace,kvzap-predictor-trace-20260817T122049Z,builtin_reasoning_trace,19,1,2031,131,1900,0.06450024618414574,0.0015764582238570678,-7.839341640472412,0.8560872077941895,3.8413267135620117,0.0009847365829640572,0.0014771048744460858
kvzap-predictor-trace-20260817T122049Z::builtin_reasoning_trace,kvzap-predictor-trace-20260817T122049Z,builtin_reasoning_trace,19,2,2031,203,1828,0.0999507631708518,0.0394114555964267,-6.317300796508789,1.2355005741119385,2.350966215133667,0.011816838995568686,0.029049729197439686
kvzap-predictor-trace-20260817T122049Z::builtin_reasoning_trace,kvzap-predictor-trace-20260817T122049Z,builtin_reasoning_trace,19,3,2031,603,1428,0.2968980797636632,0.24960588544403572,-4.9965901374816895,1.3263908624649048,1.377548336982727,0.038897095027080254,0.10142786804529788
kvzap-predictor-trace-20260817T122049Z::builtin_reasoning_trace,kvzap-predictor-trace-20260817T122049Z,builtin_reasoning_trace,19,4,2031,135,1896,0.06646971935007386,0.0036784025223331584,-7.89092493057251,1.5031423568725586,3.8944640159606934,0.0019694731659281144,0.005908419497784343
kvzap-predictor-trace-20260817T122049Z::builtin_reasoning_trace,kvzap-predictor-trace-20260817T122049Z,builtin_reasoning_trace,19,5,2031,129,1902,0.06351550960118169,0.0005254860746190226,-6.672883033752441,0.7667796015739441,2.6741445064544678,0.0,0.0004923682914820286
kvzap-predictor-trace-20260817T122049Z::builtin_reasoning_trace,kvzap-predictor-trace-20260817T122049Z,builtin_reasoning_trace,19,6,2031,1386,645,0.6824224519940916,0.6610614818707304,-3.466642141342163,1.0525752305984497,0.881493091583252,0.0965041851304776,0.22058099458394878
kvzap-predictor-trace-20260817T122049Z::builtin_reasoning_trace,kvzap-predictor-trace-20260817T122049Z,builtin_reasoning_trace,19,7,2031,313,1718,0.15411127523387494,0.09721492380451918,-6.36242151260376,1.5721361637115479,2.4875600337982178,0.019202363367799114,0.0482520925652388
kvzap-predictor-trace-20260817T122049Z::builtin_reasoning_trace,kvzap-predictor-trace-20260817T122049Z,builtin_reasoning_trace,20,0,2031,202,1829,0.09945839487936976,0.03888596952180767,-6.532802104949951,1.4790196418762207,2.5653021335601807,0.01674052191038897,0.03643525356967011
kvzap-predictor-trace-20260817T122049Z::builtin_reasoning_trace,kvzap-predictor-trace-20260817T122049Z,builtin_reasoning_trace,20,1,2031,398,1633,0.19596258000984737,0.1418812401471361,-4.880415916442871,0.7265087366104126,0.9889524579048157,0.0448055145248646,0.11176760216642048
kvzap-predictor-trace-20260817T122049Z::builtin_reasoning_trace,kvzap-predictor-trace-20260817T122049Z,builtin_reasoning_trace,20,2,2031,537,1494,0.26440177252584934,0.21492380451918025,-5.12957763671875,1.2444308996200562,1.3547898530960083,0.05563761693746923,0.12259970457902511
kvzap-predictor-trace-20260817T122049Z::builtin_reasoning_trace,kvzap-predictor-trace-20260817T122049Z,builtin_reasoning_trace,20,3,2031,872,1159,0.4293451501723289,0.39096163951655283,-4.461825847625732,1.2565422058105469,1.079594373703003,0.05957656326932546,0.15460364352535697
kvzap-predictor-trace-20260817T122049Z::builtin_reasoning_trace,kvzap-predictor-trace-20260817T122049Z,builtin_reasoning_trace,20,4,2031,795,1236,0.3914327917282127,0.35049921177088805,-4.40510368347168,1.0382016897201538,0.9074578285217285,0.06843919251600197,0.17232890201870998
kvzap-predictor-trace-20260817T122049Z::builtin_reasoning_trace,kvzap-predictor-trace-20260817T122049Z,builtin_reasoning_trace,20,5,2031,1475,556,0.7262432299359921,0.7078297425118234,-3.3315985202789307,1.586395502090454,1.552910327911377,0.022156573116691284,0.055145248645987195
kvzap-predictor-trace-20260817T122049Z::builtin_reasoning_trace,kvzap-predictor-trace-20260817T122049Z,builtin_reasoning_trace,20,6,2031,1320,711,0.6499261447562777,0.626379400945875,-3.712061643600464,1.3901714086532593,1.1393046379089355,0.055145248645987195,0.13835548990645002
kvzap-predictor-trace-20260817T122049Z::builtin_reasoning_trace,kvzap-predictor-trace-20260817T122049Z,builtin_reasoning_trace,20,7,2031,1047,984,0.5155096011816839,0.48292170257488176,-4.197906970977783,1.4118785858154297,1.1811549663543701,0.047267355982274745,0.11472181191531265
kvzap-predictor-trace-20260817T122049Z::builtin_reasoning_trace,kvzap-predictor-trace-20260817T122049Z,builtin_reasoning_trace,21,0,2031,139,1892,0.06843919251600197,0.005780346820809248,-6.987760066986084,0.957058846950531,2.9931299686431885,0.0019694731659281144,0.0054160512063023145
kvzap-predictor-trace-20260817T122049Z::builtin_reasoning_trace,kvzap-predictor-trace-20260817T122049Z,builtin_reasoning_trace,21,1,2031,393,1638,0.1935007385524372,0.13925380977404098,-5.004019737243652,0.9210637807846069,1.177356481552124,0.03052683407188577,0.0827178729689808
kvzap-predictor-trace-20260817T122049Z::builtin_reasoning_trace,kvzap-predictor-trace-20260817T122049Z,builtin_reasoning_trace,21,2,2031,938,1093,0.46184145741014276,0.4256437204414083,-4.1631855964660645,1.0189597606658936,0.8410612344741821,0.07631708517971443,0.1841457410142787
kvzap-predictor-trace-20260817T122049Z::builtin_reasoning_trace,kvzap-predictor-trace-20260817T122049Z,builtin_reasoning_trace,21,3,2031,187,1844,0.09207287050713935,0.031003678402522335,-6.70457124710083,1.3690663576126099,2.726189374923706,0.013786312161496799,0.0310192023633678
kvzap-predictor-trace-20260817T122049Z::builtin_reasoning_trace,kvzap-predictor-trace-20260817T122049Z,builtin_reasoning_trace,21,4,2031,438,1593,0.21565731166912852,0.162900683131897,-4.963237762451172,0.9664553999900818,1.1459757089614868,0.0448055145248646,0.11915312653865091
kvzap-predictor-trace-20260817T122049Z::builtin_reasoning_trace,kvzap-predictor-trace-20260817T122049Z,builtin_reasoning_trace,21,5,2031,699,1332,0.34416543574593794,0.3000525486074619,-4.766671180725098,1.3817863464355469,1.3102304935455322,0.04677498769079271,0.10881339241752831
kvzap-predictor-trace-20260817T122049Z::builtin_reasoning_trace,kvzap-predictor-trace-20260817T122049Z,builtin_reasoning_trace,21,6,2031,340,1691,0.1674052191038897,0.11140304781923278,-5.495926380157471,1.1527372598648071,1.6020548343658447,0.032988675529295915,0.08173313638601674
kvzap-predictor-trace-20260817T122049Z::builtin_reasoning_trace,kvzap-predictor-trace-20260817T122049Z,builtin_reasoning_trace,21,7,2031,424,1607,0.2087641555883801,0.1555438780872307,-5.1037397384643555,0.9988613724708557,1.2737836837768555,0.03249630723781388,0.09354997538158542
kvzap-predictor-trace-20260817T122049Z::builtin_reasoning_trace,kvzap-predictor-trace-20260817T122049Z,builtin_reasoning_trace,22,0,2031,142,1889,0.06991629739044805,0.007356805044666317,-6.4018073081970215,0.9766666889190674,2.4073078632354736,0.003938946331856229,0.013293943870014771
kvzap-predictor-trace-20260817T122049Z::builtin_reasoning_trace,kvzap-predictor-trace-20260817T122049Z,builtin_reasoning_trace,22,1,2031,496,1535,0.24421467257508617,0.19337887545980031,-5.089280128479004,1.1649028062820435,1.3296328783035278,0.03741999015263417,0.10487444608567208
kvzap-predictor-trace-20260817T122049Z::builtin_reasoning_trace,kvzap-predictor-trace-20260817T122049Z,builtin_reasoning_trace,22,2,2031,152,1879,0.07483998030526834,0.012611665790856543,-6.437323093414307,1.0988941192626953,2.444324016571045,0.008862629246676515,0.02018709995076317
kvzap-predictor-trace-20260817T122049Z::builtin_reasoning_trace,kvzap-predictor-trace-20260817T122049Z,builtin_reasoning_trace,22,3,2031,135,1896,0.06646971935007386,0.0036784025223331584,-6.983213424682617,0.9242285490036011,2.9886293411254883,0.0009847365829640572,0.003938946331856229
kvzap-predictor-trace-20260817T122049Z::builtin_reasoning_trace,kvzap-predictor-trace-20260817T122049Z,builtin_reasoning_trace,22,4,2031,133,1898,0.0654849827671098,0.002627430373095113,-7.104855060577393,1.0767499208450317,3.1078171730041504,0.0014771048744460858,0.0034465780403741997
kvzap-predictor-trace-20260817T122049Z::builtin_reasoning_trace,kvzap-predictor-trace-20260817T122049Z,builtin_reasoning_trace,22,5,2031,1396,635,0.6873461349089118,0.6663163426169206,-3.558709144592285,1.1397209167480469,0.9166108965873718,0.08074839980305268,0.20039389463318563
kvzap-predictor-trace-20260817T122049Z::builtin_reasoning_trace,kvzap-predictor-trace-20260817T122049Z,builtin_reasoning_trace,22,6,2031,129,1902,0.06351550960118169,0.0005254860746190226,-8.161208152770996,0.8849800229072571,4.163569927215576,0.0,0.0
kvzap-predictor-trace-20260817T122049Z::builtin_reasoning_trace,kvzap-predictor-trace-20260817T122049Z,builtin_reasoning_trace,22,7,2031,139,1892,0.06843919251600197,0.005780346820809248,-7.7363481521606445,1.2475606203079224,3.7421412467956543,0.0014771048744460858,0.0034465780403741997
kvzap-predictor-trace-20260817T122049Z::builtin_reasoning_trace,kvzap-predictor-trace-20260817T122049Z,builtin_reasoning_trace,23,0,2031,212,1819,0.10438207779419005,0.0441408302679979,-7.025941848754883,1.6016923189163208,3.0671775341033936,0.012801575578532743,0.0310192023633678
kvzap-predictor-trace-20260817T122049Z::builtin_reasoning_trace,kvzap-predictor-trace-20260817T122049Z,builtin_reasoning_trace,23,1,2031,1557,474,0.7666174298375185,0.7509196006305833,-3.41172194480896,1.3586747646331787,1.2853177785873413,0.025110782865583457,0.059084194977843424
kvzap-predictor-trace-20260817T122049Z::builtin_reasoning_trace,kvzap-predictor-trace-20260817T122049Z,builtin_reasoning_trace,23,2,2031,393,1638,0.1935007385524372,0.13925380977404098,-5.5363640785217285,1.2709170579910278,1.7453628778457642,0.026095519448547513,0.06499261447562776
kvzap-predictor-trace-20260817T122049Z::builtin_reasoning_trace,kvzap-predictor-trace-20260817T122049Z,builtin_reasoning_trace,23,3,2031,385,1646,0.189561792220581,0.1350499211770888,-5.397587299346924,1.1504427194595337,1.5479751825332642,0.027572624322993598,0.07877892663712457
kvzap-predictor-trace-20260817T122049Z::builtin_reasoning_trace,kvzap-predictor-trace-20260817T122049Z,builtin_reasoning_trace,23,4,2031,132,1899,0.06499261447562776,0.0021019442984760903,-7.999176979064941,1.1259946823120117,4.0033464431762695,0.0,0.0009847365829640572
kvzap-predictor-trace-20260817T122049Z::builtin_reasoning_trace,kvzap-predictor-trace-20260817T122049Z,builtin_reasoning_trace,23,5,2031,700,1331,0.34465780403741997,0.30057803468208094,-4.6958394050598145,1.2882893085479736,1.1532803773880005,0.05662235352043329,0.14574101427868044
kvzap-predictor-trace-20260817T122049Z::builtin_reasoning_trace,kvzap-predictor-trace-20260817T122049Z,builtin_reasoning_trace,23,6,2031,129,1902,0.06351550960118169,0.0005254860746190226,-7.25663948059082,0.8809739351272583,3.258378028869629,0.0004923682914820286,0.0004923682914820286
kvzap-predictor-trace-20260817T122049Z::builtin_reasoning_trace,kvzap-predictor-trace-20260817T122049Z,builtin_reasoning_trace,23,7,2031,696,1335,0.34268833087149186,0.29847609038360484,-4.603754997253418,1.0675350427627563,1.0024733543395996,0.06006893156080748,0.15460364352535697
kvzap-predictor-trace-20260817T122049Z::builtin_reasoning_trace,kvzap-predictor-trace-20260817T122049Z,builtin_reasoning_trace,24,0,2031,219,1812,0.10782865583456426,0.047819232790331054,-6.001919269561768,0.9809441566467285,2.0442399978637695,0.012309207287050714,0.032003938946331856
kvzap-predictor-trace-20260817T122049Z::builtin_reasoning_trace,kvzap-predictor-trace-20260817T122049Z,builtin_reasoning_trace,24,1,2031,1042,989,0.5130477597242737,0.48029427220178667,-4.240448951721191,1.2061634063720703,0.93868088722229,0.09256523879862137,0.2033481043820778
kvzap-predictor-trace-20260817T122049Z::builtin_reasoning_trace,kvzap-predictor-trace-20260817T122049Z,builtin_reasoning_trace,24,2,2031,531,1500,0.2614475627769572,0.2117708880714661,-4.901376247406006,1.1297721862792969,1.1915273666381836,0.04283604135893648,0.12161496799606106
kvzap-predictor-trace-20260817T122049Z::builtin_reasoning_trace,kvzap-predictor-trace-20260817T122049Z,builtin_reasoning_trace,24,3,2031,539,1492,0.2653865091088134,0.2159747766684183,-4.84200382232666,1.0128272771835327,1.0895264148712158,0.05268340718857706,0.13244707040866568
kvzap-predictor-trace-20260817T122049Z::builtin_reasoning_trace,kvzap-predictor-trace-20260817T122049Z,builtin_reasoning_trace,24,4,2031,189,1842,0.0930576070901034,0.03205465055176038,-7.000392436981201,1.578980803489685,3.0315499305725098,0.011324470704086657,0.025603151157065487
kvzap-predictor-trace-20260817T122049Z::builtin_reasoning_trace,kvzap-predictor-trace-20260817T122049Z,builtin_reasoning_trace,24,5,2031,1685,346,0.8296405711472181,0.8181818181818182,-2.675908088684082,1.5868103504180908,1.9563542604446411,0.007385524372230428,0.026095519448547513
kvzap-predictor-trace-20260817T122049Z::builtin_reasoning_trace,kvzap-predictor-trace-20260817T122049Z,builtin_reasoning_trace,24,6,2031,166,1865,0.08173313638601674,0.019968470835522858,-7.360374927520752,1.2837947607040405,3.3932254314422607,0.004923682914820286,0.013786312161496799
kvzap-predictor-trace-20260817T122049Z::builtin_reasoning_trace,kvzap-predictor-trace-20260817T122049Z,builtin_reasoning_trace,24,7,2031,837,1194,0.4121122599704579,0.37256962690488704,-4.602108955383301,1.3113441467285156,1.1885732412338257,0.04037419990152634,0.1137370753323486
kvzap-predictor-trace-20260817T122049Z::builtin_reasoning_trace,kvzap-predictor-trace-20260817T122049Z,builtin_reasoning_trace,25,0,2031,130,1901,0.06400787789266371,0.0010509721492380452,-9.203994750976562,1.2494409084320068,5.206733226776123,0.0,0.0009847365829640572
kvzap-predictor-trace-20260817T122049Z::builtin_reasoning_trace,kvzap-predictor-trace-20260817T122049Z,builtin_reasoning_trace,25,1,2031,568,1463,0.2796651895617922,0.23121387283236994,-4.803789138793945,1.0936015844345093,1.0719492435455322,0.0620384047267356,0.1605120630231413
kvzap-predictor-trace-20260817T122049Z::builtin_reasoning_trace,kvzap-predictor-trace-20260817T122049Z,builtin_reasoning_trace,25,2,2031,204,1827,0.10044313146233383,0.039936941671045716,-6.282857894897461,1.3499723672866821,2.3255863189697266,0.012309207287050714,0.034958148695224026
kvzap-predictor-trace-20260817T122049Z::builtin_reasoning_trace,kvzap-predictor-trace-20260817T122049Z,builtin_reasoning_trace,25,3,2031,207,1824,0.1019202363367799,0.04151339989490278,-6.791616439819336,1.231115698814392,2.8370144367218018,0.01624815361890694,0.03348104382077794
kvzap-predictor-trace-20260817T122049Z::builtin_reasoning_trace,kvzap-predictor-trace-20260817T122049Z,builtin_reasoning_trace,25,4,2031,131,1900,0.06450024618414574,0.0015764582238570678,-7.637124538421631,1.22829270362854,3.640232563018799,0.0,0.0004923682914820286
kvzap-predictor-trace-20260817T122049Z::builtin_reasoning_trace,kvzap-predictor-trace-20260817T122049Z,builtin_reasoning_trace,25,5,2031,132,1899,0.06499261447562776,0.0021019442984760903,-8.424090385437012,1.5307564735412598,4.426875591278076,0.0004923682914820286,0.0034465780403741997
kvzap-predictor-trace-20260817T122049Z::builtin_reasoning_trace,kvzap-predictor-trace-20260817T122049Z,builtin_reasoning_trace,25,6,2031,156,1875,0.07680945347119646,0.014713610089332634,-7.385151386260986,1.5455684661865234,3.396575689315796,0.004431314623338257,0.012801575578532743
kvzap-predictor-trace-20260817T122049Z::builtin_reasoning_trace,kvzap-predictor-trace-20260817T122049Z,builtin_reasoning_trace,25,7,2031,726,1305,0.35745937961595275,0.31424067262217553,-4.62572717666626,1.2181075811386108,1.1165797710418701,0.06105366814377154,0.1413096996553422
kvzap-predictor-trace-20260817T122049Z::builtin_reasoning_trace,kvzap-predictor-trace-20260817T122049Z,builtin_reasoning_trace,26,0,2031,138,1893,0.06794682422451995,0.005254860746190226,-7.525179862976074,1.4022811651229858,3.532027006149292,0.0019694731659281144,0.0054160512063023145
kvzap-predictor-trace-20260817T122049Z::builtin_reasoning_trace,kvzap-predictor-trace-20260817T122049Z,builtin_reasoning_trace,26,1,2031,268,1763,0.13195470211718366,0.07356805044666316,-6.171867370605469,1.2634047269821167,2.2532927989959717,0.014278680452978828,0.034958148695224026
kvzap-predictor-trace-20260817T122049Z::builtin_reasoning_trace,kvzap-predictor-trace-20260817T122049Z,builtin_reasoning_trace,26,2,2031,129,1902,0.06351550960118169,0.0005254860746190226,-8.046982765197754,0.8920501470565796,4.048290729522705,0.0,0.0
kvzap-predictor-trace-20260817T122049Z::builtin_reasoning_trace,kvzap-predictor-trace-20260817T122049Z,builtin_reasoning_trace,26,3,2031,530,1501,0.26095519448547516,0.21124540199684708,-5.257389545440674,1.459100604057312,1.5978851318359375,0.03692762186115214,0.0930576070901034
kvzap-predictor-trace-20260817T122049Z::builtin_reasoning_trace,kvzap-predictor-trace-20260817T122049Z,builtin_reasoning_trace,26,4,2031,375,1656,0.18463810930576072,0.12979506043089858,-5.253357887268066,1.1646877527236938,1.391736626625061,0.04382077794190054,0.09354997538158542
kvzap-predictor-trace-20260817T122049Z::builtin_reasoning_trace,kvzap-predictor-trace-20260817T122049Z,builtin_reasoning_trace,26,5,2031,187,1844,0.09207287050713935,0.031003678402522335,-7.052352428436279,1.4702283143997192,3.0906496047973633,0.006400787789266372,0.018709995076317085
kvzap-predictor-trace-20260817T122049Z::builtin_reasoning_trace,kvzap-predictor-trace-20260817T122049Z,builtin_reasoning_trace,26,6,2031,421,1610,0.20728705071393402,0.15396741986337362,-5.056522369384766,1.0560472011566162,1.2318823337554932,0.046282619399310686,0.103397341211226
kvzap-predictor-trace-20260817T122049Z::builtin_reasoning_trace,kvzap-predictor-trace-20260817T122049Z,builtin_reasoning_trace,26,7,2031,312,1719,0.1536189069423929,0.09668943772990016,-5.612360000610352,1.3334203958511353,1.7147879600524902,0.034465780403742,0.08419497784342689
kvzap-predictor-trace-20260817T122049Z::builtin_reasoning_trace,kvzap-predictor-trace-20260817T122049Z,builtin_reasoning_trace,27,0,2031,129,1902,0.06351550960118169,0.0005254860746190226,-10.22950553894043,0.8219019174575806,6.231843948364258,0.0,0.0
kvzap-predictor-trace-20260817T122049Z::builtin_reasoning_trace,kvzap-predictor-trace-20260817T122049Z,builtin_reasoning_trace,27,1,2031,132,1899,0.06499261447562776,0.0021019442984760903,-7.785958290100098,1.385572910308838,3.789127826690674,0.0009847365829640572,0.0029542097488921715
kvzap-predictor-trace-20260817T122049Z::builtin_reasoning_trace,kvzap-predictor-trace-20260817T122049Z,builtin_reasoning_trace,27,2,2031,130,1901,0.06400787789266371,0.0010509721492380452,-7.825209140777588,1.1607364416122437,3.827732563018799,0.0009847365829640572,0.0014771048744460858
kvzap-predictor-trace-20260817T122049Z::builtin_reasoning_trace,kvzap-predictor-trace-20260817T122049Z,builtin_reasoning_trace,27,3,2031,321,1710,0.15805022156573117,0.10141881240147137,-5.121157169342041,0.8600002527236938,1.192204475402832,0.03938946331856229,0.09699655342195962
kvzap-predictor-trace-20260817T122049Z::builtin_reasoning_trace,kvzap-predictor-trace-20260817T122049Z,builtin_reasoning_trace,27,4,2031,288,1743,0.14180206794682423,0.08407777193904362,-5.7391180992126465,1.1196324825286865,1.8403072357177734,0.013786312161496799,0.04234367306745446
kvzap-predictor-trace-20260817T122049Z::builtin_reasoning_trace,kvzap-predictor-trace-20260817T122049Z,builtin_reasoning_trace,27,5,2031,138,1893,0.06794682422451995,0.005254860746190226,-8.54719066619873,1.5056991577148438,4.555283546447754,0.0004923682914820286,0.0029542097488921715
kvzap-predictor-trace-20260817T122049Z::builtin_reasoning_trace,kvzap-predictor-trace-20260817T122049Z,builtin_reasoning_trace,27,6,2031,284,1747,0.1398325947808961,0.08197582764056753,-6.006096839904785,1.403806209564209,2.1275196075439453,0.014771048744460856,0.03840472673559823
kvzap-predictor-trace-20260817T122049Z::builtin_reasoning_trace,kvzap-predictor-trace-20260817T122049Z,builtin_reasoning_trace,27,7,2031,191,1840,0.09404234367306745,0.03310562270099842,-7.441004276275635,1.72509765625,3.4801244735717773,0.009354997538158542,0.022648941408173313
kvzap-predictor-trace-20260817T122049Z::builtin_reasoning_trace,kvzap-predictor-trace-20260817T122049Z,builtin_reasoning_trace,28,0,2031,795,1236,0.3914327917282127,0.35049921177088805,-4.711787700653076,1.4244935512542725,1.2706102132797241,0.06351550960118169,0.14967996061053668
kvzap-predictor-trace-20260817T122049Z::builtin_reasoning_trace,kvzap-predictor-trace-20260817T122049Z,builtin_reasoning_trace,28,1,2031,133,1898,0.0654849827671098,0.002627430373095113,-7.521595001220703,1.1858739852905273,3.524595260620117,0.0019694731659281144,0.003938946331856229
kvzap-predictor-trace-20260817T122049Z::builtin_reasoning_trace,kvzap-predictor-trace-20260817T122049Z,builtin_reasoning_trace,28,2,2031,258,1773,0.12703101920236337,0.06831318970047294,-5.854659080505371,1.2868733406066895,1.934084177017212,0.018217626784835055,0.051698670605613
kvzap-predictor-trace-20260817T122049Z::builtin_reasoning_trace,kvzap-predictor-trace-20260817T122049Z,builtin_reasoning_trace,28,3,2031,342,1689,0.16838995568685378,0.11245401996847083,-6.353256702423096,1.7589869499206543,2.5435919761657715,0.015755785327424915,0.0413589364844904
kvzap-predictor-trace-20260817T122049Z::builtin_reasoning_trace,kvzap-predictor-trace-20260817T122049Z,builtin_reasoning_trace,28,4,2031,406,1625,0.1999015263417036,0.14608512874408827,-5.691858291625977,1.387506127357483,1.9081848859786987,0.018709995076317085,0.05268340718857706
kvzap-predictor-trace-20260817T122049Z::builtin_reasoning_trace,kvzap-predictor-trace-20260817T122049Z,builtin_reasoning_trace,28,5,2031,1083,948,0.5332348596750369,0.5018392012611665,-4.0173540115356445,1.0981756448745728,0.8668470978736877,0.08517971442639094,0.20039389463318563
kvzap-predictor-trace-20260817T122049Z::builtin_reasoning_trace,kvzap-predictor-trace-20260817T122049Z,builtin_reasoning_trace,28,6,2031,129,1902,0.06351550960118169,0.0005254860746190226,-8.191461563110352,0.6589012145996094,4.19329309463501,0.0,0.0
kvzap-predictor-trace-20260817T122049Z::builtin_reasoning_trace,kvzap-predictor-trace-20260817T122049Z,builtin_reasoning_trace,28,7,2031,129,1902,0.06351550960118169,0.0005254860746190226,-7.746218681335449,1.0216009616851807,3.7492268085479736,0.0,0.0004923682914820286
kvzap-predictor-trace-20260817T122049Z::builtin_reasoning_trace,kvzap-predictor-trace-20260817T122049Z,builtin_reasoning_trace,29,0,2031,415,1616,0.20433284096504184,0.1508145034156595,-5.724687099456787,1.5754051208496094,1.9529346227645874,0.023141309699655343,0.06794682422451995
kvzap-predictor-trace-20260817T122049Z::builtin_reasoning_trace,kvzap-predictor-trace-20260817T122049Z,builtin_reasoning_trace,29,1,2031,442,1589,0.21762678483505662,0.16500262743037308,-5.287443161010742,1.2704933881759644,1.5620769262313843,0.028557360905957656,0.06843919251600197
kvzap-predictor-trace-20260817T122049Z::builtin_reasoning_trace,kvzap-predictor-trace-20260817T122049Z,builtin_reasoning_trace,29,2,2031,1438,593,0.708025603151157,0.6883867577509196,-3.7182180881500244,1.6572072505950928,1.311323881149292,0.051698670605613,0.1309699655342196
kvzap-predictor-trace-20260817T122049Z::builtin_reasoning_trace,kvzap-predictor-trace-20260817T122049Z,builtin_reasoning_trace,29,3,2031,1536,495,0.7562776957163959,0.7398843930635838,-3.6690380573272705,1.3616256713867188,1.1297063827514648,0.04677498769079271,0.12063023141309699
kvzap-predictor-trace-20260817T122049Z::builtin_reasoning_trace,kvzap-predictor-trace-20260817T122049Z,builtin_reasoning_trace,29,4,2031,140,1891,0.068931560807484,0.006305832895428271,-7.601958751678467,1.195949912071228,3.60578989982605,0.004923682914820286,0.009354997538158542
kvzap-predictor-trace-20260817T122049Z::builtin_reasoning_trace,kvzap-predictor-trace-20260817T122049Z,builtin_reasoning_trace,29,5,2031,129,1902,0.06351550960118169,0.0005254860746190226,-9.287142753601074,0.8026278018951416,5.288466453552246,0.0,0.0
kvzap-predictor-trace-20260817T122049Z::builtin_reasoning_trace,kvzap-predictor-trace-20260817T122049Z,builtin_reasoning_trace,29,6,2031,208,1823,0.10241260462826195,0.04203888596952181,-7.417551517486572,1.830356478691101,3.471696615219116,0.007877892663712457,0.0206794682422452
kvzap-predictor-trace-20260817T122049Z::builtin_reasoning_trace,kvzap-predictor-trace-20260817T122049Z,builtin_reasoning_trace,29,7,2031,129,1902,0.06351550960118169,0.0005254860746190226,-9.786650657653809,1.2566888332366943,5.7883429527282715,0.0,0.0
kvzap-predictor-trace-20260817T122049Z::builtin_reasoning_trace,kvzap-predictor-trace-20260817T122049Z,builtin_reasoning_trace,30,0,2031,129,1902,0.06351550960118169,0.0005254860746190226,-8.318708419799805,1.366889238357544,4.3204779624938965,0.0004923682914820286,0.0009847365829640572
kvzap-predictor-trace-20260817T122049Z::builtin_reasoning_trace,kvzap-predictor-trace-20260817T122049Z,builtin_reasoning_trace,30,1,2031,993,1038,0.48892171344165436,0.45454545454545453,-4.32161283493042,1.2245254516601562,0.9853789806365967,0.06991629739044805,0.17725258493353027
kvzap-predictor-trace-20260817T122049Z::builtin_reasoning_trace,kvzap-predictor-trace-20260817T122049Z,builtin_reasoning_trace,30,2,2031,335,1696,0.16494337764647957,0.10877561744613767,-6.2745361328125,1.8683345317840576,2.4626007080078125,0.0206794682422452,0.05711472181191531
kvzap-predictor-trace-20260817T122049Z::builtin_reasoning_trace,kvzap-predictor-trace-20260817T122049Z,builtin_reasoning_trace,30,3,2031,129,1902,0.06351550960118169,0.0005254860746190226,-9.162997245788574,1.3389800786972046,5.164920330047607,0.0,0.0
kvzap-predictor-trace-20260817T122049Z::builtin_reasoning_trace,kvzap-predictor-trace-20260817T122049Z,builtin_reasoning_trace,30,4,2031,144,1887,0.07090103397341212,0.008407777193904361,-8.644360542297363,1.569399118423462,4.651953220367432,0.0009847365829640572,0.004923682914820286
kvzap-predictor-trace-20260817T122049Z::builtin_reasoning_trace,kvzap-predictor-trace-20260817T122049Z,builtin_reasoning_trace,30,5,2031,129,1902,0.06351550960118169,0.0005254860746190226,-9.929513931274414,1.175737977027893,5.931268692016602,0.0,0.0
kvzap-predictor-trace-20260817T122049Z::builtin_reasoning_trace,kvzap-predictor-trace-20260817T122049Z,builtin_reasoning_trace,30,6,2031,433,1598,0.21319547021171836,0.1602732527588019,-5.787091255187988,1.6590121984481812,2.0374720096588135,0.02708025603151157,0.05957656326932546
kvzap-predictor-trace-20260817T122049Z::builtin_reasoning_trace,kvzap-predictor-trace-20260817T122049Z,builtin_reasoning_trace,30,7,2031,129,1902,0.06351550960118169,0.0005254860746190226,-9.289743423461914,1.156408667564392,5.291528224945068,0.0,0.0
kvzap-predictor-trace-20260817T122049Z::builtin_reasoning_trace,kvzap-predictor-trace-20260817T122049Z,builtin_reasoning_trace,31,0,2031,138,1893,0.06794682422451995,0.005254860746190226,-8.771110534667969,1.4701611995697021,4.780434608459473,0.0004923682914820286,0.0019694731659281144
kvzap-predictor-trace-20260817T122049Z::builtin_reasoning_trace,kvzap-predictor-trace-20260817T122049Z,builtin_reasoning_trace,31,1,2031,367,1664,0.18069916297390448,0.1255911718339464,-5.864846706390381,1.5614781379699707,2.0642213821411133,0.026095519448547513,0.06400787789266371
kvzap-predictor-trace-20260817T122049Z::builtin_reasoning_trace,kvzap-predictor-trace-20260817T122049Z,builtin_reasoning_trace,31,2,2031,140,1891,0.068931560807484,0.006305832895428271,-6.12697696685791,0.8402066826820374,2.132193088531494,0.002461841457410143,0.010832102412604629
kvzap-predictor-trace-20260817T122049Z::builtin_reasoning_trace,kvzap-predictor-trace-20260817T122049Z,builtin_reasoning_trace,31,3,2031,355,1676,0.17479074347612014,0.11928533893851813,-6.136587619781494,1.8660039901733398,2.362335443496704,0.018709995076317085,0.049236829148202856
kvzap-predictor-trace-20260817T122049Z::builtin_reasoning_trace,kvzap-predictor-trace-20260817T122049Z,builtin_reasoning_trace,31,4,2031,129,1902,0.06351550960118169,0.0005254860746190226,-8.902256965637207,0.8001049160957336,4.904303550720215,0.0,0.0
kvzap-predictor-trace-20260817T122049Z::builtin_reasoning_trace,kvzap-predictor-trace-20260817T122049Z,builtin_reasoning_trace,31,5,2031,240,1791,0.11816838995568685,0.058854440357330534,-7.209668159484863,1.8842511177062988,3.304272174835205,0.011816838995568686,0.0241260462826194
kvzap-predictor-trace-20260817T122049Z::builtin_reasoning_trace,kvzap-predictor-trace-20260817T122049Z,builtin_reasoning_trace,31,6,2031,129,1902,0.06351550960118169,0.0005254860746190226,-8.315781593322754,0.825570821762085,4.317773818969727,0.0,0.0
kvzap-predictor-trace-20260817T122049Z::builtin_reasoning_trace,kvzap-predictor-trace-20260817T122049Z,builtin_reasoning_trace,31,7,2031,721,1310,0.35499753815854257,0.3116132422490804,-4.74161434173584,1.5747767686843872,1.3883401155471802,0.043328409650418516,0.1294928606597735
kvzap-predictor-trace-20260817T122049Z::builtin_reasoning_trace,kvzap-predictor-trace-20260817T122049Z,builtin_reasoning_trace,32,0,2031,414,1617,0.2038404726735598,0.15028901734104047,-5.571342468261719,1.5242283344268799,1.855294942855835,0.026587887740029542,0.06499261447562776
kvzap-predictor-trace-20260817T122049Z::builtin_reasoning_trace,kvzap-predictor-trace-20260817T122049Z,builtin_reasoning_trace,32,1,2031,448,1583,0.22058099458394878,0.16815554387808723,-6.084774017333984,1.9545818567276,2.3676817417144775,0.03052683407188577,0.07385524372230429
kvzap-predictor-trace-20260817T122049Z::builtin_reasoning_trace,kvzap-predictor-trace-20260817T122049Z,builtin_reasoning_trace,32,2,2031,451,1580,0.2220580994583949,0.1697320021019443,-5.63952112197876,1.54426109790802,1.9433506727218628,0.026095519448547513,0.06351550960118169
kvzap-predictor-trace-20260817T122049Z::builtin_reasoning_trace,kvzap-predictor-trace-20260817T122049Z,builtin_reasoning_trace,32,3,2031,129,1902,0.06351550960118169,0.0005254860746190226,-7.042074203491211,0.6232221126556396,3.04359769821167,0.0,0.0
kvzap-predictor-trace-20260817T122049Z::builtin_reasoning_trace,kvzap-predictor-trace-20260817T122049Z,builtin_reasoning_trace,32,4,2031,129,1902,0.06351550960118169,0.0005254860746190226,-9.430152893066406,1.1245143413543701,5.431799411773682,0.0,0.0
kvzap-predictor-trace-20260817T122049Z::builtin_reasoning_trace,kvzap-predictor-trace-20260817T122049Z,builtin_reasoning_trace,32,5,2031,129,1902,0.06351550960118169,0.0005254860746190226,-9.99206829071045,0.9042232036590576,5.993837833404541,0.0,0.0
kvzap-predictor-trace-20260817T122049Z::builtin_reasoning_trace,kvzap-predictor-trace-20260817T122049Z,builtin_reasoning_trace,32,6,2031,129,1902,0.06351550960118169,0.0005254860746190226,-8.664804458618164,0.6704034209251404,4.6663126945495605,0.0,0.0
kvzap-predictor-trace-20260817T122049Z::builtin_reasoning_trace,kvzap-predictor-trace-20260817T122049Z,builtin_reasoning_trace,32,7,2031,129,1902,0.06351550960118169,0.0005254860746190226,-7.88163948059082,0.7046250700950623,3.883716344833374,0.0,0.0004923682914820286
kvzap-predictor-trace-20260817T122049Z::builtin_reasoning_trace,kvzap-predictor-trace-20260817T122049Z,builtin_reasoning_trace,33,0,2031,130,1901,0.06400787789266371,0.0010509721492380452,-9.225196838378906,1.3940329551696777,5.226643085479736,0.0009847365829640572,0.0019694731659281144
kvzap-predictor-trace-20260817T122049Z::builtin_reasoning_trace,kvzap-predictor-trace-20260817T122049Z,builtin_reasoning_trace,33,1,2031,365,1666,0.17971442639094043,0.12454019968470835,-5.219273090362549,0.9149703979492188,1.335564374923706,0.03840472673559823,0.08419497784342689
kvzap-predictor-trace-20260817T122049Z::builtin_reasoning_trace,kvzap-predictor-trace-20260817T122049Z,builtin_reasoning_trace,33,2,2031,474,1557,0.23338257016248154,0.18181818181818182,-5.5150346755981445,1.6036573648452759,1.8653814792633057,0.03249630723781388,0.07188577055637617
kvzap-predictor-trace-20260817T122049Z::builtin_reasoning_trace,kvzap-predictor-trace-20260817T122049Z,builtin_reasoning_trace,33,3,2031,372,1659,0.1831610044313146,0.1282186022070415,-5.737782955169678,1.5156556367874146,1.9621800184249878,0.029049729197439686,0.06499261447562776
kvzap-predictor-trace-20260817T122049Z::builtin_reasoning_trace,kvzap-predictor-trace-20260817T122049Z,builtin_reasoning_trace,33,4,2031,376,1655,0.18513047759724274,0.1303205465055176,-5.86810302734375,1.5594819784164429,2.088599443435669,0.023633677991137372,0.05760709010339734
kvzap-predictor-trace-20260817T122049Z::builtin_reasoning_trace,kvzap-predictor-trace-20260817T122049Z,builtin_reasoning_trace,33,5,2031,201,1830,0.09896602658788774,0.03836048344718865,-6.83028507232666,1.2879846096038818,2.881802797317505,0.008370260955194485,0.022648941408173313
kvzap-predictor-trace-20260817T122049Z::builtin_reasoning_trace,kvzap-predictor-trace-20260817T122049Z,builtin_reasoning_trace,33,6,2031,131,1900,0.06450024618414574,0.0015764582238570678,-7.921544075012207,0.9020929932594299,3.923790693283081,0.0004923682914820286,0.0009847365829640572
kvzap-predictor-trace-20260817T122049Z::builtin_reasoning_trace,kvzap-predictor-trace-20260817T122049Z,builtin_reasoning_trace,33,7,2031,1207,824,0.5942885278188085,0.5669994745139254,-3.9320099353790283,1.429556965827942,1.1393219232559204,0.05809945839487937,0.1432791728212703
kvzap-predictor-trace-20260817T122049Z::builtin_reasoning_trace,kvzap-predictor-trace-20260817T122049Z,builtin_reasoning_trace,34,0,2031,432,1599,0.21270310192023634,0.15974776668418286,-5.417183876037598,1.4023534059524536,1.6827051639556885,0.04037419990152634,0.09059576563269325
kvzap-predictor-trace-20260817T122049Z::builtin_reasoning_trace,kvzap-predictor-trace-20260817T122049Z,builtin_reasoning_trace,34,1,2031,315,1716,0.155096011816839,0.09826589595375723,-5.518660068511963,1.0648466348648071,1.6199109554290771,0.023633677991137372,0.06302314130969966
kvzap-predictor-trace-20260817T122049Z::builtin_reasoning_trace,kvzap-predictor-trace-20260817T122049Z,builtin_reasoning_trace,34,2,2031,129,1902,0.06351550960118169,0.0005254860746190226,-8.340218544006348,1.024946689605713,4.342665195465088,0.0,0.0004923682914820286
kvzap-predictor-trace-20260817T122049Z::builtin_reasoning_trace,kvzap-predictor-trace-20260817T122049Z,builtin_reasoning_trace,34,3,2031,129,1902,0.06351550960118169,0.0005254860746190226,-6.646429538726807,0.41265708208084106,2.6488375663757324,0.0,0.0
kvzap-predictor-trace-20260817T122049Z::builtin_reasoning_trace,kvzap-predictor-trace-20260817T122049Z,builtin_reasoning_trace,34,4,2031,192,1839,0.09453471196454949,0.033631108775617445,-5.569935321807861,0.8260146975517273,1.5992237329483032,0.01624815361890694,0.038897095027080254
kvzap-predictor-trace-20260817T122049Z::builtin_reasoning_trace,kvzap-predictor-trace-20260817T122049Z,builtin_reasoning_trace,34,5,2031,142,1889,0.06991629739044805,0.007356805044666317,-6.292209148406982,0.7323334217071533,2.3047258853912354,0.0014771048744460858,0.010832102412604629
kvzap-predictor-trace-20260817T122049Z::builtin_reasoning_trace,kvzap-predictor-trace-20260817T122049Z,builtin_reasoning_trace,34,6,2031,129,1902,0.06351550960118169,0.0005254860746190226,-9.583956718444824,1.16975736618042,5.586525917053223,0.0,0.0
kvzap-predictor-trace-20260817T122049Z::builtin_reasoning_trace,kvzap-predictor-trace-20260817T122049Z,builtin_reasoning_trace,34,7,2031,1563,468,0.7695716395864106,0.7540725170782975,-3.5087645053863525,0.9300108551979065,0.899470329284668,0.046282619399310686,0.10881339241752831
kvzap-predictor-trace-20260817T122049Z::builtin_reasoning_trace,kvzap-predictor-trace-20260817T122049Z,builtin_reasoning_trace,35,0,2031,129,1902,0.06351550960118169,0.0005254860746190226,-7.8766560554504395,0.6457585096359253,3.8809449672698975,0.0,0.0
kvzap-predictor-trace-20260817T122049Z::builtin_reasoning_trace,kvzap-predictor-trace-20260817T122049Z,builtin_reasoning_trace,35,1,2031,130,1901,0.06400787789266371,0.0010509721492380452,-8.475858688354492,0.9101055264472961,4.481828689575195,0.0,0.0004923682914820286
kvzap-predictor-trace-20260817T122049Z::builtin_reasoning_trace,kvzap-predictor-trace-20260817T122049Z,builtin_reasoning_trace,35,2,2031,187,1844,0.09207287050713935,0.031003678402522335,-6.867548942565918,1.244140386581421,2.9083309173583984,0.006893156080748399,0.017232890201871
kvzap-predictor-trace-20260817T122049Z::builtin_reasoning_trace,kvzap-predictor-trace-20260817T122049Z,builtin_reasoning_trace,35,3,2031,130,1901,0.06400787789266371,0.0010509721492380452,-7.28322696685791,0.9563563466072083,3.28361177444458,0.0019694731659281144,0.002461841457410143
kvzap-predictor-trace-20260817T122049Z::builtin_reasoning_trace,kvzap-predictor-trace-20260817T122049Z,builtin_reasoning_trace,35,4,2031,159,1872,0.07828655834564253,0.0162900683131897,-6.84462308883667,0.987615704536438,2.8574323654174805,0.004923682914820286,0.012309207287050714
kvzap-predictor-trace-20260817T122049Z::builtin_reasoning_trace,kvzap-predictor-trace-20260817T122049Z,builtin_reasoning_trace,35,5,2031,286,1745,0.14081733136386015,0.08302679978980557,-6.02400016784668,1.3897563219070435,2.1290032863616943,0.019694731659281144,0.04677498769079271
kvzap-predictor-trace-20260817T122049Z::builtin_reasoning_trace,kvzap-predictor-trace-20260817T122049Z,builtin_reasoning_trace,35,6,2031,194,1837,0.09551944854751354,0.03468208092485549,-6.343569278717041,1.172183632850647,2.3749191761016846,0.014771048744460856,0.0379123584441162
kvzap-predictor-trace-20260817T122049Z::builtin_reasoning_trace,kvzap-predictor-trace-20260817T122049Z,builtin_reasoning_trace,35,7,2031,129,1902,0.06351550960118169,0.0005254860746190226,-6.978316783905029,0.7897712588310242,2.98075532913208,0.0,0.0
