trace_id,experiment_id,request_id,state,run_length,count
kvzap-predictor-trace-20260817T085505Z::builtin_retrieval_trace,kvzap-predictor-trace-20260817T085505Z,builtin_retrieval_trace,drop,1,5574
kvzap-predictor-trace-20260817T085505Z::builtin_retrieval_trace,kvzap-predictor-trace-20260817T085505Z,builtin_retrieval_trace,drop,2,1946
kvzap-predictor-trace-20260817T085505Z::builtin_retrieval_trace,kvzap-predictor-trace-20260817T085505Z,builtin_retrieval_trace,drop,3,986
kvzap-predictor-trace-20260817T085505Z::builtin_retrieval_trace,kvzap-predictor-trace-20260817T085505Z,builtin_retrieval_trace,drop,4,683
kvzap-predictor-trace-20260817T085505Z::builtin_retrieval_trace,kvzap-predictor-trace-20260817T085505Z,builtin_retrieval_trace,drop,5,341
kvzap-predictor-trace-20260817T085505Z::builtin_retrieval_trace,kvzap-predictor-trace-20260817T085505Z,builtin_retrieval_trace,drop,6,287
kvzap-predictor-trace-20260817T085505Z::builtin_retrieval_trace,kvzap-predictor-trace-20260817T085505Z,builtin_retrieval_trace,drop,7,283
kvzap-predictor-trace-20260817T085505Z::builtin_retrieval_trace,kvzap-predictor-trace-20260817T085505Z,builtin_retrieval_trace,drop,8,184
kvzap-predictor-trace-20260817T085505Z::builtin_retrieval_trace,kvzap-predictor-trace-20260817T085505Z,builtin_retrieval_trace,drop,9,180
kvzap-predictor-trace-20260817T085505Z::builtin_retrieval_trace,kvzap-predictor-trace-20260817T085505Z,builtin_retrieval_trace,drop,10,125
kvzap-predictor-trace-20260817T085505Z::builtin_retrieval_trace,kvzap-predictor-trace-20260817T085505Z,builtin_retrieval_trace,drop,11,160
kvzap-predictor-trace-20260817T085505Z::builtin_retrieval_trace,kvzap-predictor-trace-20260817T085505Z,builtin_retrieval_trace,drop,12,152
kvzap-predictor-trace-20260817T085505Z::builtin_retrieval_trace,kvzap-predictor-trace-20260817T085505Z,builtin_retrieval_trace,drop,13,95
kvzap-predictor-trace-20260817T085505Z::builtin_retrieval_trace,kvzap-predictor-trace-20260817T085505Z,builtin_retrieval_trace,drop,14,55
kvzap-predictor-trace-20260817T085505Z::builtin_retrieval_trace,kvzap-predictor-trace-20260817T085505Z,builtin_retrieval_trace,drop,15,86
kvzap-predictor-trace-20260817T085505Z::builtin_retrieval_trace,kvzap-predictor-trace-20260817T085505Z,builtin_retrieval_trace,drop,16,68
kvzap-predictor-trace-20260817T085505Z::builtin_retrieval_trace,kvzap-predictor-trace-20260817T085505Z,builtin_retrieval_trace,drop,17,82
kvzap-predictor-trace-20260817T085505Z::builtin_retrieval_trace,kvzap-predictor-trace-20260817T085505Z,builtin_retrieval_trace,drop,18,44
kvzap-predictor-trace-20260817T085505Z::builtin_retrieval_trace,kvzap-predictor-trace-20260817T085505Z,builtin_retrieval_trace,drop,19,61
kvzap-predictor-trace-20260817T085505Z::builtin_retrieval_trace,kvzap-predictor-trace-20260817T085505Z,builtin_retrieval_trace,drop,20,37
kvzap-predictor-trace-20260817T085505Z::builtin_retrieval_trace,kvzap-predictor-trace-20260817T085505Z,builtin_retrieval_trace,drop,21,30
kvzap-predictor-trace-20260817T085505Z::builtin_retrieval_trace,kvzap-predictor-trace-20260817T085505Z,builtin_retrieval_trace,drop,22,42
kvzap-predictor-trace-20260817T085505Z::builtin_retrieval_trace,kvzap-predictor-trace-20260817T085505Z,builtin_retrieval_trace,drop,23,27
kvzap-predictor-trace-20260817T085505Z::builtin_retrieval_trace,kvzap-predictor-trace-20260817T085505Z,builtin_retrieval_trace,drop,24,29
kvzap-predictor-trace-20260817T085505Z::builtin_retrieval_trace,kvzap-predictor-trace-20260817T085505Z,builtin_retrieval_trace,drop,25,48
kvzap-predictor-trace-20260817T085505Z::builtin_retrieval_trace,kvzap-predictor-trace-20260817T085505Z,builtin_retrieval_trace,drop,26,30
kvzap-predictor-trace-20260817T085505Z::builtin_retrieval_trace,kvzap-predictor-trace-20260817T085505Z,builtin_retrieval_trace,drop,27,37
kvzap-predictor-trace-20260817T085505Z::builtin_retrieval_trace,kvzap-predictor-trace-20260817T085505Z,builtin_retrieval_trace,drop,28,23
kvzap-predictor-trace-20260817T085505Z::builtin_retrieval_trace,kvzap-predictor-trace-20260817T085505Z,builtin_retrieval_trace,drop,29,13
kvzap-predictor-trace-20260817T085505Z::builtin_retrieval_trace,kvzap-predictor-trace-20260817T085505Z,builtin_retrieval_trace,drop,30,17
kvzap-predictor-trace-20260817T085505Z::builtin_retrieval_trace,kvzap-predictor-trace-20260817T085505Z,builtin_retrieval_trace,drop,31,5
kvzap-predictor-trace-20260817T085505Z::builtin_retrieval_trace,kvzap-predictor-trace-20260817T085505Z,builtin_retrieval_trace,drop,32,25
kvzap-predictor-trace-20260817T085505Z::builtin_retrieval_trace,kvzap-predictor-trace-20260817T085505Z,builtin_retrieval_trace,drop,33,19
kvzap-predictor-trace-20260817T085505Z::builtin_retrieval_trace,kvzap-predictor-trace-20260817T085505Z,builtin_retrieval_trace,drop,34,7
kvzap-predictor-trace-20260817T085505Z::builtin_retrieval_trace,kvzap-predictor-trace-20260817T085505Z,builtin_retrieval_trace,drop,35,23
kvzap-predictor-trace-20260817T085505Z::builtin_retrieval_trace,kvzap-predictor-trace-20260817T085505Z,builtin_retrieval_trace,drop,36,18
kvzap-predictor-trace-20260817T085505Z::builtin_retrieval_trace,kvzap-predictor-trace-20260817T085505Z,builtin_retrieval_trace,drop,37,19
kvzap-predictor-trace-20260817T085505Z::builtin_retrieval_trace,kvzap-predictor-trace-20260817T085505Z,builtin_retrieval_trace,drop,38,25
kvzap-predictor-trace-20260817T085505Z::builtin_retrieval_trace,kvzap-predictor-trace-20260817T085505Z,builtin_retrieval_trace,drop,39,14
kvzap-predictor-trace-20260817T085505Z::builtin_retrieval_trace,kvzap-predictor-trace-20260817T085505Z,builtin_retrieval_trace,drop,40,27
kvzap-predictor-trace-20260817T085505Z::builtin_retrieval_trace,kvzap-predictor-trace-20260817T085505Z,builtin_retrieval_trace,drop,41,12
kvzap-predictor-trace-20260817T085505Z::builtin_retrieval_trace,kvzap-predictor-trace-20260817T085505Z,builtin_retrieval_trace,drop,42,3
kvzap-predictor-trace-20260817T085505Z::builtin_retrieval_trace,kvzap-predictor-trace-20260817T085505Z,builtin_retrieval_trace,drop,43,8
kvzap-predictor-trace-20260817T085505Z::builtin_retrieval_trace,kvzap-predictor-trace-20260817T085505Z,builtin_retrieval_trace,drop,44,8
kvzap-predictor-trace-20260817T085505Z::builtin_retrieval_trace,kvzap-predictor-trace-20260817T085505Z,builtin_retrieval_trace,drop,45,21
kvzap-predictor-trace-20260817T085505Z::builtin_retrieval_trace,kvzap-predictor-trace-20260817T085505Z,builtin_retrieval_trace,drop,46,12
kvzap-predictor-trace-20260817T085505Z::builtin_retrieval_trace,kvzap-predictor-trace-20260817T085505Z,builtin_retrieval_trace,drop,47,20
kvzap-predictor-trace-20260817T085505Z::builtin_retrieval_trace,kvzap-predictor-trace-20260817T085505Z,builtin_retrieval_trace,drop,48,7
kvzap-predictor-trace-20260817T085505Z::builtin_retrieval_trace,kvzap-predictor-trace-20260817T085505Z,builtin_retrieval_trace,drop,49,5
kvzap-predictor-trace-20260817T085505Z::builtin_retrieval_trace,kvzap-predictor-trace-20260817T085505Z,builtin_retrieval_trace,drop,50,14
kvzap-predictor-trace-20260817T085505Z::builtin_retrieval_trace,kvzap-predictor-trace-20260817T085505Z,builtin_retrieval_trace,drop,51,8
kvzap-predictor-trace-20260817T085505Z::builtin_retrieval_trace,kvzap-predictor-trace-20260817T085505Z,builtin_retrieval_trace,drop,52,6
kvzap-predictor-trace-20260817T085505Z::builtin_retrieval_trace,kvzap-predictor-trace-20260817T085505Z,builtin_retrieval_trace,drop,53,11
kvzap-predictor-trace-20260817T085505Z::builtin_retrieval_trace,kvzap-predictor-trace-20260817T085505Z,builtin_retrieval_trace,drop,54,11
kvzap-predictor-trace-20260817T085505Z::builtin_retrieval_trace,kvzap-predictor-trace-20260817T085505Z,builtin_retrieval_trace,drop,55,12
kvzap-predictor-trace-20260817T085505Z::builtin_retrieval_trace,kvzap-predictor-trace-20260817T085505Z,builtin_retrieval_trace,drop,56,13
kvzap-predictor-trace-20260817T085505Z::builtin_retrieval_trace,kvzap-predictor-trace-20260817T085505Z,builtin_retrieval_trace,drop,57,3
kvzap-predictor-trace-20260817T085505Z::builtin_retrieval_trace,kvzap-predictor-trace-20260817T085505Z,builtin_retrieval_trace,drop,58,3
kvzap-predictor-trace-20260817T085505Z::builtin_retrieval_trace,kvzap-predictor-trace-20260817T085505Z,builtin_retrieval_trace,drop,59,2
kvzap-predictor-trace-20260817T085505Z::builtin_retrieval_trace,kvzap-predictor-trace-20260817T085505Z,builtin_retrieval_trace,drop,60,6
kvzap-predictor-trace-20260817T085505Z::builtin_retrieval_trace,kvzap-predictor-trace-20260817T085505Z,builtin_retrieval_trace,drop,61,14
kvzap-predictor-trace-20260817T085505Z::builtin_retrieval_trace,kvzap-predictor-trace-20260817T085505Z,builtin_retrieval_trace,drop,62,12
kvzap-predictor-trace-20260817T085505Z::builtin_retrieval_trace,kvzap-predictor-trace-20260817T085505Z,builtin_retrieval_trace,drop,63,9
kvzap-predictor-trace-20260817T085505Z::builtin_retrieval_trace,kvzap-predictor-trace-20260817T085505Z,builtin_retrieval_trace,drop,64,1
kvzap-predictor-trace-20260817T085505Z::builtin_retrieval_trace,kvzap-predictor-trace-20260817T085505Z,builtin_retrieval_trace,drop,65,7
kvzap-predictor-trace-20260817T085505Z::builtin_retrieval_trace,kvzap-predictor-trace-20260817T085505Z,builtin_retrieval_trace,drop,66,4
kvzap-predictor-trace-20260817T085505Z::builtin_retrieval_trace,kvzap-predictor-trace-20260817T085505Z,builtin_retrieval_trace,drop,67,6
kvzap-predictor-trace-20260817T085505Z::builtin_retrieval_trace,kvzap-predictor-trace-20260817T085505Z,builtin_retrieval_trace,drop,68,4
kvzap-predictor-trace-20260817T085505Z::builtin_retrieval_trace,kvzap-predictor-trace-20260817T085505Z,builtin_retrieval_trace,drop,69,12
kvzap-predictor-trace-20260817T085505Z::builtin_retrieval_trace,kvzap-predictor-trace-20260817T085505Z,builtin_retrieval_trace,drop,70,23
kvzap-predictor-trace-20260817T085505Z::builtin_retrieval_trace,kvzap-predictor-trace-20260817T085505Z,builtin_retrieval_trace,drop,71,9
kvzap-predictor-trace-20260817T085505Z::builtin_retrieval_trace,kvzap-predictor-trace-20260817T085505Z,builtin_retrieval_trace,drop,72,24
kvzap-predictor-trace-20260817T085505Z::builtin_retrieval_trace,kvzap-predictor-trace-20260817T085505Z,builtin_retrieval_trace,drop,73,126
kvzap-predictor-trace-20260817T085505Z::builtin_retrieval_trace,kvzap-predictor-trace-20260817T085505Z,builtin_retrieval_trace,drop,75,1
kvzap-predictor-trace-20260817T085505Z::builtin_retrieval_trace,kvzap-predictor-trace-20260817T085505Z,builtin_retrieval_trace,drop,76,3
kvzap-predictor-trace-20260817T085505Z::builtin_retrieval_trace,kvzap-predictor-trace-20260817T085505Z,builtin_retrieval_trace,drop,77,3
kvzap-predictor-trace-20260817T085505Z::builtin_retrieval_trace,kvzap-predictor-trace-20260817T085505Z,builtin_retrieval_trace,drop,79,1
kvzap-predictor-trace-20260817T085505Z::builtin_retrieval_trace,kvzap-predictor-trace-20260817T085505Z,builtin_retrieval_trace,drop,81,3
kvzap-predictor-trace-20260817T085505Z::builtin_retrieval_trace,kvzap-predictor-trace-20260817T085505Z,builtin_retrieval_trace,drop,82,2
kvzap-predictor-trace-20260817T085505Z::builtin_retrieval_trace,kvzap-predictor-trace-20260817T085505Z,builtin_retrieval_trace,drop,84,1
kvzap-predictor-trace-20260817T085505Z::builtin_retrieval_trace,kvzap-predictor-trace-20260817T085505Z,builtin_retrieval_trace,drop,85,2
kvzap-predictor-trace-20260817T085505Z::builtin_retrieval_trace,kvzap-predictor-trace-20260817T085505Z,builtin_retrieval_trace,drop,86,1
kvzap-predictor-trace-20260817T085505Z::builtin_retrieval_trace,kvzap-predictor-trace-20260817T085505Z,builtin_retrieval_trace,drop,87,3
kvzap-predictor-trace-20260817T085505Z::builtin_retrieval_trace,kvzap-predictor-trace-20260817T085505Z,builtin_retrieval_trace,drop,90,2
kvzap-predictor-trace-20260817T085505Z::builtin_retrieval_trace,kvzap-predictor-trace-20260817T085505Z,builtin_retrieval_trace,drop,91,1
kvzap-predictor-trace-20260817T085505Z::builtin_retrieval_trace,kvzap-predictor-trace-20260817T085505Z,builtin_retrieval_trace,drop,94,2
kvzap-predictor-trace-20260817T085505Z::builtin_retrieval_trace,kvzap-predictor-trace-20260817T085505Z,builtin_retrieval_trace,drop,95,1
kvzap-predictor-trace-20260817T085505Z::builtin_retrieval_trace,kvzap-predictor-trace-20260817T085505Z,builtin_retrieval_trace,drop,96,2
kvzap-predictor-trace-20260817T085505Z::builtin_retrieval_trace,kvzap-predictor-trace-20260817T085505Z,builtin_retrieval_trace,drop,97,3
kvzap-predictor-trace-20260817T085505Z::builtin_retrieval_trace,kvzap-predictor-trace-20260817T085505Z,builtin_retrieval_trace,drop,98,3
kvzap-predictor-trace-20260817T085505Z::builtin_retrieval_trace,kvzap-predictor-trace-20260817T085505Z,builtin_retrieval_trace,drop,99,4
kvzap-predictor-trace-20260817T085505Z::builtin_retrieval_trace,kvzap-predictor-trace-20260817T085505Z,builtin_retrieval_trace,drop,100,3
kvzap-predictor-trace-20260817T085505Z::builtin_retrieval_trace,kvzap-predictor-trace-20260817T085505Z,builtin_retrieval_trace,drop,101,3
kvzap-predictor-trace-20260817T085505Z::builtin_retrieval_trace,kvzap-predictor-trace-20260817T085505Z,builtin_retrieval_trace,drop,104,2
kvzap-predictor-trace-20260817T085505Z::builtin_retrieval_trace,kvzap-predictor-trace-20260817T085505Z,builtin_retrieval_trace,drop,109,2
kvzap-predictor-trace-20260817T085505Z::builtin_retrieval_trace,kvzap-predictor-trace-20260817T085505Z,builtin_retrieval_trace,drop,114,1
kvzap-predictor-trace-20260817T085505Z::builtin_retrieval_trace,kvzap-predictor-trace-20260817T085505Z,builtin_retrieval_trace,drop,116,1
kvzap-predictor-trace-20260817T085505Z::builtin_retrieval_trace,kvzap-predictor-trace-20260817T085505Z,builtin_retrieval_trace,drop,118,1
kvzap-predictor-trace-20260817T085505Z::builtin_retrieval_trace,kvzap-predictor-trace-20260817T085505Z,builtin_retrieval_trace,drop,119,1
kvzap-predictor-trace-20260817T085505Z::builtin_retrieval_trace,kvzap-predictor-trace-20260817T085505Z,builtin_retrieval_trace,drop,125,6
kvzap-predictor-trace-20260817T085505Z::builtin_retrieval_trace,kvzap-predictor-trace-20260817T085505Z,builtin_retrieval_trace,drop,126,1
kvzap-predictor-trace-20260817T085505Z::builtin_retrieval_trace,kvzap-predictor-trace-20260817T085505Z,builtin_retrieval_trace,drop,133,1
kvzap-predictor-trace-20260817T085505Z::builtin_retrieval_trace,kvzap-predictor-trace-20260817T085505Z,builtin_retrieval_trace,drop,137,1
kvzap-predictor-trace-20260817T085505Z::builtin_retrieval_trace,kvzap-predictor-trace-20260817T085505Z,builtin_retrieval_trace,drop,142,1
kvzap-predictor-trace-20260817T085505Z::builtin_retrieval_trace,kvzap-predictor-trace-20260817T085505Z,builtin_retrieval_trace,drop,143,5
kvzap-predictor-trace-20260817T085505Z::builtin_retrieval_trace,kvzap-predictor-trace-20260817T085505Z,builtin_retrieval_trace,drop,144,1
kvzap-predictor-trace-20260817T085505Z::builtin_retrieval_trace,kvzap-predictor-trace-20260817T085505Z,builtin_retrieval_trace,drop,145,1
kvzap-predictor-trace-20260817T085505Z::builtin_retrieval_trace,kvzap-predictor-trace-20260817T085505Z,builtin_retrieval_trace,drop,147,7
kvzap-predictor-trace-20260817T085505Z::builtin_retrieval_trace,kvzap-predictor-trace-20260817T085505Z,builtin_retrieval_trace,drop,148,1
kvzap-predictor-trace-20260817T085505Z::builtin_retrieval_trace,kvzap-predictor-trace-20260817T085505Z,builtin_retrieval_trace,drop,149,4
kvzap-predictor-trace-20260817T085505Z::builtin_retrieval_trace,kvzap-predictor-trace-20260817T085505Z,builtin_retrieval_trace,drop,150,1
kvzap-predictor-trace-20260817T085505Z::builtin_retrieval_trace,kvzap-predictor-trace-20260817T085505Z,builtin_retrieval_trace,drop,152,1
kvzap-predictor-trace-20260817T085505Z::builtin_retrieval_trace,kvzap-predictor-trace-20260817T085505Z,builtin_retrieval_trace,drop,161,1
kvzap-predictor-trace-20260817T085505Z::builtin_retrieval_trace,kvzap-predictor-trace-20260817T085505Z,builtin_retrieval_trace,drop,166,1
kvzap-predictor-trace-20260817T085505Z::builtin_retrieval_trace,kvzap-predictor-trace-20260817T085505Z,builtin_retrieval_trace,drop,168,2
kvzap-predictor-trace-20260817T085505Z::builtin_retrieval_trace,kvzap-predictor-trace-20260817T085505Z,builtin_retrieval_trace,drop,171,1
kvzap-predictor-trace-20260817T085505Z::builtin_retrieval_trace,kvzap-predictor-trace-20260817T085505Z,builtin_retrieval_trace,drop,172,2
kvzap-predictor-trace-20260817T085505Z::builtin_retrieval_trace,kvzap-predictor-trace-20260817T085505Z,builtin_retrieval_trace,drop,173,2
kvzap-predictor-trace-20260817T085505Z::builtin_retrieval_trace,kvzap-predictor-trace-20260817T085505Z,builtin_retrieval_trace,drop,182,1
kvzap-predictor-trace-20260817T085505Z::builtin_retrieval_trace,kvzap-predictor-trace-20260817T085505Z,builtin_retrieval_trace,drop,187,1
kvzap-predictor-trace-20260817T085505Z::builtin_retrieval_trace,kvzap-predictor-trace-20260817T085505Z,builtin_retrieval_trace,drop,191,1
kvzap-predictor-trace-20260817T085505Z::builtin_retrieval_trace,kvzap-predictor-trace-20260817T085505Z,builtin_retrieval_trace,drop,195,1
kvzap-predictor-trace-20260817T085505Z::builtin_retrieval_trace,kvzap-predictor-trace-20260817T085505Z,builtin_retrieval_trace,drop,199,4
kvzap-predictor-trace-20260817T085505Z::builtin_retrieval_trace,kvzap-predictor-trace-20260817T085505Z,builtin_retrieval_trace,drop,208,3
kvzap-predictor-trace-20260817T085505Z::builtin_retrieval_trace,kvzap-predictor-trace-20260817T085505Z,builtin_retrieval_trace,drop,209,1
kvzap-predictor-trace-20260817T085505Z::builtin_retrieval_trace,kvzap-predictor-trace-20260817T085505Z,builtin_retrieval_trace,drop,212,1
kvzap-predictor-trace-20260817T085505Z::builtin_retrieval_trace,kvzap-predictor-trace-20260817T085505Z,builtin_retrieval_trace,drop,219,1
kvzap-predictor-trace-20260817T085505Z::builtin_retrieval_trace,kvzap-predictor-trace-20260817T085505Z,builtin_retrieval_trace,drop,221,1
kvzap-predictor-trace-20260817T085505Z::builtin_retrieval_trace,kvzap-predictor-trace-20260817T085505Z,builtin_retrieval_trace,drop,223,3
kvzap-predictor-trace-20260817T085505Z::builtin_retrieval_trace,kvzap-predictor-trace-20260817T085505Z,builtin_retrieval_trace,drop,224,1
kvzap-predictor-trace-20260817T085505Z::builtin_retrieval_trace,kvzap-predictor-trace-20260817T085505Z,builtin_retrieval_trace,drop,225,1
kvzap-predictor-trace-20260817T085505Z::builtin_retrieval_trace,kvzap-predictor-trace-20260817T085505Z,builtin_retrieval_trace,drop,226,2
kvzap-predictor-trace-20260817T085505Z::builtin_retrieval_trace,kvzap-predictor-trace-20260817T085505Z,builtin_retrieval_trace,drop,229,1
kvzap-predictor-trace-20260817T085505Z::builtin_retrieval_trace,kvzap-predictor-trace-20260817T085505Z,builtin_retrieval_trace,drop,231,2
kvzap-predictor-trace-20260817T085505Z::builtin_retrieval_trace,kvzap-predictor-trace-20260817T085505Z,builtin_retrieval_trace,drop,234,2
kvzap-predictor-trace-20260817T085505Z::builtin_retrieval_trace,kvzap-predictor-trace-20260817T085505Z,builtin_retrieval_trace,drop,235,2
kvzap-predictor-trace-20260817T085505Z::builtin_retrieval_trace,kvzap-predictor-trace-20260817T085505Z,builtin_retrieval_trace,drop,236,2
kvzap-predictor-trace-20260817T085505Z::builtin_retrieval_trace,kvzap-predictor-trace-20260817T085505Z,builtin_retrieval_trace,drop,237,1
kvzap-predictor-trace-20260817T085505Z::builtin_retrieval_trace,kvzap-predictor-trace-20260817T085505Z,builtin_retrieval_trace,drop,240,1
kvzap-predictor-trace-20260817T085505Z::builtin_retrieval_trace,kvzap-predictor-trace-20260817T085505Z,builtin_retrieval_trace,drop,242,2
kvzap-predictor-trace-20260817T085505Z::builtin_retrieval_trace,kvzap-predictor-trace-20260817T085505Z,builtin_retrieval_trace,drop,243,1
kvzap-predictor-trace-20260817T085505Z::builtin_retrieval_trace,kvzap-predictor-trace-20260817T085505Z,builtin_retrieval_trace,drop,245,1
kvzap-predictor-trace-20260817T085505Z::builtin_retrieval_trace,kvzap-predictor-trace-20260817T085505Z,builtin_retrieval_trace,drop,247,1
kvzap-predictor-trace-20260817T085505Z::builtin_retrieval_trace,kvzap-predictor-trace-20260817T085505Z,builtin_retrieval_trace,drop,248,1
kvzap-predictor-trace-20260817T085505Z::builtin_retrieval_trace,kvzap-predictor-trace-20260817T085505Z,builtin_retrieval_trace,drop,250,1
kvzap-predictor-trace-20260817T085505Z::builtin_retrieval_trace,kvzap-predictor-trace-20260817T085505Z,builtin_retrieval_trace,drop,251,1
kvzap-predictor-trace-20260817T085505Z::builtin_retrieval_trace,kvzap-predictor-trace-20260817T085505Z,builtin_retrieval_trace,drop,255,1
kvzap-predictor-trace-20260817T085505Z::builtin_retrieval_trace,kvzap-predictor-trace-20260817T085505Z,builtin_retrieval_trace,drop,257,1
kvzap-predictor-trace-20260817T085505Z::builtin_retrieval_trace,kvzap-predictor-trace-20260817T085505Z,builtin_retrieval_trace,drop,259,5
kvzap-predictor-trace-20260817T085505Z::builtin_retrieval_trace,kvzap-predictor-trace-20260817T085505Z,builtin_retrieval_trace,drop,260,1
kvzap-predictor-trace-20260817T085505Z::builtin_retrieval_trace,kvzap-predictor-trace-20260817T085505Z,builtin_retrieval_trace,drop,263,2
kvzap-predictor-trace-20260817T085505Z::builtin_retrieval_trace,kvzap-predictor-trace-20260817T085505Z,builtin_retrieval_trace,drop,264,3
kvzap-predictor-trace-20260817T085505Z::builtin_retrieval_trace,kvzap-predictor-trace-20260817T085505Z,builtin_retrieval_trace,drop,270,1
kvzap-predictor-trace-20260817T085505Z::builtin_retrieval_trace,kvzap-predictor-trace-20260817T085505Z,builtin_retrieval_trace,drop,272,1
kvzap-predictor-trace-20260817T085505Z::builtin_retrieval_trace,kvzap-predictor-trace-20260817T085505Z,builtin_retrieval_trace,drop,276,1
kvzap-predictor-trace-20260817T085505Z::builtin_retrieval_trace,kvzap-predictor-trace-20260817T085505Z,builtin_retrieval_trace,drop,279,1
kvzap-predictor-trace-20260817T085505Z::builtin_retrieval_trace,kvzap-predictor-trace-20260817T085505Z,builtin_retrieval_trace,drop,291,1
kvzap-predictor-trace-20260817T085505Z::builtin_retrieval_trace,kvzap-predictor-trace-20260817T085505Z,builtin_retrieval_trace,drop,296,2
kvzap-predictor-trace-20260817T085505Z::builtin_retrieval_trace,kvzap-predictor-trace-20260817T085505Z,builtin_retrieval_trace,drop,298,2
kvzap-predictor-trace-20260817T085505Z::builtin_retrieval_trace,kvzap-predictor-trace-20260817T085505Z,builtin_retrieval_trace,drop,299,1
kvzap-predictor-trace-20260817T085505Z::builtin_retrieval_trace,kvzap-predictor-trace-20260817T085505Z,builtin_retrieval_trace,drop,303,1
kvzap-predictor-trace-20260817T085505Z::builtin_retrieval_trace,kvzap-predictor-trace-20260817T085505Z,builtin_retrieval_trace,drop,307,1
kvzap-predictor-trace-20260817T085505Z::builtin_retrieval_trace,kvzap-predictor-trace-20260817T085505Z,builtin_retrieval_trace,drop,308,2
kvzap-predictor-trace-20260817T085505Z::builtin_retrieval_trace,kvzap-predictor-trace-20260817T085505Z,builtin_retrieval_trace,drop,309,1
kvzap-predictor-trace-20260817T085505Z::builtin_retrieval_trace,kvzap-predictor-trace-20260817T085505Z,builtin_retrieval_trace,drop,313,1
kvzap-predictor-trace-20260817T085505Z::builtin_retrieval_trace,kvzap-predictor-trace-20260817T085505Z,builtin_retrieval_trace,drop,316,10
kvzap-predictor-trace-20260817T085505Z::builtin_retrieval_trace,kvzap-predictor-trace-20260817T085505Z,builtin_retrieval_trace,drop,317,3
kvzap-predictor-trace-20260817T085505Z::builtin_retrieval_trace,kvzap-predictor-trace-20260817T085505Z,builtin_retrieval_trace,drop,318,2
kvzap-predictor-trace-20260817T085505Z::builtin_retrieval_trace,kvzap-predictor-trace-20260817T085505Z,builtin_retrieval_trace,drop,322,1
kvzap-predictor-trace-20260817T085505Z::builtin_retrieval_trace,kvzap-predictor-trace-20260817T085505Z,builtin_retrieval_trace,drop,324,1
kvzap-predictor-trace-20260817T085505Z::builtin_retrieval_trace,kvzap-predictor-trace-20260817T085505Z,builtin_retrieval_trace,drop,327,1
kvzap-predictor-trace-20260817T085505Z::builtin_retrieval_trace,kvzap-predictor-trace-20260817T085505Z,builtin_retrieval_trace,drop,328,2
kvzap-predictor-trace-20260817T085505Z::builtin_retrieval_trace,kvzap-predictor-trace-20260817T085505Z,builtin_retrieval_trace,drop,333,1
kvzap-predictor-trace-20260817T085505Z::builtin_retrieval_trace,kvzap-predictor-trace-20260817T085505Z,builtin_retrieval_trace,drop,335,1
kvzap-predictor-trace-20260817T085505Z::builtin_retrieval_trace,kvzap-predictor-trace-20260817T085505Z,builtin_retrieval_trace,drop,349,4
kvzap-predictor-trace-20260817T085505Z::builtin_retrieval_trace,kvzap-predictor-trace-20260817T085505Z,builtin_retrieval_trace,drop,351,1
kvzap-predictor-trace-20260817T085505Z::builtin_retrieval_trace,kvzap-predictor-trace-20260817T085505Z,builtin_retrieval_trace,drop,360,1
kvzap-predictor-trace-20260817T085505Z::builtin_retrieval_trace,kvzap-predictor-trace-20260817T085505Z,builtin_retrieval_trace,drop,369,1
kvzap-predictor-trace-20260817T085505Z::builtin_retrieval_trace,kvzap-predictor-trace-20260817T085505Z,builtin_retrieval_trace,drop,372,2
kvzap-predictor-trace-20260817T085505Z::builtin_retrieval_trace,kvzap-predictor-trace-20260817T085505Z,builtin_retrieval_trace,drop,379,1
kvzap-predictor-trace-20260817T085505Z::builtin_retrieval_trace,kvzap-predictor-trace-20260817T085505Z,builtin_retrieval_trace,drop,380,1
kvzap-predictor-trace-20260817T085505Z::builtin_retrieval_trace,kvzap-predictor-trace-20260817T085505Z,builtin_retrieval_trace,drop,382,1
kvzap-predictor-trace-20260817T085505Z::builtin_retrieval_trace,kvzap-predictor-trace-20260817T085505Z,builtin_retrieval_trace,drop,383,2
kvzap-predictor-trace-20260817T085505Z::builtin_retrieval_trace,kvzap-predictor-trace-20260817T085505Z,builtin_retrieval_trace,drop,388,2
kvzap-predictor-trace-20260817T085505Z::builtin_retrieval_trace,kvzap-predictor-trace-20260817T085505Z,builtin_retrieval_trace,drop,398,2
kvzap-predictor-trace-20260817T085505Z::builtin_retrieval_trace,kvzap-predictor-trace-20260817T085505Z,builtin_retrieval_trace,drop,403,3
kvzap-predictor-trace-20260817T085505Z::builtin_retrieval_trace,kvzap-predictor-trace-20260817T085505Z,builtin_retrieval_trace,drop,426,1
kvzap-predictor-trace-20260817T085505Z::builtin_retrieval_trace,kvzap-predictor-trace-20260817T085505Z,builtin_retrieval_trace,drop,447,1
kvzap-predictor-trace-20260817T085505Z::builtin_retrieval_trace,kvzap-predictor-trace-20260817T085505Z,builtin_retrieval_trace,drop,450,1
kvzap-predictor-trace-20260817T085505Z::builtin_retrieval_trace,kvzap-predictor-trace-20260817T085505Z,builtin_retrieval_trace,drop,452,1
kvzap-predictor-trace-20260817T085505Z::builtin_retrieval_trace,kvzap-predictor-trace-20260817T085505Z,builtin_retrieval_trace,drop,457,1
kvzap-predictor-trace-20260817T085505Z::builtin_retrieval_trace,kvzap-predictor-trace-20260817T085505Z,builtin_retrieval_trace,drop,462,1
kvzap-predictor-trace-20260817T085505Z::builtin_retrieval_trace,kvzap-predictor-trace-20260817T085505Z,builtin_retrieval_trace,drop,513,1
kvzap-predictor-trace-20260817T085505Z::builtin_retrieval_trace,kvzap-predictor-trace-20260817T085505Z,builtin_retrieval_trace,drop,613,1
kvzap-predictor-trace-20260817T085505Z::builtin_retrieval_trace,kvzap-predictor-trace-20260817T085505Z,builtin_retrieval_trace,drop,626,1
kvzap-predictor-trace-20260817T085505Z::builtin_retrieval_trace,kvzap-predictor-trace-20260817T085505Z,builtin_retrieval_trace,drop,634,2
kvzap-predictor-trace-20260817T085505Z::builtin_retrieval_trace,kvzap-predictor-trace-20260817T085505Z,builtin_retrieval_trace,drop,663,1
kvzap-predictor-trace-20260817T085505Z::builtin_retrieval_trace,kvzap-predictor-trace-20260817T085505Z,builtin_retrieval_trace,drop,685,1
kvzap-predictor-trace-20260817T085505Z::builtin_retrieval_trace,kvzap-predictor-trace-20260817T085505Z,builtin_retrieval_trace,drop,698,1
kvzap-predictor-trace-20260817T085505Z::builtin_retrieval_trace,kvzap-predictor-trace-20260817T085505Z,builtin_retrieval_trace,drop,700,1
kvzap-predictor-trace-20260817T085505Z::builtin_retrieval_trace,kvzap-predictor-trace-20260817T085505Z,builtin_retrieval_trace,drop,701,1
kvzap-predictor-trace-20260817T085505Z::builtin_retrieval_trace,kvzap-predictor-trace-20260817T085505Z,builtin_retrieval_trace,drop,705,1
kvzap-predictor-trace-20260817T085505Z::builtin_retrieval_trace,kvzap-predictor-trace-20260817T085505Z,builtin_retrieval_trace,drop,708,6
kvzap-predictor-trace-20260817T085505Z::builtin_retrieval_trace,kvzap-predictor-trace-20260817T085505Z,builtin_retrieval_trace,drop,721,1
kvzap-predictor-trace-20260817T085505Z::builtin_retrieval_trace,kvzap-predictor-trace-20260817T085505Z,builtin_retrieval_trace,drop,725,1
kvzap-predictor-trace-20260817T085505Z::builtin_retrieval_trace,kvzap-predictor-trace-20260817T085505Z,builtin_retrieval_trace,drop,753,1
kvzap-predictor-trace-20260817T085505Z::builtin_retrieval_trace,kvzap-predictor-trace-20260817T085505Z,builtin_retrieval_trace,drop,758,1
kvzap-predictor-trace-20260817T085505Z::builtin_retrieval_trace,kvzap-predictor-trace-20260817T085505Z,builtin_retrieval_trace,drop,766,1
kvzap-predictor-trace-20260817T085505Z::builtin_retrieval_trace,kvzap-predictor-trace-20260817T085505Z,builtin_retrieval_trace,drop,774,1
kvzap-predictor-trace-20260817T085505Z::builtin_retrieval_trace,kvzap-predictor-trace-20260817T085505Z,builtin_retrieval_trace,drop,775,1
kvzap-predictor-trace-20260817T085505Z::builtin_retrieval_trace,kvzap-predictor-trace-20260817T085505Z,builtin_retrieval_trace,drop,776,49
kvzap-predictor-trace-20260817T085505Z::builtin_retrieval_trace,kvzap-predictor-trace-20260817T085505Z,builtin_retrieval_trace,drop,777,12
kvzap-predictor-trace-20260817T085505Z::builtin_retrieval_trace,kvzap-predictor-trace-20260817T085505Z,builtin_retrieval_trace,keep,1,7327
kvzap-predictor-trace-20260817T085505Z::builtin_retrieval_trace,kvzap-predictor-trace-20260817T085505Z,builtin_retrieval_trace,keep,2,2110
kvzap-predictor-trace-20260817T085505Z::builtin_retrieval_trace,kvzap-predictor-trace-20260817T085505Z,builtin_retrieval_trace,keep,3,1191
kvzap-predictor-trace-20260817T085505Z::builtin_retrieval_trace,kvzap-predictor-trace-20260817T085505Z,builtin_retrieval_trace,keep,4,421
kvzap-predictor-trace-20260817T085505Z::builtin_retrieval_trace,kvzap-predictor-trace-20260817T085505Z,builtin_retrieval_trace,keep,5,343
kvzap-predictor-trace-20260817T085505Z::builtin_retrieval_trace,kvzap-predictor-trace-20260817T085505Z,builtin_retrieval_trace,keep,6,202
kvzap-predictor-trace-20260817T085505Z::builtin_retrieval_trace,kvzap-predictor-trace-20260817T085505Z,builtin_retrieval_trace,keep,7,196
kvzap-predictor-trace-20260817T085505Z::builtin_retrieval_trace,kvzap-predictor-trace-20260817T085505Z,builtin_retrieval_trace,keep,8,119
kvzap-predictor-trace-20260817T085505Z::builtin_retrieval_trace,kvzap-predictor-trace-20260817T085505Z,builtin_retrieval_trace,keep,9,162
kvzap-predictor-trace-20260817T085505Z::builtin_retrieval_trace,kvzap-predictor-trace-20260817T085505Z,builtin_retrieval_trace,keep,10,72
kvzap-predictor-trace-20260817T085505Z::builtin_retrieval_trace,kvzap-predictor-trace-20260817T085505Z,builtin_retrieval_trace,keep,11,97
kvzap-predictor-trace-20260817T085505Z::builtin_retrieval_trace,kvzap-predictor-trace-20260817T085505Z,builtin_retrieval_trace,keep,12,44
kvzap-predictor-trace-20260817T085505Z::builtin_retrieval_trace,kvzap-predictor-trace-20260817T085505Z,builtin_retrieval_trace,keep,13,36
kvzap-predictor-trace-20260817T085505Z::builtin_retrieval_trace,kvzap-predictor-trace-20260817T085505Z,builtin_retrieval_trace,keep,14,14
kvzap-predictor-trace-20260817T085505Z::builtin_retrieval_trace,kvzap-predictor-trace-20260817T085505Z,builtin_retrieval_trace,keep,15,35
kvzap-predictor-trace-20260817T085505Z::builtin_retrieval_trace,kvzap-predictor-trace-20260817T085505Z,builtin_retrieval_trace,keep,16,14
kvzap-predictor-trace-20260817T085505Z::builtin_retrieval_trace,kvzap-predictor-trace-20260817T085505Z,builtin_retrieval_trace,keep,17,54
kvzap-predictor-trace-20260817T085505Z::builtin_retrieval_trace,kvzap-predictor-trace-20260817T085505Z,builtin_retrieval_trace,keep,18,20
kvzap-predictor-trace-20260817T085505Z::builtin_retrieval_trace,kvzap-predictor-trace-20260817T085505Z,builtin_retrieval_trace,keep,19,17
kvzap-predictor-trace-20260817T085505Z::builtin_retrieval_trace,kvzap-predictor-trace-20260817T085505Z,builtin_retrieval_trace,keep,20,6
kvzap-predictor-trace-20260817T085505Z::builtin_retrieval_trace,kvzap-predictor-trace-20260817T085505Z,builtin_retrieval_trace,keep,21,18
kvzap-predictor-trace-20260817T085505Z::builtin_retrieval_trace,kvzap-predictor-trace-20260817T085505Z,builtin_retrieval_trace,keep,22,2
kvzap-predictor-trace-20260817T085505Z::builtin_retrieval_trace,kvzap-predictor-trace-20260817T085505Z,builtin_retrieval_trace,keep,23,26
kvzap-predictor-trace-20260817T085505Z::builtin_retrieval_trace,kvzap-predictor-trace-20260817T085505Z,builtin_retrieval_trace,keep,24,13
kvzap-predictor-trace-20260817T085505Z::builtin_retrieval_trace,kvzap-predictor-trace-20260817T085505Z,builtin_retrieval_trace,keep,25,8
kvzap-predictor-trace-20260817T085505Z::builtin_retrieval_trace,kvzap-predictor-trace-20260817T085505Z,builtin_retrieval_trace,keep,26,14
kvzap-predictor-trace-20260817T085505Z::builtin_retrieval_trace,kvzap-predictor-trace-20260817T085505Z,builtin_retrieval_trace,keep,27,10
kvzap-predictor-trace-20260817T085505Z::builtin_retrieval_trace,kvzap-predictor-trace-20260817T085505Z,builtin_retrieval_trace,keep,28,7
kvzap-predictor-trace-20260817T085505Z::builtin_retrieval_trace,kvzap-predictor-trace-20260817T085505Z,builtin_retrieval_trace,keep,29,2
kvzap-predictor-trace-20260817T085505Z::builtin_retrieval_trace,kvzap-predictor-trace-20260817T085505Z,builtin_retrieval_trace,keep,30,2
kvzap-predictor-trace-20260817T085505Z::builtin_retrieval_trace,kvzap-predictor-trace-20260817T085505Z,builtin_retrieval_trace,keep,31,2
kvzap-predictor-trace-20260817T085505Z::builtin_retrieval_trace,kvzap-predictor-trace-20260817T085505Z,builtin_retrieval_trace,keep,33,2
kvzap-predictor-trace-20260817T085505Z::builtin_retrieval_trace,kvzap-predictor-trace-20260817T085505Z,builtin_retrieval_trace,keep,34,1
kvzap-predictor-trace-20260817T085505Z::builtin_retrieval_trace,kvzap-predictor-trace-20260817T085505Z,builtin_retrieval_trace,keep,35,1
kvzap-predictor-trace-20260817T085505Z::builtin_retrieval_trace,kvzap-predictor-trace-20260817T085505Z,builtin_retrieval_trace,keep,36,2
kvzap-predictor-trace-20260817T085505Z::builtin_retrieval_trace,kvzap-predictor-trace-20260817T085505Z,builtin_retrieval_trace,keep,37,4
kvzap-predictor-trace-20260817T085505Z::builtin_retrieval_trace,kvzap-predictor-trace-20260817T085505Z,builtin_retrieval_trace,keep,38,2
kvzap-predictor-trace-20260817T085505Z::builtin_retrieval_trace,kvzap-predictor-trace-20260817T085505Z,builtin_retrieval_trace,keep,39,2
kvzap-predictor-trace-20260817T085505Z::builtin_retrieval_trace,kvzap-predictor-trace-20260817T085505Z,builtin_retrieval_trace,keep,40,2
kvzap-predictor-trace-20260817T085505Z::builtin_retrieval_trace,kvzap-predictor-trace-20260817T085505Z,builtin_retrieval_trace,keep,42,1
kvzap-predictor-trace-20260817T085505Z::builtin_retrieval_trace,kvzap-predictor-trace-20260817T085505Z,builtin_retrieval_trace,keep,45,2
kvzap-predictor-trace-20260817T085505Z::builtin_retrieval_trace,kvzap-predictor-trace-20260817T085505Z,builtin_retrieval_trace,keep,47,4
kvzap-predictor-trace-20260817T085505Z::builtin_retrieval_trace,kvzap-predictor-trace-20260817T085505Z,builtin_retrieval_trace,keep,50,3
kvzap-predictor-trace-20260817T085505Z::builtin_retrieval_trace,kvzap-predictor-trace-20260817T085505Z,builtin_retrieval_trace,keep,54,2
kvzap-predictor-trace-20260817T085505Z::builtin_retrieval_trace,kvzap-predictor-trace-20260817T085505Z,builtin_retrieval_trace,keep,57,7
kvzap-predictor-trace-20260817T085505Z::builtin_retrieval_trace,kvzap-predictor-trace-20260817T085505Z,builtin_retrieval_trace,keep,61,1
kvzap-predictor-trace-20260817T085505Z::builtin_retrieval_trace,kvzap-predictor-trace-20260817T085505Z,builtin_retrieval_trace,keep,62,1
kvzap-predictor-trace-20260817T085505Z::builtin_retrieval_trace,kvzap-predictor-trace-20260817T085505Z,builtin_retrieval_trace,keep,63,1
kvzap-predictor-trace-20260817T085505Z::builtin_retrieval_trace,kvzap-predictor-trace-20260817T085505Z,builtin_retrieval_trace,keep,66,2
kvzap-predictor-trace-20260817T085505Z::builtin_retrieval_trace,kvzap-predictor-trace-20260817T085505Z,builtin_retrieval_trace,keep,68,1
kvzap-predictor-trace-20260817T085505Z::builtin_retrieval_trace,kvzap-predictor-trace-20260817T085505Z,builtin_retrieval_trace,keep,71,1
kvzap-predictor-trace-20260817T085505Z::builtin_retrieval_trace,kvzap-predictor-trace-20260817T085505Z,builtin_retrieval_trace,keep,86,1
kvzap-predictor-trace-20260817T085505Z::builtin_retrieval_trace,kvzap-predictor-trace-20260817T085505Z,builtin_retrieval_trace,keep,90,1
kvzap-predictor-trace-20260817T085505Z::builtin_retrieval_trace,kvzap-predictor-trace-20260817T085505Z,builtin_retrieval_trace,keep,98,3
kvzap-predictor-trace-20260817T085505Z::builtin_retrieval_trace,kvzap-predictor-trace-20260817T085505Z,builtin_retrieval_trace,keep,102,1
kvzap-predictor-trace-20260817T085505Z::builtin_retrieval_trace,kvzap-predictor-trace-20260817T085505Z,builtin_retrieval_trace,keep,113,1
kvzap-predictor-trace-20260817T085505Z::builtin_retrieval_trace,kvzap-predictor-trace-20260817T085505Z,builtin_retrieval_trace,keep,127,1
kvzap-predictor-trace-20260817T085505Z::builtin_retrieval_trace,kvzap-predictor-trace-20260817T085505Z,builtin_retrieval_trace,keep,145,1
kvzap-predictor-trace-20260817T085505Z::builtin_retrieval_trace,kvzap-predictor-trace-20260817T085505Z,builtin_retrieval_trace,keep,159,1
kvzap-predictor-trace-20260817T085505Z::builtin_retrieval_trace,kvzap-predictor-trace-20260817T085505Z,builtin_retrieval_trace,keep,242,1
kvzap-predictor-trace-20260817T085505Z::builtin_retrieval_trace,kvzap-predictor-trace-20260817T085505Z,builtin_retrieval_trace,keep,777,2
kvzap-predictor-trace-20260817T122012Z::builtin_summarization_trace,kvzap-predictor-trace-20260817T122012Z,builtin_summarization_trace,drop,1,5188
kvzap-predictor-trace-20260817T122012Z::builtin_summarization_trace,kvzap-predictor-trace-20260817T122012Z,builtin_summarization_trace,drop,2,1764
kvzap-predictor-trace-20260817T122012Z::builtin_summarization_trace,kvzap-predictor-trace-20260817T122012Z,builtin_summarization_trace,drop,3,912
kvzap-predictor-trace-20260817T122012Z::builtin_summarization_trace,kvzap-predictor-trace-20260817T122012Z,builtin_summarization_trace,drop,4,615
kvzap-predictor-trace-20260817T122012Z::builtin_summarization_trace,kvzap-predictor-trace-20260817T122012Z,builtin_summarization_trace,drop,5,333
kvzap-predictor-trace-20260817T122012Z::builtin_summarization_trace,kvzap-predictor-trace-20260817T122012Z,builtin_summarization_trace,drop,6,278
kvzap-predictor-trace-20260817T122012Z::builtin_summarization_trace,kvzap-predictor-trace-20260817T122012Z,builtin_summarization_trace,drop,7,270
kvzap-predictor-trace-20260817T122012Z::builtin_summarization_trace,kvzap-predictor-trace-20260817T122012Z,builtin_summarization_trace,drop,8,169
kvzap-predictor-trace-20260817T122012Z::builtin_summarization_trace,kvzap-predictor-trace-20260817T122012Z,builtin_summarization_trace,drop,9,155
kvzap-predictor-trace-20260817T122012Z::builtin_summarization_trace,kvzap-predictor-trace-20260817T122012Z,builtin_summarization_trace,drop,10,104
kvzap-predictor-trace-20260817T122012Z::builtin_summarization_trace,kvzap-predictor-trace-20260817T122012Z,builtin_summarization_trace,drop,11,162
kvzap-predictor-trace-20260817T122012Z::builtin_summarization_trace,kvzap-predictor-trace-20260817T122012Z,builtin_summarization_trace,drop,12,152
kvzap-predictor-trace-20260817T122012Z::builtin_summarization_trace,kvzap-predictor-trace-20260817T122012Z,builtin_summarization_trace,drop,13,79
kvzap-predictor-trace-20260817T122012Z::builtin_summarization_trace,kvzap-predictor-trace-20260817T122012Z,builtin_summarization_trace,drop,14,43
kvzap-predictor-trace-20260817T122012Z::builtin_summarization_trace,kvzap-predictor-trace-20260817T122012Z,builtin_summarization_trace,drop,15,75
kvzap-predictor-trace-20260817T122012Z::builtin_summarization_trace,kvzap-predictor-trace-20260817T122012Z,builtin_summarization_trace,drop,16,64
kvzap-predictor-trace-20260817T122012Z::builtin_summarization_trace,kvzap-predictor-trace-20260817T122012Z,builtin_summarization_trace,drop,17,80
kvzap-predictor-trace-20260817T122012Z::builtin_summarization_trace,kvzap-predictor-trace-20260817T122012Z,builtin_summarization_trace,drop,18,50
kvzap-predictor-trace-20260817T122012Z::builtin_summarization_trace,kvzap-predictor-trace-20260817T122012Z,builtin_summarization_trace,drop,19,59
kvzap-predictor-trace-20260817T122012Z::builtin_summarization_trace,kvzap-predictor-trace-20260817T122012Z,builtin_summarization_trace,drop,20,35
kvzap-predictor-trace-20260817T122012Z::builtin_summarization_trace,kvzap-predictor-trace-20260817T122012Z,builtin_summarization_trace,drop,21,38
kvzap-predictor-trace-20260817T122012Z::builtin_summarization_trace,kvzap-predictor-trace-20260817T122012Z,builtin_summarization_trace,drop,22,31
kvzap-predictor-trace-20260817T122012Z::builtin_summarization_trace,kvzap-predictor-trace-20260817T122012Z,builtin_summarization_trace,drop,23,32
kvzap-predictor-trace-20260817T122012Z::builtin_summarization_trace,kvzap-predictor-trace-20260817T122012Z,builtin_summarization_trace,drop,24,30
kvzap-predictor-trace-20260817T122012Z::builtin_summarization_trace,kvzap-predictor-trace-20260817T122012Z,builtin_summarization_trace,drop,25,42
kvzap-predictor-trace-20260817T122012Z::builtin_summarization_trace,kvzap-predictor-trace-20260817T122012Z,builtin_summarization_trace,drop,26,30
kvzap-predictor-trace-20260817T122012Z::builtin_summarization_trace,kvzap-predictor-trace-20260817T122012Z,builtin_summarization_trace,drop,27,42
kvzap-predictor-trace-20260817T122012Z::builtin_summarization_trace,kvzap-predictor-trace-20260817T122012Z,builtin_summarization_trace,drop,28,19
kvzap-predictor-trace-20260817T122012Z::builtin_summarization_trace,kvzap-predictor-trace-20260817T122012Z,builtin_summarization_trace,drop,29,8
kvzap-predictor-trace-20260817T122012Z::builtin_summarization_trace,kvzap-predictor-trace-20260817T122012Z,builtin_summarization_trace,drop,30,14
kvzap-predictor-trace-20260817T122012Z::builtin_summarization_trace,kvzap-predictor-trace-20260817T122012Z,builtin_summarization_trace,drop,31,4
kvzap-predictor-trace-20260817T122012Z::builtin_summarization_trace,kvzap-predictor-trace-20260817T122012Z,builtin_summarization_trace,drop,32,26
kvzap-predictor-trace-20260817T122012Z::builtin_summarization_trace,kvzap-predictor-trace-20260817T122012Z,builtin_summarization_trace,drop,33,15
kvzap-predictor-trace-20260817T122012Z::builtin_summarization_trace,kvzap-predictor-trace-20260817T122012Z,builtin_summarization_trace,drop,34,13
kvzap-predictor-trace-20260817T122012Z::builtin_summarization_trace,kvzap-predictor-trace-20260817T122012Z,builtin_summarization_trace,drop,35,20
kvzap-predictor-trace-20260817T122012Z::builtin_summarization_trace,kvzap-predictor-trace-20260817T122012Z,builtin_summarization_trace,drop,36,16
kvzap-predictor-trace-20260817T122012Z::builtin_summarization_trace,kvzap-predictor-trace-20260817T122012Z,builtin_summarization_trace,drop,37,29
kvzap-predictor-trace-20260817T122012Z::builtin_summarization_trace,kvzap-predictor-trace-20260817T122012Z,builtin_summarization_trace,drop,38,20
kvzap-predictor-trace-20260817T122012Z::builtin_summarization_trace,kvzap-predictor-trace-20260817T122012Z,builtin_summarization_trace,drop,39,15
kvzap-predictor-trace-20260817T122012Z::builtin_summarization_trace,kvzap-predictor-trace-20260817T122012Z,builtin_summarization_trace,drop,40,40
kvzap-predictor-trace-20260817T122012Z::builtin_summarization_trace,kvzap-predictor-trace-20260817T122012Z,builtin_summarization_trace,drop,41,14
kvzap-predictor-trace-20260817T122012Z::builtin_summarization_trace,kvzap-predictor-trace-20260817T122012Z,builtin_summarization_trace,drop,42,2
kvzap-predictor-trace-20260817T122012Z::builtin_summarization_trace,kvzap-predictor-trace-20260817T122012Z,builtin_summarization_trace,drop,43,6
kvzap-predictor-trace-20260817T122012Z::builtin_summarization_trace,kvzap-predictor-trace-20260817T122012Z,builtin_summarization_trace,drop,44,4
kvzap-predictor-trace-20260817T122012Z::builtin_summarization_trace,kvzap-predictor-trace-20260817T122012Z,builtin_summarization_trace,drop,45,26
kvzap-predictor-trace-20260817T122012Z::builtin_summarization_trace,kvzap-predictor-trace-20260817T122012Z,builtin_summarization_trace,drop,46,5
kvzap-predictor-trace-20260817T122012Z::builtin_summarization_trace,kvzap-predictor-trace-20260817T122012Z,builtin_summarization_trace,drop,47,19
kvzap-predictor-trace-20260817T122012Z::builtin_summarization_trace,kvzap-predictor-trace-20260817T122012Z,builtin_summarization_trace,drop,48,5
kvzap-predictor-trace-20260817T122012Z::builtin_summarization_trace,kvzap-predictor-trace-20260817T122012Z,builtin_summarization_trace,drop,49,4
kvzap-predictor-trace-20260817T122012Z::builtin_summarization_trace,kvzap-predictor-trace-20260817T122012Z,builtin_summarization_trace,drop,50,10
kvzap-predictor-trace-20260817T122012Z::builtin_summarization_trace,kvzap-predictor-trace-20260817T122012Z,builtin_summarization_trace,drop,51,14
kvzap-predictor-trace-20260817T122012Z::builtin_summarization_trace,kvzap-predictor-trace-20260817T122012Z,builtin_summarization_trace,drop,52,5
kvzap-predictor-trace-20260817T122012Z::builtin_summarization_trace,kvzap-predictor-trace-20260817T122012Z,builtin_summarization_trace,drop,53,10
kvzap-predictor-trace-20260817T122012Z::builtin_summarization_trace,kvzap-predictor-trace-20260817T122012Z,builtin_summarization_trace,drop,54,6
kvzap-predictor-trace-20260817T122012Z::builtin_summarization_trace,kvzap-predictor-trace-20260817T122012Z,builtin_summarization_trace,drop,55,14
kvzap-predictor-trace-20260817T122012Z::builtin_summarization_trace,kvzap-predictor-trace-20260817T122012Z,builtin_summarization_trace,drop,56,10
kvzap-predictor-trace-20260817T122012Z::builtin_summarization_trace,kvzap-predictor-trace-20260817T122012Z,builtin_summarization_trace,drop,57,5
kvzap-predictor-trace-20260817T122012Z::builtin_summarization_trace,kvzap-predictor-trace-20260817T122012Z,builtin_summarization_trace,drop,58,6
kvzap-predictor-trace-20260817T122012Z::builtin_summarization_trace,kvzap-predictor-trace-20260817T122012Z,builtin_summarization_trace,drop,60,4
kvzap-predictor-trace-20260817T122012Z::builtin_summarization_trace,kvzap-predictor-trace-20260817T122012Z,builtin_summarization_trace,drop,61,6
kvzap-predictor-trace-20260817T122012Z::builtin_summarization_trace,kvzap-predictor-trace-20260817T122012Z,builtin_summarization_trace,drop,62,9
kvzap-predictor-trace-20260817T122012Z::builtin_summarization_trace,kvzap-predictor-trace-20260817T122012Z,builtin_summarization_trace,drop,63,11
kvzap-predictor-trace-20260817T122012Z::builtin_summarization_trace,kvzap-predictor-trace-20260817T122012Z,builtin_summarization_trace,drop,64,4
kvzap-predictor-trace-20260817T122012Z::builtin_summarization_trace,kvzap-predictor-trace-20260817T122012Z,builtin_summarization_trace,drop,65,3
kvzap-predictor-trace-20260817T122012Z::builtin_summarization_trace,kvzap-predictor-trace-20260817T122012Z,builtin_summarization_trace,drop,66,2
kvzap-predictor-trace-20260817T122012Z::builtin_summarization_trace,kvzap-predictor-trace-20260817T122012Z,builtin_summarization_trace,drop,67,5
kvzap-predictor-trace-20260817T122012Z::builtin_summarization_trace,kvzap-predictor-trace-20260817T122012Z,builtin_summarization_trace,drop,68,3
kvzap-predictor-trace-20260817T122012Z::builtin_summarization_trace,kvzap-predictor-trace-20260817T122012Z,builtin_summarization_trace,drop,69,3
kvzap-predictor-trace-20260817T122012Z::builtin_summarization_trace,kvzap-predictor-trace-20260817T122012Z,builtin_summarization_trace,drop,70,22
kvzap-predictor-trace-20260817T122012Z::builtin_summarization_trace,kvzap-predictor-trace-20260817T122012Z,builtin_summarization_trace,drop,71,12
kvzap-predictor-trace-20260817T122012Z::builtin_summarization_trace,kvzap-predictor-trace-20260817T122012Z,builtin_summarization_trace,drop,72,16
kvzap-predictor-trace-20260817T122012Z::builtin_summarization_trace,kvzap-predictor-trace-20260817T122012Z,builtin_summarization_trace,drop,73,186
kvzap-predictor-trace-20260817T122012Z::builtin_summarization_trace,kvzap-predictor-trace-20260817T122012Z,builtin_summarization_trace,drop,75,5
kvzap-predictor-trace-20260817T122012Z::builtin_summarization_trace,kvzap-predictor-trace-20260817T122012Z,builtin_summarization_trace,drop,76,2
kvzap-predictor-trace-20260817T122012Z::builtin_summarization_trace,kvzap-predictor-trace-20260817T122012Z,builtin_summarization_trace,drop,77,1
kvzap-predictor-trace-20260817T122012Z::builtin_summarization_trace,kvzap-predictor-trace-20260817T122012Z,builtin_summarization_trace,drop,78,2
kvzap-predictor-trace-20260817T122012Z::builtin_summarization_trace,kvzap-predictor-trace-20260817T122012Z,builtin_summarization_trace,drop,83,1
kvzap-predictor-trace-20260817T122012Z::builtin_summarization_trace,kvzap-predictor-trace-20260817T122012Z,builtin_summarization_trace,drop,85,3
kvzap-predictor-trace-20260817T122012Z::builtin_summarization_trace,kvzap-predictor-trace-20260817T122012Z,builtin_summarization_trace,drop,88,1
kvzap-predictor-trace-20260817T122012Z::builtin_summarization_trace,kvzap-predictor-trace-20260817T122012Z,builtin_summarization_trace,drop,90,1
kvzap-predictor-trace-20260817T122012Z::builtin_summarization_trace,kvzap-predictor-trace-20260817T122012Z,builtin_summarization_trace,drop,91,1
kvzap-predictor-trace-20260817T122012Z::builtin_summarization_trace,kvzap-predictor-trace-20260817T122012Z,builtin_summarization_trace,drop,93,1
kvzap-predictor-trace-20260817T122012Z::builtin_summarization_trace,kvzap-predictor-trace-20260817T122012Z,builtin_summarization_trace,drop,96,3
kvzap-predictor-trace-20260817T122012Z::builtin_summarization_trace,kvzap-predictor-trace-20260817T122012Z,builtin_summarization_trace,drop,97,4
kvzap-predictor-trace-20260817T122012Z::builtin_summarization_trace,kvzap-predictor-trace-20260817T122012Z,builtin_summarization_trace,drop,98,1
kvzap-predictor-trace-20260817T122012Z::builtin_summarization_trace,kvzap-predictor-trace-20260817T122012Z,builtin_summarization_trace,drop,99,2
kvzap-predictor-trace-20260817T122012Z::builtin_summarization_trace,kvzap-predictor-trace-20260817T122012Z,builtin_summarization_trace,drop,101,2
kvzap-predictor-trace-20260817T122012Z::builtin_summarization_trace,kvzap-predictor-trace-20260817T122012Z,builtin_summarization_trace,drop,106,2
kvzap-predictor-trace-20260817T122012Z::builtin_summarization_trace,kvzap-predictor-trace-20260817T122012Z,builtin_summarization_trace,drop,107,1
kvzap-predictor-trace-20260817T122012Z::builtin_summarization_trace,kvzap-predictor-trace-20260817T122012Z,builtin_summarization_trace,drop,108,4
kvzap-predictor-trace-20260817T122012Z::builtin_summarization_trace,kvzap-predictor-trace-20260817T122012Z,builtin_summarization_trace,drop,114,2
kvzap-predictor-trace-20260817T122012Z::builtin_summarization_trace,kvzap-predictor-trace-20260817T122012Z,builtin_summarization_trace,drop,117,1
kvzap-predictor-trace-20260817T122012Z::builtin_summarization_trace,kvzap-predictor-trace-20260817T122012Z,builtin_summarization_trace,drop,125,5
kvzap-predictor-trace-20260817T122012Z::builtin_summarization_trace,kvzap-predictor-trace-20260817T122012Z,builtin_summarization_trace,drop,137,1
kvzap-predictor-trace-20260817T122012Z::builtin_summarization_trace,kvzap-predictor-trace-20260817T122012Z,builtin_summarization_trace,drop,142,1
kvzap-predictor-trace-20260817T122012Z::builtin_summarization_trace,kvzap-predictor-trace-20260817T122012Z,builtin_summarization_trace,drop,143,3
kvzap-predictor-trace-20260817T122012Z::builtin_summarization_trace,kvzap-predictor-trace-20260817T122012Z,builtin_summarization_trace,drop,144,1
kvzap-predictor-trace-20260817T122012Z::builtin_summarization_trace,kvzap-predictor-trace-20260817T122012Z,builtin_summarization_trace,drop,145,1
kvzap-predictor-trace-20260817T122012Z::builtin_summarization_trace,kvzap-predictor-trace-20260817T122012Z,builtin_summarization_trace,drop,147,8
kvzap-predictor-trace-20260817T122012Z::builtin_summarization_trace,kvzap-predictor-trace-20260817T122012Z,builtin_summarization_trace,drop,148,1
kvzap-predictor-trace-20260817T122012Z::builtin_summarization_trace,kvzap-predictor-trace-20260817T122012Z,builtin_summarization_trace,drop,149,1
kvzap-predictor-trace-20260817T122012Z::builtin_summarization_trace,kvzap-predictor-trace-20260817T122012Z,builtin_summarization_trace,drop,152,2
kvzap-predictor-trace-20260817T122012Z::builtin_summarization_trace,kvzap-predictor-trace-20260817T122012Z,builtin_summarization_trace,drop,154,1
kvzap-predictor-trace-20260817T122012Z::builtin_summarization_trace,kvzap-predictor-trace-20260817T122012Z,builtin_summarization_trace,drop,155,2
kvzap-predictor-trace-20260817T122012Z::builtin_summarization_trace,kvzap-predictor-trace-20260817T122012Z,builtin_summarization_trace,drop,161,1
kvzap-predictor-trace-20260817T122012Z::builtin_summarization_trace,kvzap-predictor-trace-20260817T122012Z,builtin_summarization_trace,drop,165,2
kvzap-predictor-trace-20260817T122012Z::builtin_summarization_trace,kvzap-predictor-trace-20260817T122012Z,builtin_summarization_trace,drop,167,2
kvzap-predictor-trace-20260817T122012Z::builtin_summarization_trace,kvzap-predictor-trace-20260817T122012Z,builtin_summarization_trace,drop,170,2
kvzap-predictor-trace-20260817T122012Z::builtin_summarization_trace,kvzap-predictor-trace-20260817T122012Z,builtin_summarization_trace,drop,173,1
kvzap-predictor-trace-20260817T122012Z::builtin_summarization_trace,kvzap-predictor-trace-20260817T122012Z,builtin_summarization_trace,drop,174,1
kvzap-predictor-trace-20260817T122012Z::builtin_summarization_trace,kvzap-predictor-trace-20260817T122012Z,builtin_summarization_trace,drop,175,1
kvzap-predictor-trace-20260817T122012Z::builtin_summarization_trace,kvzap-predictor-trace-20260817T122012Z,builtin_summarization_trace,drop,176,1
kvzap-predictor-trace-20260817T122012Z::builtin_summarization_trace,kvzap-predictor-trace-20260817T122012Z,builtin_summarization_trace,drop,184,1
kvzap-predictor-trace-20260817T122012Z::builtin_summarization_trace,kvzap-predictor-trace-20260817T122012Z,builtin_summarization_trace,drop,185,1
kvzap-predictor-trace-20260817T122012Z::builtin_summarization_trace,kvzap-predictor-trace-20260817T122012Z,builtin_summarization_trace,drop,187,1
kvzap-predictor-trace-20260817T122012Z::builtin_summarization_trace,kvzap-predictor-trace-20260817T122012Z,builtin_summarization_trace,drop,191,1
kvzap-predictor-trace-20260817T122012Z::builtin_summarization_trace,kvzap-predictor-trace-20260817T122012Z,builtin_summarization_trace,drop,195,1
kvzap-predictor-trace-20260817T122012Z::builtin_summarization_trace,kvzap-predictor-trace-20260817T122012Z,builtin_summarization_trace,drop,199,3
kvzap-predictor-trace-20260817T122012Z::builtin_summarization_trace,kvzap-predictor-trace-20260817T122012Z,builtin_summarization_trace,drop,206,1
kvzap-predictor-trace-20260817T122012Z::builtin_summarization_trace,kvzap-predictor-trace-20260817T122012Z,builtin_summarization_trace,drop,208,1
kvzap-predictor-trace-20260817T122012Z::builtin_summarization_trace,kvzap-predictor-trace-20260817T122012Z,builtin_summarization_trace,drop,219,1
kvzap-predictor-trace-20260817T122012Z::builtin_summarization_trace,kvzap-predictor-trace-20260817T122012Z,builtin_summarization_trace,drop,220,1
kvzap-predictor-trace-20260817T122012Z::builtin_summarization_trace,kvzap-predictor-trace-20260817T122012Z,builtin_summarization_trace,drop,221,1
kvzap-predictor-trace-20260817T122012Z::builtin_summarization_trace,kvzap-predictor-trace-20260817T122012Z,builtin_summarization_trace,drop,226,1
kvzap-predictor-trace-20260817T122012Z::builtin_summarization_trace,kvzap-predictor-trace-20260817T122012Z,builtin_summarization_trace,drop,235,1
kvzap-predictor-trace-20260817T122012Z::builtin_summarization_trace,kvzap-predictor-trace-20260817T122012Z,builtin_summarization_trace,drop,244,2
kvzap-predictor-trace-20260817T122012Z::builtin_summarization_trace,kvzap-predictor-trace-20260817T122012Z,builtin_summarization_trace,drop,248,1
kvzap-predictor-trace-20260817T122012Z::builtin_summarization_trace,kvzap-predictor-trace-20260817T122012Z,builtin_summarization_trace,drop,256,1
kvzap-predictor-trace-20260817T122012Z::builtin_summarization_trace,kvzap-predictor-trace-20260817T122012Z,builtin_summarization_trace,drop,260,1
kvzap-predictor-trace-20260817T122012Z::builtin_summarization_trace,kvzap-predictor-trace-20260817T122012Z,builtin_summarization_trace,drop,264,1
kvzap-predictor-trace-20260817T122012Z::builtin_summarization_trace,kvzap-predictor-trace-20260817T122012Z,builtin_summarization_trace,drop,265,1
kvzap-predictor-trace-20260817T122012Z::builtin_summarization_trace,kvzap-predictor-trace-20260817T122012Z,builtin_summarization_trace,drop,293,1
kvzap-predictor-trace-20260817T122012Z::builtin_summarization_trace,kvzap-predictor-trace-20260817T122012Z,builtin_summarization_trace,drop,301,1
kvzap-predictor-trace-20260817T122012Z::builtin_summarization_trace,kvzap-predictor-trace-20260817T122012Z,builtin_summarization_trace,drop,307,2
kvzap-predictor-trace-20260817T122012Z::builtin_summarization_trace,kvzap-predictor-trace-20260817T122012Z,builtin_summarization_trace,drop,308,1
kvzap-predictor-trace-20260817T122012Z::builtin_summarization_trace,kvzap-predictor-trace-20260817T122012Z,builtin_summarization_trace,drop,310,1
kvzap-predictor-trace-20260817T122012Z::builtin_summarization_trace,kvzap-predictor-trace-20260817T122012Z,builtin_summarization_trace,drop,316,1
kvzap-predictor-trace-20260817T122012Z::builtin_summarization_trace,kvzap-predictor-trace-20260817T122012Z,builtin_summarization_trace,drop,317,1
kvzap-predictor-trace-20260817T122012Z::builtin_summarization_trace,kvzap-predictor-trace-20260817T122012Z,builtin_summarization_trace,drop,330,1
kvzap-predictor-trace-20260817T122012Z::builtin_summarization_trace,kvzap-predictor-trace-20260817T122012Z,builtin_summarization_trace,drop,335,1
kvzap-predictor-trace-20260817T122012Z::builtin_summarization_trace,kvzap-predictor-trace-20260817T122012Z,builtin_summarization_trace,drop,336,1
kvzap-predictor-trace-20260817T122012Z::builtin_summarization_trace,kvzap-predictor-trace-20260817T122012Z,builtin_summarization_trace,drop,349,4
kvzap-predictor-trace-20260817T122012Z::builtin_summarization_trace,kvzap-predictor-trace-20260817T122012Z,builtin_summarization_trace,drop,369,2
kvzap-predictor-trace-20260817T122012Z::builtin_summarization_trace,kvzap-predictor-trace-20260817T122012Z,builtin_summarization_trace,drop,380,1
kvzap-predictor-trace-20260817T122012Z::builtin_summarization_trace,kvzap-predictor-trace-20260817T122012Z,builtin_summarization_trace,drop,382,1
kvzap-predictor-trace-20260817T122012Z::builtin_summarization_trace,kvzap-predictor-trace-20260817T122012Z,builtin_summarization_trace,drop,385,1
kvzap-predictor-trace-20260817T122012Z::builtin_summarization_trace,kvzap-predictor-trace-20260817T122012Z,builtin_summarization_trace,drop,390,2
kvzap-predictor-trace-20260817T122012Z::builtin_summarization_trace,kvzap-predictor-trace-20260817T122012Z,builtin_summarization_trace,drop,412,3
kvzap-predictor-trace-20260817T122012Z::builtin_summarization_trace,kvzap-predictor-trace-20260817T122012Z,builtin_summarization_trace,drop,438,1
kvzap-predictor-trace-20260817T122012Z::builtin_summarization_trace,kvzap-predictor-trace-20260817T122012Z,builtin_summarization_trace,drop,439,1
kvzap-predictor-trace-20260817T122012Z::builtin_summarization_trace,kvzap-predictor-trace-20260817T122012Z,builtin_summarization_trace,drop,462,1
kvzap-predictor-trace-20260817T122012Z::builtin_summarization_trace,kvzap-predictor-trace-20260817T122012Z,builtin_summarization_trace,drop,464,1
kvzap-predictor-trace-20260817T122012Z::builtin_summarization_trace,kvzap-predictor-trace-20260817T122012Z,builtin_summarization_trace,drop,484,1
kvzap-predictor-trace-20260817T122012Z::builtin_summarization_trace,kvzap-predictor-trace-20260817T122012Z,builtin_summarization_trace,drop,488,1
kvzap-predictor-trace-20260817T122012Z::builtin_summarization_trace,kvzap-predictor-trace-20260817T122012Z,builtin_summarization_trace,drop,489,1
kvzap-predictor-trace-20260817T122012Z::builtin_summarization_trace,kvzap-predictor-trace-20260817T122012Z,builtin_summarization_trace,drop,508,1
kvzap-predictor-trace-20260817T122012Z::builtin_summarization_trace,kvzap-predictor-trace-20260817T122012Z,builtin_summarization_trace,drop,514,2
kvzap-predictor-trace-20260817T122012Z::builtin_summarization_trace,kvzap-predictor-trace-20260817T122012Z,builtin_summarization_trace,drop,524,1
kvzap-predictor-trace-20260817T122012Z::builtin_summarization_trace,kvzap-predictor-trace-20260817T122012Z,builtin_summarization_trace,drop,525,1
kvzap-predictor-trace-20260817T122012Z::builtin_summarization_trace,kvzap-predictor-trace-20260817T122012Z,builtin_summarization_trace,drop,538,3
kvzap-predictor-trace-20260817T122012Z::builtin_summarization_trace,kvzap-predictor-trace-20260817T122012Z,builtin_summarization_trace,drop,539,1
kvzap-predictor-trace-20260817T122012Z::builtin_summarization_trace,kvzap-predictor-trace-20260817T122012Z,builtin_summarization_trace,drop,557,1
kvzap-predictor-trace-20260817T122012Z::builtin_summarization_trace,kvzap-predictor-trace-20260817T122012Z,builtin_summarization_trace,drop,558,1
kvzap-predictor-trace-20260817T122012Z::builtin_summarization_trace,kvzap-predictor-trace-20260817T122012Z,builtin_summarization_trace,drop,585,1
kvzap-predictor-trace-20260817T122012Z::builtin_summarization_trace,kvzap-predictor-trace-20260817T122012Z,builtin_summarization_trace,drop,590,1
kvzap-predictor-trace-20260817T122012Z::builtin_summarization_trace,kvzap-predictor-trace-20260817T122012Z,builtin_summarization_trace,drop,591,1
kvzap-predictor-trace-20260817T122012Z::builtin_summarization_trace,kvzap-predictor-trace-20260817T122012Z,builtin_summarization_trace,drop,593,1
kvzap-predictor-trace-20260817T122012Z::builtin_summarization_trace,kvzap-predictor-trace-20260817T122012Z,builtin_summarization_trace,drop,612,1
kvzap-predictor-trace-20260817T122012Z::builtin_summarization_trace,kvzap-predictor-trace-20260817T122012Z,builtin_summarization_trace,drop,613,2
kvzap-predictor-trace-20260817T122012Z::builtin_summarization_trace,kvzap-predictor-trace-20260817T122012Z,builtin_summarization_trace,drop,620,1
kvzap-predictor-trace-20260817T122012Z::builtin_summarization_trace,kvzap-predictor-trace-20260817T122012Z,builtin_summarization_trace,drop,621,1
kvzap-predictor-trace-20260817T122012Z::builtin_summarization_trace,kvzap-predictor-trace-20260817T122012Z,builtin_summarization_trace,drop,622,1
kvzap-predictor-trace-20260817T122012Z::builtin_summarization_trace,kvzap-predictor-trace-20260817T122012Z,builtin_summarization_trace,drop,634,1
kvzap-predictor-trace-20260817T122012Z::builtin_summarization_trace,kvzap-predictor-trace-20260817T122012Z,builtin_summarization_trace,drop,646,1
kvzap-predictor-trace-20260817T122012Z::builtin_summarization_trace,kvzap-predictor-trace-20260817T122012Z,builtin_summarization_trace,drop,649,1
kvzap-predictor-trace-20260817T122012Z::builtin_summarization_trace,kvzap-predictor-trace-20260817T122012Z,builtin_summarization_trace,drop,671,1
kvzap-predictor-trace-20260817T122012Z::builtin_summarization_trace,kvzap-predictor-trace-20260817T122012Z,builtin_summarization_trace,drop,676,1
kvzap-predictor-trace-20260817T122012Z::builtin_summarization_trace,kvzap-predictor-trace-20260817T122012Z,builtin_summarization_trace,drop,684,1
kvzap-predictor-trace-20260817T122012Z::builtin_summarization_trace,kvzap-predictor-trace-20260817T122012Z,builtin_summarization_trace,drop,685,1
kvzap-predictor-trace-20260817T122012Z::builtin_summarization_trace,kvzap-predictor-trace-20260817T122012Z,builtin_summarization_trace,drop,686,2
kvzap-predictor-trace-20260817T122012Z::builtin_summarization_trace,kvzap-predictor-trace-20260817T122012Z,builtin_summarization_trace,drop,687,1
kvzap-predictor-trace-20260817T122012Z::builtin_summarization_trace,kvzap-predictor-trace-20260817T122012Z,builtin_summarization_trace,drop,691,1
kvzap-predictor-trace-20260817T122012Z::builtin_summarization_trace,kvzap-predictor-trace-20260817T122012Z,builtin_summarization_trace,drop,694,7
kvzap-predictor-trace-20260817T122012Z::builtin_summarization_trace,kvzap-predictor-trace-20260817T122012Z,builtin_summarization_trace,drop,697,1
kvzap-predictor-trace-20260817T122012Z::builtin_summarization_trace,kvzap-predictor-trace-20260817T122012Z,builtin_summarization_trace,drop,701,1
kvzap-predictor-trace-20260817T122012Z::builtin_summarization_trace,kvzap-predictor-trace-20260817T122012Z,builtin_summarization_trace,drop,703,1
kvzap-predictor-trace-20260817T122012Z::builtin_summarization_trace,kvzap-predictor-trace-20260817T122012Z,builtin_summarization_trace,drop,706,1
kvzap-predictor-trace-20260817T122012Z::builtin_summarization_trace,kvzap-predictor-trace-20260817T122012Z,builtin_summarization_trace,drop,707,2
kvzap-predictor-trace-20260817T122012Z::builtin_summarization_trace,kvzap-predictor-trace-20260817T122012Z,builtin_summarization_trace,drop,711,1
kvzap-predictor-trace-20260817T122012Z::builtin_summarization_trace,kvzap-predictor-trace-20260817T122012Z,builtin_summarization_trace,drop,723,1
kvzap-predictor-trace-20260817T122012Z::builtin_summarization_trace,kvzap-predictor-trace-20260817T122012Z,builtin_summarization_trace,drop,724,2
kvzap-predictor-trace-20260817T122012Z::builtin_summarization_trace,kvzap-predictor-trace-20260817T122012Z,builtin_summarization_trace,drop,734,1
kvzap-predictor-trace-20260817T122012Z::builtin_summarization_trace,kvzap-predictor-trace-20260817T122012Z,builtin_summarization_trace,drop,744,1
kvzap-predictor-trace-20260817T122012Z::builtin_summarization_trace,kvzap-predictor-trace-20260817T122012Z,builtin_summarization_trace,drop,752,1
kvzap-predictor-trace-20260817T122012Z::builtin_summarization_trace,kvzap-predictor-trace-20260817T122012Z,builtin_summarization_trace,drop,760,1
kvzap-predictor-trace-20260817T122012Z::builtin_summarization_trace,kvzap-predictor-trace-20260817T122012Z,builtin_summarization_trace,drop,761,1
kvzap-predictor-trace-20260817T122012Z::builtin_summarization_trace,kvzap-predictor-trace-20260817T122012Z,builtin_summarization_trace,drop,762,51
kvzap-predictor-trace-20260817T122012Z::builtin_summarization_trace,kvzap-predictor-trace-20260817T122012Z,builtin_summarization_trace,drop,763,12
kvzap-predictor-trace-20260817T122012Z::builtin_summarization_trace,kvzap-predictor-trace-20260817T122012Z,builtin_summarization_trace,keep,1,6895
kvzap-predictor-trace-20260817T122012Z::builtin_summarization_trace,kvzap-predictor-trace-20260817T122012Z,builtin_summarization_trace,keep,2,1874
kvzap-predictor-trace-20260817T122012Z::builtin_summarization_trace,kvzap-predictor-trace-20260817T122012Z,builtin_summarization_trace,keep,3,1149
kvzap-predictor-trace-20260817T122012Z::builtin_summarization_trace,kvzap-predictor-trace-20260817T122012Z,builtin_summarization_trace,keep,4,367
kvzap-predictor-trace-20260817T122012Z::builtin_summarization_trace,kvzap-predictor-trace-20260817T122012Z,builtin_summarization_trace,keep,5,338
kvzap-predictor-trace-20260817T122012Z::builtin_summarization_trace,kvzap-predictor-trace-20260817T122012Z,builtin_summarization_trace,keep,6,197
kvzap-predictor-trace-20260817T122012Z::builtin_summarization_trace,kvzap-predictor-trace-20260817T122012Z,builtin_summarization_trace,keep,7,205
kvzap-predictor-trace-20260817T122012Z::builtin_summarization_trace,kvzap-predictor-trace-20260817T122012Z,builtin_summarization_trace,keep,8,117
kvzap-predictor-trace-20260817T122012Z::builtin_summarization_trace,kvzap-predictor-trace-20260817T122012Z,builtin_summarization_trace,keep,9,149
kvzap-predictor-trace-20260817T122012Z::builtin_summarization_trace,kvzap-predictor-trace-20260817T122012Z,builtin_summarization_trace,keep,10,70
kvzap-predictor-trace-20260817T122012Z::builtin_summarization_trace,kvzap-predictor-trace-20260817T122012Z,builtin_summarization_trace,keep,11,79
kvzap-predictor-trace-20260817T122012Z::builtin_summarization_trace,kvzap-predictor-trace-20260817T122012Z,builtin_summarization_trace,keep,12,43
kvzap-predictor-trace-20260817T122012Z::builtin_summarization_trace,kvzap-predictor-trace-20260817T122012Z,builtin_summarization_trace,keep,13,26
kvzap-predictor-trace-20260817T122012Z::builtin_summarization_trace,kvzap-predictor-trace-20260817T122012Z,builtin_summarization_trace,keep,14,7
kvzap-predictor-trace-20260817T122012Z::builtin_summarization_trace,kvzap-predictor-trace-20260817T122012Z,builtin_summarization_trace,keep,15,25
kvzap-predictor-trace-20260817T122012Z::builtin_summarization_trace,kvzap-predictor-trace-20260817T122012Z,builtin_summarization_trace,keep,16,15
kvzap-predictor-trace-20260817T122012Z::builtin_summarization_trace,kvzap-predictor-trace-20260817T122012Z,builtin_summarization_trace,keep,17,49
kvzap-predictor-trace-20260817T122012Z::builtin_summarization_trace,kvzap-predictor-trace-20260817T122012Z,builtin_summarization_trace,keep,18,17
kvzap-predictor-trace-20260817T122012Z::builtin_summarization_trace,kvzap-predictor-trace-20260817T122012Z,builtin_summarization_trace,keep,19,19
kvzap-predictor-trace-20260817T122012Z::builtin_summarization_trace,kvzap-predictor-trace-20260817T122012Z,builtin_summarization_trace,keep,20,6
kvzap-predictor-trace-20260817T122012Z::builtin_summarization_trace,kvzap-predictor-trace-20260817T122012Z,builtin_summarization_trace,keep,21,9
kvzap-predictor-trace-20260817T122012Z::builtin_summarization_trace,kvzap-predictor-trace-20260817T122012Z,builtin_summarization_trace,keep,22,1
kvzap-predictor-trace-20260817T122012Z::builtin_summarization_trace,kvzap-predictor-trace-20260817T122012Z,builtin_summarization_trace,keep,23,22
kvzap-predictor-trace-20260817T122012Z::builtin_summarization_trace,kvzap-predictor-trace-20260817T122012Z,builtin_summarization_trace,keep,24,12
kvzap-predictor-trace-20260817T122012Z::builtin_summarization_trace,kvzap-predictor-trace-20260817T122012Z,builtin_summarization_trace,keep,25,8
kvzap-predictor-trace-20260817T122012Z::builtin_summarization_trace,kvzap-predictor-trace-20260817T122012Z,builtin_summarization_trace,keep,26,12
kvzap-predictor-trace-20260817T122012Z::builtin_summarization_trace,kvzap-predictor-trace-20260817T122012Z,builtin_summarization_trace,keep,27,11
kvzap-predictor-trace-20260817T122012Z::builtin_summarization_trace,kvzap-predictor-trace-20260817T122012Z,builtin_summarization_trace,keep,28,6
kvzap-predictor-trace-20260817T122012Z::builtin_summarization_trace,kvzap-predictor-trace-20260817T122012Z,builtin_summarization_trace,keep,29,1
kvzap-predictor-trace-20260817T122012Z::builtin_summarization_trace,kvzap-predictor-trace-20260817T122012Z,builtin_summarization_trace,keep,30,1
kvzap-predictor-trace-20260817T122012Z::builtin_summarization_trace,kvzap-predictor-trace-20260817T122012Z,builtin_summarization_trace,keep,31,1
kvzap-predictor-trace-20260817T122012Z::builtin_summarization_trace,kvzap-predictor-trace-20260817T122012Z,builtin_summarization_trace,keep,33,2
kvzap-predictor-trace-20260817T122012Z::builtin_summarization_trace,kvzap-predictor-trace-20260817T122012Z,builtin_summarization_trace,keep,36,1
kvzap-predictor-trace-20260817T122012Z::builtin_summarization_trace,kvzap-predictor-trace-20260817T122012Z,builtin_summarization_trace,keep,38,1
kvzap-predictor-trace-20260817T122012Z::builtin_summarization_trace,kvzap-predictor-trace-20260817T122012Z,builtin_summarization_trace,keep,39,2
kvzap-predictor-trace-20260817T122012Z::builtin_summarization_trace,kvzap-predictor-trace-20260817T122012Z,builtin_summarization_trace,keep,40,2
kvzap-predictor-trace-20260817T122012Z::builtin_summarization_trace,kvzap-predictor-trace-20260817T122012Z,builtin_summarization_trace,keep,45,2
kvzap-predictor-trace-20260817T122012Z::builtin_summarization_trace,kvzap-predictor-trace-20260817T122012Z,builtin_summarization_trace,keep,47,5
kvzap-predictor-trace-20260817T122012Z::builtin_summarization_trace,kvzap-predictor-trace-20260817T122012Z,builtin_summarization_trace,keep,50,4
kvzap-predictor-trace-20260817T122012Z::builtin_summarization_trace,kvzap-predictor-trace-20260817T122012Z,builtin_summarization_trace,keep,54,1
kvzap-predictor-trace-20260817T122012Z::builtin_summarization_trace,kvzap-predictor-trace-20260817T122012Z,builtin_summarization_trace,keep,57,8
kvzap-predictor-trace-20260817T122012Z::builtin_summarization_trace,kvzap-predictor-trace-20260817T122012Z,builtin_summarization_trace,keep,63,1
kvzap-predictor-trace-20260817T122012Z::builtin_summarization_trace,kvzap-predictor-trace-20260817T122012Z,builtin_summarization_trace,keep,66,2
kvzap-predictor-trace-20260817T122012Z::builtin_summarization_trace,kvzap-predictor-trace-20260817T122012Z,builtin_summarization_trace,keep,90,1
kvzap-predictor-trace-20260817T122012Z::builtin_summarization_trace,kvzap-predictor-trace-20260817T122012Z,builtin_summarization_trace,keep,98,3
kvzap-predictor-trace-20260817T122012Z::builtin_summarization_trace,kvzap-predictor-trace-20260817T122012Z,builtin_summarization_trace,keep,102,1
kvzap-predictor-trace-20260817T122012Z::builtin_summarization_trace,kvzap-predictor-trace-20260817T122012Z,builtin_summarization_trace,keep,113,1
kvzap-predictor-trace-20260817T122012Z::builtin_summarization_trace,kvzap-predictor-trace-20260817T122012Z,builtin_summarization_trace,keep,127,1
kvzap-predictor-trace-20260817T122012Z::builtin_summarization_trace,kvzap-predictor-trace-20260817T122012Z,builtin_summarization_trace,keep,145,1
kvzap-predictor-trace-20260817T122012Z::builtin_summarization_trace,kvzap-predictor-trace-20260817T122012Z,builtin_summarization_trace,keep,159,1
kvzap-predictor-trace-20260817T122012Z::builtin_summarization_trace,kvzap-predictor-trace-20260817T122012Z,builtin_summarization_trace,keep,242,1
kvzap-predictor-trace-20260817T122012Z::builtin_summarization_trace,kvzap-predictor-trace-20260817T122012Z,builtin_summarization_trace,keep,763,2
kvzap-predictor-trace-20260817T122049Z::builtin_reasoning_trace,kvzap-predictor-trace-20260817T122049Z,builtin_reasoning_trace,drop,1,10441
kvzap-predictor-trace-20260817T122049Z::builtin_reasoning_trace,kvzap-predictor-trace-20260817T122049Z,builtin_reasoning_trace,drop,2,6045
kvzap-predictor-trace-20260817T122049Z::builtin_reasoning_trace,kvzap-predictor-trace-20260817T122049Z,builtin_reasoning_trace,drop,3,2841
kvzap-predictor-trace-20260817T122049Z::builtin_reasoning_trace,kvzap-predictor-trace-20260817T122049Z,builtin_reasoning_trace,drop,4,2198
kvzap-predictor-trace-20260817T122049Z::builtin_reasoning_trace,kvzap-predictor-trace-20260817T122049Z,builtin_reasoning_trace,drop,5,1566
kvzap-predictor-trace-20260817T122049Z::builtin_reasoning_trace,kvzap-predictor-trace-20260817T122049Z,builtin_reasoning_trace,drop,6,1201
kvzap-predictor-trace-20260817T122049Z::builtin_reasoning_trace,kvzap-predictor-trace-20260817T122049Z,builtin_reasoning_trace,drop,7,1021
kvzap-predictor-trace-20260817T122049Z::builtin_reasoning_trace,kvzap-predictor-trace-20260817T122049Z,builtin_reasoning_trace,drop,8,524
kvzap-predictor-trace-20260817T122049Z::builtin_reasoning_trace,kvzap-predictor-trace-20260817T122049Z,builtin_reasoning_trace,drop,9,561
kvzap-predictor-trace-20260817T122049Z::builtin_reasoning_trace,kvzap-predictor-trace-20260817T122049Z,builtin_reasoning_trace,drop,10,368
kvzap-predictor-trace-20260817T122049Z::builtin_reasoning_trace,kvzap-predictor-trace-20260817T122049Z,builtin_reasoning_trace,drop,11,308
kvzap-predictor-trace-20260817T122049Z::builtin_reasoning_trace,kvzap-predictor-trace-20260817T122049Z,builtin_reasoning_trace,drop,12,423
kvzap-predictor-trace-20260817T122049Z::builtin_reasoning_trace,kvzap-predictor-trace-20260817T122049Z,builtin_reasoning_trace,drop,13,330
kvzap-predictor-trace-20260817T122049Z::builtin_reasoning_trace,kvzap-predictor-trace-20260817T122049Z,builtin_reasoning_trace,drop,14,201
kvzap-predictor-trace-20260817T122049Z::builtin_reasoning_trace,kvzap-predictor-trace-20260817T122049Z,builtin_reasoning_trace,drop,15,240
kvzap-predictor-trace-20260817T122049Z::builtin_reasoning_trace,kvzap-predictor-trace-20260817T122049Z,builtin_reasoning_trace,drop,16,180
kvzap-predictor-trace-20260817T122049Z::builtin_reasoning_trace,kvzap-predictor-trace-20260817T122049Z,builtin_reasoning_trace,drop,17,165
kvzap-predictor-trace-20260817T122049Z::builtin_reasoning_trace,kvzap-predictor-trace-20260817T122049Z,builtin_reasoning_trace,drop,18,243
kvzap-predictor-trace-20260817T122049Z::builtin_reasoning_trace,kvzap-predictor-trace-20260817T122049Z,builtin_reasoning_trace,drop,19,167
kvzap-predictor-trace-20260817T122049Z::builtin_reasoning_trace,kvzap-predictor-trace-20260817T122049Z,builtin_reasoning_trace,drop,20,149
kvzap-predictor-trace-20260817T122049Z::builtin_reasoning_trace,kvzap-predictor-trace-20260817T122049Z,builtin_reasoning_trace,drop,21,185
kvzap-predictor-trace-20260817T122049Z::builtin_reasoning_trace,kvzap-predictor-trace-20260817T122049Z,builtin_reasoning_trace,drop,22,91
kvzap-predictor-trace-20260817T122049Z::builtin_reasoning_trace,kvzap-predictor-trace-20260817T122049Z,builtin_reasoning_trace,drop,23,80
kvzap-predictor-trace-20260817T122049Z::builtin_reasoning_trace,kvzap-predictor-trace-20260817T122049Z,builtin_reasoning_trace,drop,24,91
kvzap-predictor-trace-20260817T122049Z::builtin_reasoning_trace,kvzap-predictor-trace-20260817T122049Z,builtin_reasoning_trace,drop,25,79
kvzap-predictor-trace-20260817T122049Z::builtin_reasoning_trace,kvzap-predictor-trace-20260817T122049Z,builtin_reasoning_trace,drop,26,108
kvzap-predictor-trace-20260817T122049Z::builtin_reasoning_trace,kvzap-predictor-trace-20260817T122049Z,builtin_reasoning_trace,drop,27,122
kvzap-predictor-trace-20260817T122049Z::builtin_reasoning_trace,kvzap-predictor-trace-20260817T122049Z,builtin_reasoning_trace,drop,28,82
kvzap-predictor-trace-20260817T122049Z::builtin_reasoning_trace,kvzap-predictor-trace-20260817T122049Z,builtin_reasoning_trace,drop,29,54
kvzap-predictor-trace-20260817T122049Z::builtin_reasoning_trace,kvzap-predictor-trace-20260817T122049Z,builtin_reasoning_trace,drop,30,70
kvzap-predictor-trace-20260817T122049Z::builtin_reasoning_trace,kvzap-predictor-trace-20260817T122049Z,builtin_reasoning_trace,drop,31,47
kvzap-predictor-trace-20260817T122049Z::builtin_reasoning_trace,kvzap-predictor-trace-20260817T122049Z,builtin_reasoning_trace,drop,32,62
kvzap-predictor-trace-20260817T122049Z::builtin_reasoning_trace,kvzap-predictor-trace-20260817T122049Z,builtin_reasoning_trace,drop,33,20
kvzap-predictor-trace-20260817T122049Z::builtin_reasoning_trace,kvzap-predictor-trace-20260817T122049Z,builtin_reasoning_trace,drop,34,48
kvzap-predictor-trace-20260817T122049Z::builtin_reasoning_trace,kvzap-predictor-trace-20260817T122049Z,builtin_reasoning_trace,drop,35,45
kvzap-predictor-trace-20260817T122049Z::builtin_reasoning_trace,kvzap-predictor-trace-20260817T122049Z,builtin_reasoning_trace,drop,36,47
kvzap-predictor-trace-20260817T122049Z::builtin_reasoning_trace,kvzap-predictor-trace-20260817T122049Z,builtin_reasoning_trace,drop,37,42
kvzap-predictor-trace-20260817T122049Z::builtin_reasoning_trace,kvzap-predictor-trace-20260817T122049Z,builtin_reasoning_trace,drop,38,41
kvzap-predictor-trace-20260817T122049Z::builtin_reasoning_trace,kvzap-predictor-trace-20260817T122049Z,builtin_reasoning_trace,drop,39,43
kvzap-predictor-trace-20260817T122049Z::builtin_reasoning_trace,kvzap-predictor-trace-20260817T122049Z,builtin_reasoning_trace,drop,40,40
kvzap-predictor-trace-20260817T122049Z::builtin_reasoning_trace,kvzap-predictor-trace-20260817T122049Z,builtin_reasoning_trace,drop,41,56
kvzap-predictor-trace-20260817T122049Z::builtin_reasoning_trace,kvzap-predictor-trace-20260817T122049Z,builtin_reasoning_trace,drop,42,29
kvzap-predictor-trace-20260817T122049Z::builtin_reasoning_trace,kvzap-predictor-trace-20260817T122049Z,builtin_reasoning_trace,drop,43,24
kvzap-predictor-trace-20260817T122049Z::builtin_reasoning_trace,kvzap-predictor-trace-20260817T122049Z,builtin_reasoning_trace,drop,44,38
kvzap-predictor-trace-20260817T122049Z::builtin_reasoning_trace,kvzap-predictor-trace-20260817T122049Z,builtin_reasoning_trace,drop,45,19
kvzap-predictor-trace-20260817T122049Z::builtin_reasoning_trace,kvzap-predictor-trace-20260817T122049Z,builtin_reasoning_trace,drop,46,30
kvzap-predictor-trace-20260817T122049Z::builtin_reasoning_trace,kvzap-predictor-trace-20260817T122049Z,builtin_reasoning_trace,drop,47,24
kvzap-predictor-trace-20260817T122049Z::builtin_reasoning_trace,kvzap-predictor-trace-20260817T122049Z,builtin_reasoning_trace,drop,48,31
kvzap-predictor-trace-20260817T122049Z::builtin_reasoning_trace,kvzap-predictor-trace-20260817T122049Z,builtin_reasoning_trace,drop,49,21
kvzap-predictor-trace-20260817T122049Z::builtin_reasoning_trace,kvzap-predictor-trace-20260817T122049Z,builtin_reasoning_trace,drop,50,18
kvzap-predictor-trace-20260817T122049Z::builtin_reasoning_trace,kvzap-predictor-trace-20260817T122049Z,builtin_reasoning_trace,drop,51,24
kvzap-predictor-trace-20260817T122049Z::builtin_reasoning_trace,kvzap-predictor-trace-20260817T122049Z,builtin_reasoning_trace,drop,52,15
kvzap-predictor-trace-20260817T122049Z::builtin_reasoning_trace,kvzap-predictor-trace-20260817T122049Z,builtin_reasoning_trace,drop,53,44
kvzap-predictor-trace-20260817T122049Z::builtin_reasoning_trace,kvzap-predictor-trace-20260817T122049Z,builtin_reasoning_trace,drop,54,12
kvzap-predictor-trace-20260817T122049Z::builtin_reasoning_trace,kvzap-predictor-trace-20260817T122049Z,builtin_reasoning_trace,drop,55,22
kvzap-predictor-trace-20260817T122049Z::builtin_reasoning_trace,kvzap-predictor-trace-20260817T122049Z,builtin_reasoning_trace,drop,56,16
kvzap-predictor-trace-20260817T122049Z::builtin_reasoning_trace,kvzap-predictor-trace-20260817T122049Z,builtin_reasoning_trace,drop,57,27
kvzap-predictor-trace-20260817T122049Z::builtin_reasoning_trace,kvzap-predictor-trace-20260817T122049Z,builtin_reasoning_trace,drop,58,16
kvzap-predictor-trace-20260817T122049Z::builtin_reasoning_trace,kvzap-predictor-trace-20260817T122049Z,builtin_reasoning_trace,drop,59,8
kvzap-predictor-trace-20260817T122049Z::builtin_reasoning_trace,kvzap-predictor-trace-20260817T122049Z,builtin_reasoning_trace,drop,60,20
kvzap-predictor-trace-20260817T122049Z::builtin_reasoning_trace,kvzap-predictor-trace-20260817T122049Z,builtin_reasoning_trace,drop,61,19
kvzap-predictor-trace-20260817T122049Z::builtin_reasoning_trace,kvzap-predictor-trace-20260817T122049Z,builtin_reasoning_trace,drop,62,10
kvzap-predictor-trace-20260817T122049Z::builtin_reasoning_trace,kvzap-predictor-trace-20260817T122049Z,builtin_reasoning_trace,drop,63,15
kvzap-predictor-trace-20260817T122049Z::builtin_reasoning_trace,kvzap-predictor-trace-20260817T122049Z,builtin_reasoning_trace,drop,64,19
kvzap-predictor-trace-20260817T122049Z::builtin_reasoning_trace,kvzap-predictor-trace-20260817T122049Z,builtin_reasoning_trace,drop,65,18
kvzap-predictor-trace-20260817T122049Z::builtin_reasoning_trace,kvzap-predictor-trace-20260817T122049Z,builtin_reasoning_trace,drop,66,12
kvzap-predictor-trace-20260817T122049Z::builtin_reasoning_trace,kvzap-predictor-trace-20260817T122049Z,builtin_reasoning_trace,drop,67,5
kvzap-predictor-trace-20260817T122049Z::builtin_reasoning_trace,kvzap-predictor-trace-20260817T122049Z,builtin_reasoning_trace,drop,68,6
kvzap-predictor-trace-20260817T122049Z::builtin_reasoning_trace,kvzap-predictor-trace-20260817T122049Z,builtin_reasoning_trace,drop,69,11
kvzap-predictor-trace-20260817T122049Z::builtin_reasoning_trace,kvzap-predictor-trace-20260817T122049Z,builtin_reasoning_trace,drop,70,5
kvzap-predictor-trace-20260817T122049Z::builtin_reasoning_trace,kvzap-predictor-trace-20260817T122049Z,builtin_reasoning_trace,drop,71,4
kvzap-predictor-trace-20260817T122049Z::builtin_reasoning_trace,kvzap-predictor-trace-20260817T122049Z,builtin_reasoning_trace,drop,72,10
kvzap-predictor-trace-20260817T122049Z::builtin_reasoning_trace,kvzap-predictor-trace-20260817T122049Z,builtin_reasoning_trace,drop,73,13
kvzap-predictor-trace-20260817T122049Z::builtin_reasoning_trace,kvzap-predictor-trace-20260817T122049Z,builtin_reasoning_trace,drop,74,3
kvzap-predictor-trace-20260817T122049Z::builtin_reasoning_trace,kvzap-predictor-trace-20260817T122049Z,builtin_reasoning_trace,drop,75,11
kvzap-predictor-trace-20260817T122049Z::builtin_reasoning_trace,kvzap-predictor-trace-20260817T122049Z,builtin_reasoning_trace,drop,76,9
kvzap-predictor-trace-20260817T122049Z::builtin_reasoning_trace,kvzap-predictor-trace-20260817T122049Z,builtin_reasoning_trace,drop,77,6
kvzap-predictor-trace-20260817T122049Z::builtin_reasoning_trace,kvzap-predictor-trace-20260817T122049Z,builtin_reasoning_trace,drop,78,12
kvzap-predictor-trace-20260817T122049Z::builtin_reasoning_trace,kvzap-predictor-trace-20260817T122049Z,builtin_reasoning_trace,drop,79,11
kvzap-predictor-trace-20260817T122049Z::builtin_reasoning_trace,kvzap-predictor-trace-20260817T122049Z,builtin_reasoning_trace,drop,80,19
kvzap-predictor-trace-20260817T122049Z::builtin_reasoning_trace,kvzap-predictor-trace-20260817T122049Z,builtin_reasoning_trace,drop,81,3
kvzap-predictor-trace-20260817T122049Z::builtin_reasoning_trace,kvzap-predictor-trace-20260817T122049Z,builtin_reasoning_trace,drop,82,5
kvzap-predictor-trace-20260817T122049Z::builtin_reasoning_trace,kvzap-predictor-trace-20260817T122049Z,builtin_reasoning_trace,drop,83,6
kvzap-predictor-trace-20260817T122049Z::builtin_reasoning_trace,kvzap-predictor-trace-20260817T122049Z,builtin_reasoning_trace,drop,84,8
kvzap-predictor-trace-20260817T122049Z::builtin_reasoning_trace,kvzap-predictor-trace-20260817T122049Z,builtin_reasoning_trace,drop,85,6
kvzap-predictor-trace-20260817T122049Z::builtin_reasoning_trace,kvzap-predictor-trace-20260817T122049Z,builtin_reasoning_trace,drop,86,4
kvzap-predictor-trace-20260817T122049Z::builtin_reasoning_trace,kvzap-predictor-trace-20260817T122049Z,builtin_reasoning_trace,drop,87,7
kvzap-predictor-trace-20260817T122049Z::builtin_reasoning_trace,kvzap-predictor-trace-20260817T122049Z,builtin_reasoning_trace,drop,88,12
kvzap-predictor-trace-20260817T122049Z::builtin_reasoning_trace,kvzap-predictor-trace-20260817T122049Z,builtin_reasoning_trace,drop,89,7
kvzap-predictor-trace-20260817T122049Z::builtin_reasoning_trace,kvzap-predictor-trace-20260817T122049Z,builtin_reasoning_trace,drop,90,2
kvzap-predictor-trace-20260817T122049Z::builtin_reasoning_trace,kvzap-predictor-trace-20260817T122049Z,builtin_reasoning_trace,drop,91,8
kvzap-predictor-trace-20260817T122049Z::builtin_reasoning_trace,kvzap-predictor-trace-20260817T122049Z,builtin_reasoning_trace,drop,92,9
kvzap-predictor-trace-20260817T122049Z::builtin_reasoning_trace,kvzap-predictor-trace-20260817T122049Z,builtin_reasoning_trace,drop,93,2
kvzap-predictor-trace-20260817T122049Z::builtin_reasoning_trace,kvzap-predictor-trace-20260817T122049Z,builtin_reasoning_trace,drop,94,11
kvzap-predictor-trace-20260817T122049Z::builtin_reasoning_trace,kvzap-predictor-trace-20260817T122049Z,builtin_reasoning_trace,drop,95,11
kvzap-predictor-trace-20260817T122049Z::builtin_reasoning_trace,kvzap-predictor-trace-20260817T122049Z,builtin_reasoning_trace,drop,96,3
kvzap-predictor-trace-20260817T122049Z::builtin_reasoning_trace,kvzap-predictor-trace-20260817T122049Z,builtin_reasoning_trace,drop,97,3
kvzap-predictor-trace-20260817T122049Z::builtin_reasoning_trace,kvzap-predictor-trace-20260817T122049Z,builtin_reasoning_trace,drop,98,3
kvzap-predictor-trace-20260817T122049Z::builtin_reasoning_trace,kvzap-predictor-trace-20260817T122049Z,builtin_reasoning_trace,drop,99,8
kvzap-predictor-trace-20260817T122049Z::builtin_reasoning_trace,kvzap-predictor-trace-20260817T122049Z,builtin_reasoning_trace,drop,100,9
kvzap-predictor-trace-20260817T122049Z::builtin_reasoning_trace,kvzap-predictor-trace-20260817T122049Z,builtin_reasoning_trace,drop,101,7
kvzap-predictor-trace-20260817T122049Z::builtin_reasoning_trace,kvzap-predictor-trace-20260817T122049Z,builtin_reasoning_trace,drop,102,4
kvzap-predictor-trace-20260817T122049Z::builtin_reasoning_trace,kvzap-predictor-trace-20260817T122049Z,builtin_reasoning_trace,drop,103,3
kvzap-predictor-trace-20260817T122049Z::builtin_reasoning_trace,kvzap-predictor-trace-20260817T122049Z,builtin_reasoning_trace,drop,104,4
kvzap-predictor-trace-20260817T122049Z::builtin_reasoning_trace,kvzap-predictor-trace-20260817T122049Z,builtin_reasoning_trace,drop,105,5
kvzap-predictor-trace-20260817T122049Z::builtin_reasoning_trace,kvzap-predictor-trace-20260817T122049Z,builtin_reasoning_trace,drop,106,15
kvzap-predictor-trace-20260817T122049Z::builtin_reasoning_trace,kvzap-predictor-trace-20260817T122049Z,builtin_reasoning_trace,drop,107,2
kvzap-predictor-trace-20260817T122049Z::builtin_reasoning_trace,kvzap-predictor-trace-20260817T122049Z,builtin_reasoning_trace,drop,108,8
kvzap-predictor-trace-20260817T122049Z::builtin_reasoning_trace,kvzap-predictor-trace-20260817T122049Z,builtin_reasoning_trace,drop,109,5
kvzap-predictor-trace-20260817T122049Z::builtin_reasoning_trace,kvzap-predictor-trace-20260817T122049Z,builtin_reasoning_trace,drop,110,3
kvzap-predictor-trace-20260817T122049Z::builtin_reasoning_trace,kvzap-predictor-trace-20260817T122049Z,builtin_reasoning_trace,drop,111,1
kvzap-predictor-trace-20260817T122049Z::builtin_reasoning_trace,kvzap-predictor-trace-20260817T122049Z,builtin_reasoning_trace,drop,112,1
kvzap-predictor-trace-20260817T122049Z::builtin_reasoning_trace,kvzap-predictor-trace-20260817T122049Z,builtin_reasoning_trace,drop,113,9
kvzap-predictor-trace-20260817T122049Z::builtin_reasoning_trace,kvzap-predictor-trace-20260817T122049Z,builtin_reasoning_trace,drop,114,8
kvzap-predictor-trace-20260817T122049Z::builtin_reasoning_trace,kvzap-predictor-trace-20260817T122049Z,builtin_reasoning_trace,drop,115,10
kvzap-predictor-trace-20260817T122049Z::builtin_reasoning_trace,kvzap-predictor-trace-20260817T122049Z,builtin_reasoning_trace,drop,116,3
kvzap-predictor-trace-20260817T122049Z::builtin_reasoning_trace,kvzap-predictor-trace-20260817T122049Z,builtin_reasoning_trace,drop,117,6
kvzap-predictor-trace-20260817T122049Z::builtin_reasoning_trace,kvzap-predictor-trace-20260817T122049Z,builtin_reasoning_trace,drop,118,1
kvzap-predictor-trace-20260817T122049Z::builtin_reasoning_trace,kvzap-predictor-trace-20260817T122049Z,builtin_reasoning_trace,drop,119,2
kvzap-predictor-trace-20260817T122049Z::builtin_reasoning_trace,kvzap-predictor-trace-20260817T122049Z,builtin_reasoning_trace,drop,120,9
kvzap-predictor-trace-20260817T122049Z::builtin_reasoning_trace,kvzap-predictor-trace-20260817T122049Z,builtin_reasoning_trace,drop,121,3
kvzap-predictor-trace-20260817T122049Z::builtin_reasoning_trace,kvzap-predictor-trace-20260817T122049Z,builtin_reasoning_trace,drop,122,2
kvzap-predictor-trace-20260817T122049Z::builtin_reasoning_trace,kvzap-predictor-trace-20260817T122049Z,builtin_reasoning_trace,drop,123,4
kvzap-predictor-trace-20260817T122049Z::builtin_reasoning_trace,kvzap-predictor-trace-20260817T122049Z,builtin_reasoning_trace,drop,124,14
kvzap-predictor-trace-20260817T122049Z::builtin_reasoning_trace,kvzap-predictor-trace-20260817T122049Z,builtin_reasoning_trace,drop,125,1
kvzap-predictor-trace-20260817T122049Z::builtin_reasoning_trace,kvzap-predictor-trace-20260817T122049Z,builtin_reasoning_trace,drop,126,3
kvzap-predictor-trace-20260817T122049Z::builtin_reasoning_trace,kvzap-predictor-trace-20260817T122049Z,builtin_reasoning_trace,drop,127,3
kvzap-predictor-trace-20260817T122049Z::builtin_reasoning_trace,kvzap-predictor-trace-20260817T122049Z,builtin_reasoning_trace,drop,128,2
kvzap-predictor-trace-20260817T122049Z::builtin_reasoning_trace,kvzap-predictor-trace-20260817T122049Z,builtin_reasoning_trace,drop,129,2
kvzap-predictor-trace-20260817T122049Z::builtin_reasoning_trace,kvzap-predictor-trace-20260817T122049Z,builtin_reasoning_trace,drop,130,5
kvzap-predictor-trace-20260817T122049Z::builtin_reasoning_trace,kvzap-predictor-trace-20260817T122049Z,builtin_reasoning_trace,drop,131,5
kvzap-predictor-trace-20260817T122049Z::builtin_reasoning_trace,kvzap-predictor-trace-20260817T122049Z,builtin_reasoning_trace,drop,132,3
kvzap-predictor-trace-20260817T122049Z::builtin_reasoning_trace,kvzap-predictor-trace-20260817T122049Z,builtin_reasoning_trace,drop,133,9
kvzap-predictor-trace-20260817T122049Z::builtin_reasoning_trace,kvzap-predictor-trace-20260817T122049Z,builtin_reasoning_trace,drop,134,2
kvzap-predictor-trace-20260817T122049Z::builtin_reasoning_trace,kvzap-predictor-trace-20260817T122049Z,builtin_reasoning_trace,drop,135,3
kvzap-predictor-trace-20260817T122049Z::builtin_reasoning_trace,kvzap-predictor-trace-20260817T122049Z,builtin_reasoning_trace,drop,136,1
kvzap-predictor-trace-20260817T122049Z::builtin_reasoning_trace,kvzap-predictor-trace-20260817T122049Z,builtin_reasoning_trace,drop,137,1
kvzap-predictor-trace-20260817T122049Z::builtin_reasoning_trace,kvzap-predictor-trace-20260817T122049Z,builtin_reasoning_trace,drop,138,6
kvzap-predictor-trace-20260817T122049Z::builtin_reasoning_trace,kvzap-predictor-trace-20260817T122049Z,builtin_reasoning_trace,drop,139,3
kvzap-predictor-trace-20260817T122049Z::builtin_reasoning_trace,kvzap-predictor-trace-20260817T122049Z,builtin_reasoning_trace,drop,140,8
kvzap-predictor-trace-20260817T122049Z::builtin_reasoning_trace,kvzap-predictor-trace-20260817T122049Z,builtin_reasoning_trace,drop,142,2
kvzap-predictor-trace-20260817T122049Z::builtin_reasoning_trace,kvzap-predictor-trace-20260817T122049Z,builtin_reasoning_trace,drop,143,3
kvzap-predictor-trace-20260817T122049Z::builtin_reasoning_trace,kvzap-predictor-trace-20260817T122049Z,builtin_reasoning_trace,drop,145,3
kvzap-predictor-trace-20260817T122049Z::builtin_reasoning_trace,kvzap-predictor-trace-20260817T122049Z,builtin_reasoning_trace,drop,146,7
kvzap-predictor-trace-20260817T122049Z::builtin_reasoning_trace,kvzap-predictor-trace-20260817T122049Z,builtin_reasoning_trace,drop,147,2
kvzap-predictor-trace-20260817T122049Z::builtin_reasoning_trace,kvzap-predictor-trace-20260817T122049Z,builtin_reasoning_trace,drop,149,2
kvzap-predictor-trace-20260817T122049Z::builtin_reasoning_trace,kvzap-predictor-trace-20260817T122049Z,builtin_reasoning_trace,drop,150,2
kvzap-predictor-trace-20260817T122049Z::builtin_reasoning_trace,kvzap-predictor-trace-20260817T122049Z,builtin_reasoning_trace,drop,151,2
kvzap-predictor-trace-20260817T122049Z::builtin_reasoning_trace,kvzap-predictor-trace-20260817T122049Z,builtin_reasoning_trace,drop,152,2
kvzap-predictor-trace-20260817T122049Z::builtin_reasoning_trace,kvzap-predictor-trace-20260817T122049Z,builtin_reasoning_trace,drop,153,13
kvzap-predictor-trace-20260817T122049Z::builtin_reasoning_trace,kvzap-predictor-trace-20260817T122049Z,builtin_reasoning_trace,drop,154,1
kvzap-predictor-trace-20260817T122049Z::builtin_reasoning_trace,kvzap-predictor-trace-20260817T122049Z,builtin_reasoning_trace,drop,155,2
kvzap-predictor-trace-20260817T122049Z::builtin_reasoning_trace,kvzap-predictor-trace-20260817T122049Z,builtin_reasoning_trace,drop,156,3
kvzap-predictor-trace-20260817T122049Z::builtin_reasoning_trace,kvzap-predictor-trace-20260817T122049Z,builtin_reasoning_trace,drop,157,3
kvzap-predictor-trace-20260817T122049Z::builtin_reasoning_trace,kvzap-predictor-trace-20260817T122049Z,builtin_reasoning_trace,drop,160,1
kvzap-predictor-trace-20260817T122049Z::builtin_reasoning_trace,kvzap-predictor-trace-20260817T122049Z,builtin_reasoning_trace,drop,161,1
kvzap-predictor-trace-20260817T122049Z::builtin_reasoning_trace,kvzap-predictor-trace-20260817T122049Z,builtin_reasoning_trace,drop,162,13
kvzap-predictor-trace-20260817T122049Z::builtin_reasoning_trace,kvzap-predictor-trace-20260817T122049Z,builtin_reasoning_trace,drop,163,3
kvzap-predictor-trace-20260817T122049Z::builtin_reasoning_trace,kvzap-predictor-trace-20260817T122049Z,builtin_reasoning_trace,drop,164,2
kvzap-predictor-trace-20260817T122049Z::builtin_reasoning_trace,kvzap-predictor-trace-20260817T122049Z,builtin_reasoning_trace,drop,165,2
kvzap-predictor-trace-20260817T122049Z::builtin_reasoning_trace,kvzap-predictor-trace-20260817T122049Z,builtin_reasoning_trace,drop,166,2
kvzap-predictor-trace-20260817T122049Z::builtin_reasoning_trace,kvzap-predictor-trace-20260817T122049Z,builtin_reasoning_trace,drop,167,15
kvzap-predictor-trace-20260817T122049Z::builtin_reasoning_trace,kvzap-predictor-trace-20260817T122049Z,builtin_reasoning_trace,drop,168,125
kvzap-predictor-trace-20260817T122049Z::builtin_reasoning_trace,kvzap-predictor-trace-20260817T122049Z,builtin_reasoning_trace,drop,170,1
kvzap-predictor-trace-20260817T122049Z::builtin_reasoning_trace,kvzap-predictor-trace-20260817T122049Z,builtin_reasoning_trace,drop,171,3
kvzap-predictor-trace-20260817T122049Z::builtin_reasoning_trace,kvzap-predictor-trace-20260817T122049Z,builtin_reasoning_trace,drop,176,2
kvzap-predictor-trace-20260817T122049Z::builtin_reasoning_trace,kvzap-predictor-trace-20260817T122049Z,builtin_reasoning_trace,drop,179,1
kvzap-predictor-trace-20260817T122049Z::builtin_reasoning_trace,kvzap-predictor-trace-20260817T122049Z,builtin_reasoning_trace,drop,185,5
kvzap-predictor-trace-20260817T122049Z::builtin_reasoning_trace,kvzap-predictor-trace-20260817T122049Z,builtin_reasoning_trace,drop,188,1
kvzap-predictor-trace-20260817T122049Z::builtin_reasoning_trace,kvzap-predictor-trace-20260817T122049Z,builtin_reasoning_trace,drop,189,1
kvzap-predictor-trace-20260817T122049Z::builtin_reasoning_trace,kvzap-predictor-trace-20260817T122049Z,builtin_reasoning_trace,drop,196,2
kvzap-predictor-trace-20260817T122049Z::builtin_reasoning_trace,kvzap-predictor-trace-20260817T122049Z,builtin_reasoning_trace,drop,202,1
kvzap-predictor-trace-20260817T122049Z::builtin_reasoning_trace,kvzap-predictor-trace-20260817T122049Z,builtin_reasoning_trace,drop,208,2
kvzap-predictor-trace-20260817T122049Z::builtin_reasoning_trace,kvzap-predictor-trace-20260817T122049Z,builtin_reasoning_trace,drop,210,3
kvzap-predictor-trace-20260817T122049Z::builtin_reasoning_trace,kvzap-predictor-trace-20260817T122049Z,builtin_reasoning_trace,drop,214,1
kvzap-predictor-trace-20260817T122049Z::builtin_reasoning_trace,kvzap-predictor-trace-20260817T122049Z,builtin_reasoning_trace,drop,215,1
kvzap-predictor-trace-20260817T122049Z::builtin_reasoning_trace,kvzap-predictor-trace-20260817T122049Z,builtin_reasoning_trace,drop,216,2
kvzap-predictor-trace-20260817T122049Z::builtin_reasoning_trace,kvzap-predictor-trace-20260817T122049Z,builtin_reasoning_trace,drop,217,1
kvzap-predictor-trace-20260817T122049Z::builtin_reasoning_trace,kvzap-predictor-trace-20260817T122049Z,builtin_reasoning_trace,drop,222,1
kvzap-predictor-trace-20260817T122049Z::builtin_reasoning_trace,kvzap-predictor-trace-20260817T122049Z,builtin_reasoning_trace,drop,223,2
kvzap-predictor-trace-20260817T122049Z::builtin_reasoning_trace,kvzap-predictor-trace-20260817T122049Z,builtin_reasoning_trace,drop,224,1
kvzap-predictor-trace-20260817T122049Z::builtin_reasoning_trace,kvzap-predictor-trace-20260817T122049Z,builtin_reasoning_trace,drop,227,1
kvzap-predictor-trace-20260817T122049Z::builtin_reasoning_trace,kvzap-predictor-trace-20260817T122049Z,builtin_reasoning_trace,drop,238,1
kvzap-predictor-trace-20260817T122049Z::builtin_reasoning_trace,kvzap-predictor-trace-20260817T122049Z,builtin_reasoning_trace,drop,241,1
kvzap-predictor-trace-20260817T122049Z::builtin_reasoning_trace,kvzap-predictor-trace-20260817T122049Z,builtin_reasoning_trace,drop,243,1
kvzap-predictor-trace-20260817T122049Z::builtin_reasoning_trace,kvzap-predictor-trace-20260817T122049Z,builtin_reasoning_trace,drop,244,1
kvzap-predictor-trace-20260817T122049Z::builtin_reasoning_trace,kvzap-predictor-trace-20260817T122049Z,builtin_reasoning_trace,drop,245,1
kvzap-predictor-trace-20260817T122049Z::builtin_reasoning_trace,kvzap-predictor-trace-20260817T122049Z,builtin_reasoning_trace,drop,252,1
kvzap-predictor-trace-20260817T122049Z::builtin_reasoning_trace,kvzap-predictor-trace-20260817T122049Z,builtin_reasoning_trace,drop,257,1
kvzap-predictor-trace-20260817T122049Z::builtin_reasoning_trace,kvzap-predictor-trace-20260817T122049Z,builtin_reasoning_trace,drop,272,4
kvzap-predictor-trace-20260817T122049Z::builtin_reasoning_trace,kvzap-predictor-trace-20260817T122049Z,builtin_reasoning_trace,drop,275,1
kvzap-predictor-trace-20260817T122049Z::builtin_reasoning_trace,kvzap-predictor-trace-20260817T122049Z,builtin_reasoning_trace,drop,277,2
kvzap-predictor-trace-20260817T122049Z::builtin_reasoning_trace,kvzap-predictor-trace-20260817T122049Z,builtin_reasoning_trace,drop,278,1
kvzap-predictor-trace-20260817T122049Z::builtin_reasoning_trace,kvzap-predictor-trace-20260817T122049Z,builtin_reasoning_trace,drop,288,2
kvzap-predictor-trace-20260817T122049Z::builtin_reasoning_trace,kvzap-predictor-trace-20260817T122049Z,builtin_reasoning_trace,drop,294,1
kvzap-predictor-trace-20260817T122049Z::builtin_reasoning_trace,kvzap-predictor-trace-20260817T122049Z,builtin_reasoning_trace,drop,308,1
kvzap-predictor-trace-20260817T122049Z::builtin_reasoning_trace,kvzap-predictor-trace-20260817T122049Z,builtin_reasoning_trace,drop,316,2
kvzap-predictor-trace-20260817T122049Z::builtin_reasoning_trace,kvzap-predictor-trace-20260817T122049Z,builtin_reasoning_trace,drop,322,1
kvzap-predictor-trace-20260817T122049Z::builtin_reasoning_trace,kvzap-predictor-trace-20260817T122049Z,builtin_reasoning_trace,drop,326,1
kvzap-predictor-trace-20260817T122049Z::builtin_reasoning_trace,kvzap-predictor-trace-20260817T122049Z,builtin_reasoning_trace,drop,327,1
kvzap-predictor-trace-20260817T122049Z::builtin_reasoning_trace,kvzap-predictor-trace-20260817T122049Z,builtin_reasoning_trace,drop,330,1
kvzap-predictor-trace-20260817T122049Z::builtin_reasoning_trace,kvzap-predictor-trace-20260817T122049Z,builtin_reasoning_trace,drop,337,9
kvzap-predictor-trace-20260817T122049Z::builtin_reasoning_trace,kvzap-predictor-trace-20260817T122049Z,builtin_reasoning_trace,drop,338,1
kvzap-predictor-trace-20260817T122049Z::builtin_reasoning_trace,kvzap-predictor-trace-20260817T122049Z,builtin_reasoning_trace,drop,345,1
kvzap-predictor-trace-20260817T122049Z::builtin_reasoning_trace,kvzap-predictor-trace-20260817T122049Z,builtin_reasoning_trace,drop,346,1
kvzap-predictor-trace-20260817T122049Z::builtin_reasoning_trace,kvzap-predictor-trace-20260817T122049Z,builtin_reasoning_trace,drop,358,1
kvzap-predictor-trace-20260817T122049Z::builtin_reasoning_trace,kvzap-predictor-trace-20260817T122049Z,builtin_reasoning_trace,drop,372,1
kvzap-predictor-trace-20260817T122049Z::builtin_reasoning_trace,kvzap-predictor-trace-20260817T122049Z,builtin_reasoning_trace,drop,375,1
kvzap-predictor-trace-20260817T122049Z::builtin_reasoning_trace,kvzap-predictor-trace-20260817T122049Z,builtin_reasoning_trace,drop,384,1
kvzap-predictor-trace-20260817T122049Z::builtin_reasoning_trace,kvzap-predictor-trace-20260817T122049Z,builtin_reasoning_trace,drop,416,1
kvzap-predictor-trace-20260817T122049Z::builtin_reasoning_trace,kvzap-predictor-trace-20260817T122049Z,builtin_reasoning_trace,drop,421,1
kvzap-predictor-trace-20260817T122049Z::builtin_reasoning_trace,kvzap-predictor-trace-20260817T122049Z,builtin_reasoning_trace,drop,427,1
kvzap-predictor-trace-20260817T122049Z::builtin_reasoning_trace,kvzap-predictor-trace-20260817T122049Z,builtin_reasoning_trace,drop,455,1
kvzap-predictor-trace-20260817T122049Z::builtin_reasoning_trace,kvzap-predictor-trace-20260817T122049Z,builtin_reasoning_trace,drop,461,1
kvzap-predictor-trace-20260817T122049Z::builtin_reasoning_trace,kvzap-predictor-trace-20260817T122049Z,builtin_reasoning_trace,drop,485,1
kvzap-predictor-trace-20260817T122049Z::builtin_reasoning_trace,kvzap-predictor-trace-20260817T122049Z,builtin_reasoning_trace,drop,492,1
kvzap-predictor-trace-20260817T122049Z::builtin_reasoning_trace,kvzap-predictor-trace-20260817T122049Z,builtin_reasoning_trace,drop,498,1
kvzap-predictor-trace-20260817T122049Z::builtin_reasoning_trace,kvzap-predictor-trace-20260817T122049Z,builtin_reasoning_trace,drop,500,1
kvzap-predictor-trace-20260817T122049Z::builtin_reasoning_trace,kvzap-predictor-trace-20260817T122049Z,builtin_reasoning_trace,drop,503,1
kvzap-predictor-trace-20260817T122049Z::builtin_reasoning_trace,kvzap-predictor-trace-20260817T122049Z,builtin_reasoning_trace,drop,542,2
kvzap-predictor-trace-20260817T122049Z::builtin_reasoning_trace,kvzap-predictor-trace-20260817T122049Z,builtin_reasoning_trace,drop,545,1
kvzap-predictor-trace-20260817T122049Z::builtin_reasoning_trace,kvzap-predictor-trace-20260817T122049Z,builtin_reasoning_trace,drop,558,1
kvzap-predictor-trace-20260817T122049Z::builtin_reasoning_trace,kvzap-predictor-trace-20260817T122049Z,builtin_reasoning_trace,drop,580,1
kvzap-predictor-trace-20260817T122049Z::builtin_reasoning_trace,kvzap-predictor-trace-20260817T122049Z,builtin_reasoning_trace,drop,585,1
kvzap-predictor-trace-20260817T122049Z::builtin_reasoning_trace,kvzap-predictor-trace-20260817T122049Z,builtin_reasoning_trace,drop,587,1
kvzap-predictor-trace-20260817T122049Z::builtin_reasoning_trace,kvzap-predictor-trace-20260817T122049Z,builtin_reasoning_trace,drop,595,1
kvzap-predictor-trace-20260817T122049Z::builtin_reasoning_trace,kvzap-predictor-trace-20260817T122049Z,builtin_reasoning_trace,drop,602,1
kvzap-predictor-trace-20260817T122049Z::builtin_reasoning_trace,kvzap-predictor-trace-20260817T122049Z,builtin_reasoning_trace,drop,675,1
kvzap-predictor-trace-20260817T122049Z::builtin_reasoning_trace,kvzap-predictor-trace-20260817T122049Z,builtin_reasoning_trace,drop,693,1
kvzap-predictor-trace-20260817T122049Z::builtin_reasoning_trace,kvzap-predictor-trace-20260817T122049Z,builtin_reasoning_trace,drop,696,1
kvzap-predictor-trace-20260817T122049Z::builtin_reasoning_trace,kvzap-predictor-trace-20260817T122049Z,builtin_reasoning_trace,drop,724,1
kvzap-predictor-trace-20260817T122049Z::builtin_reasoning_trace,kvzap-predictor-trace-20260817T122049Z,builtin_reasoning_trace,drop,756,3
kvzap-predictor-trace-20260817T122049Z::builtin_reasoning_trace,kvzap-predictor-trace-20260817T122049Z,builtin_reasoning_trace,drop,758,1
kvzap-predictor-trace-20260817T122049Z::builtin_reasoning_trace,kvzap-predictor-trace-20260817T122049Z,builtin_reasoning_trace,drop,807,1
kvzap-predictor-trace-20260817T122049Z::builtin_reasoning_trace,kvzap-predictor-trace-20260817T122049Z,builtin_reasoning_trace,drop,842,1
kvzap-predictor-trace-20260817T122049Z::builtin_reasoning_trace,kvzap-predictor-trace-20260817T122049Z,builtin_reasoning_trace,drop,847,1
kvzap-predictor-trace-20260817T122049Z::builtin_reasoning_trace,kvzap-predictor-trace-20260817T122049Z,builtin_reasoning_trace,drop,848,1
kvzap-predictor-trace-20260817T122049Z::builtin_reasoning_trace,kvzap-predictor-trace-20260817T122049Z,builtin_reasoning_trace,drop,849,1
kvzap-predictor-trace-20260817T122049Z::builtin_reasoning_trace,kvzap-predictor-trace-20260817T122049Z,builtin_reasoning_trace,drop,906,1
kvzap-predictor-trace-20260817T122049Z::builtin_reasoning_trace,kvzap-predictor-trace-20260817T122049Z,builtin_reasoning_trace,drop,909,1
kvzap-predictor-trace-20260817T122049Z::builtin_reasoning_trace,kvzap-predictor-trace-20260817T122049Z,builtin_reasoning_trace,drop,925,1
kvzap-predictor-trace-20260817T122049Z::builtin_reasoning_trace,kvzap-predictor-trace-20260817T122049Z,builtin_reasoning_trace,drop,939,1
kvzap-predictor-trace-20260817T122049Z::builtin_reasoning_trace,kvzap-predictor-trace-20260817T122049Z,builtin_reasoning_trace,drop,946,1
kvzap-predictor-trace-20260817T122049Z::builtin_reasoning_trace,kvzap-predictor-trace-20260817T122049Z,builtin_reasoning_trace,drop,990,1
kvzap-predictor-trace-20260817T122049Z::builtin_reasoning_trace,kvzap-predictor-trace-20260817T122049Z,builtin_reasoning_trace,drop,1018,2
kvzap-predictor-trace-20260817T122049Z::builtin_reasoning_trace,kvzap-predictor-trace-20260817T122049Z,builtin_reasoning_trace,drop,1069,1
kvzap-predictor-trace-20260817T122049Z::builtin_reasoning_trace,kvzap-predictor-trace-20260817T122049Z,builtin_reasoning_trace,drop,1076,1
kvzap-predictor-trace-20260817T122049Z::builtin_reasoning_trace,kvzap-predictor-trace-20260817T122049Z,builtin_reasoning_trace,drop,1091,1
kvzap-predictor-trace-20260817T122049Z::builtin_reasoning_trace,kvzap-predictor-trace-20260817T122049Z,builtin_reasoning_trace,drop,1115,1
kvzap-predictor-trace-20260817T122049Z::builtin_reasoning_trace,kvzap-predictor-trace-20260817T122049Z,builtin_reasoning_trace,drop,1139,1
kvzap-predictor-trace-20260817T122049Z::builtin_reasoning_trace,kvzap-predictor-trace-20260817T122049Z,builtin_reasoning_trace,drop,1144,1
kvzap-predictor-trace-20260817T122049Z::builtin_reasoning_trace,kvzap-predictor-trace-20260817T122049Z,builtin_reasoning_trace,drop,1175,1
kvzap-predictor-trace-20260817T122049Z::builtin_reasoning_trace,kvzap-predictor-trace-20260817T122049Z,builtin_reasoning_trace,drop,1176,1
kvzap-predictor-trace-20260817T122049Z::builtin_reasoning_trace,kvzap-predictor-trace-20260817T122049Z,builtin_reasoning_trace,drop,1184,1
kvzap-predictor-trace-20260817T122049Z::builtin_reasoning_trace,kvzap-predictor-trace-20260817T122049Z,builtin_reasoning_trace,drop,1186,2
kvzap-predictor-trace-20260817T122049Z::builtin_reasoning_trace,kvzap-predictor-trace-20260817T122049Z,builtin_reasoning_trace,drop,1246,1
kvzap-predictor-trace-20260817T122049Z::builtin_reasoning_trace,kvzap-predictor-trace-20260817T122049Z,builtin_reasoning_trace,drop,1257,1
kvzap-predictor-trace-20260817T122049Z::builtin_reasoning_trace,kvzap-predictor-trace-20260817T122049Z,builtin_reasoning_trace,drop,1294,1
kvzap-predictor-trace-20260817T122049Z::builtin_reasoning_trace,kvzap-predictor-trace-20260817T122049Z,builtin_reasoning_trace,drop,1305,1
kvzap-predictor-trace-20260817T122049Z::builtin_reasoning_trace,kvzap-predictor-trace-20260817T122049Z,builtin_reasoning_trace,drop,1351,1
kvzap-predictor-trace-20260817T122049Z::builtin_reasoning_trace,kvzap-predictor-trace-20260817T122049Z,builtin_reasoning_trace,drop,1371,1
kvzap-predictor-trace-20260817T122049Z::builtin_reasoning_trace,kvzap-predictor-trace-20260817T122049Z,builtin_reasoning_trace,drop,1386,1
kvzap-predictor-trace-20260817T122049Z::builtin_reasoning_trace,kvzap-predictor-trace-20260817T122049Z,builtin_reasoning_trace,drop,1392,1
kvzap-predictor-trace-20260817T122049Z::builtin_reasoning_trace,kvzap-predictor-trace-20260817T122049Z,builtin_reasoning_trace,drop,1393,1
kvzap-predictor-trace-20260817T122049Z::builtin_reasoning_trace,kvzap-predictor-trace-20260817T122049Z,builtin_reasoning_trace,drop,1401,1
kvzap-predictor-trace-20260817T122049Z::builtin_reasoning_trace,kvzap-predictor-trace-20260817T122049Z,builtin_reasoning_trace,drop,1410,1
kvzap-predictor-trace-20260817T122049Z::builtin_reasoning_trace,kvzap-predictor-trace-20260817T122049Z,builtin_reasoning_trace,drop,1415,1
kvzap-predictor-trace-20260817T122049Z::builtin_reasoning_trace,kvzap-predictor-trace-20260817T122049Z,builtin_reasoning_trace,drop,1445,1
kvzap-predictor-trace-20260817T122049Z::builtin_reasoning_trace,kvzap-predictor-trace-20260817T122049Z,builtin_reasoning_trace,drop,1473,1
kvzap-predictor-trace-20260817T122049Z::builtin_reasoning_trace,kvzap-predictor-trace-20260817T122049Z,builtin_reasoning_trace,drop,1487,1
kvzap-predictor-trace-20260817T122049Z::builtin_reasoning_trace,kvzap-predictor-trace-20260817T122049Z,builtin_reasoning_trace,drop,1522,1
kvzap-predictor-trace-20260817T122049Z::builtin_reasoning_trace,kvzap-predictor-trace-20260817T122049Z,builtin_reasoning_trace,drop,1562,1
kvzap-predictor-trace-20260817T122049Z::builtin_reasoning_trace,kvzap-predictor-trace-20260817T122049Z,builtin_reasoning_trace,drop,1581,1
kvzap-predictor-trace-20260817T122049Z::builtin_reasoning_trace,kvzap-predictor-trace-20260817T122049Z,builtin_reasoning_trace,drop,1587,1
kvzap-predictor-trace-20260817T122049Z::builtin_reasoning_trace,kvzap-predictor-trace-20260817T122049Z,builtin_reasoning_trace,drop,1614,1
kvzap-predictor-trace-20260817T122049Z::builtin_reasoning_trace,kvzap-predictor-trace-20260817T122049Z,builtin_reasoning_trace,drop,1630,1
kvzap-predictor-trace-20260817T122049Z::builtin_reasoning_trace,kvzap-predictor-trace-20260817T122049Z,builtin_reasoning_trace,drop,1638,2
kvzap-predictor-trace-20260817T122049Z::builtin_reasoning_trace,kvzap-predictor-trace-20260817T122049Z,builtin_reasoning_trace,drop,1639,1
kvzap-predictor-trace-20260817T122049Z::builtin_reasoning_trace,kvzap-predictor-trace-20260817T122049Z,builtin_reasoning_trace,drop,1677,1
kvzap-predictor-trace-20260817T122049Z::builtin_reasoning_trace,kvzap-predictor-trace-20260817T122049Z,builtin_reasoning_trace,drop,1706,1
kvzap-predictor-trace-20260817T122049Z::builtin_reasoning_trace,kvzap-predictor-trace-20260817T122049Z,builtin_reasoning_trace,drop,1716,1
kvzap-predictor-trace-20260817T122049Z::builtin_reasoning_trace,kvzap-predictor-trace-20260817T122049Z,builtin_reasoning_trace,drop,1727,1
kvzap-predictor-trace-20260817T122049Z::builtin_reasoning_trace,kvzap-predictor-trace-20260817T122049Z,builtin_reasoning_trace,drop,1731,1
kvzap-predictor-trace-20260817T122049Z::builtin_reasoning_trace,kvzap-predictor-trace-20260817T122049Z,builtin_reasoning_trace,drop,1734,1
kvzap-predictor-trace-20260817T122049Z::builtin_reasoning_trace,kvzap-predictor-trace-20260817T122049Z,builtin_reasoning_trace,drop,1741,1
kvzap-predictor-trace-20260817T122049Z::builtin_reasoning_trace,kvzap-predictor-trace-20260817T122049Z,builtin_reasoning_trace,drop,1772,1
kvzap-predictor-trace-20260817T122049Z::builtin_reasoning_trace,kvzap-predictor-trace-20260817T122049Z,builtin_reasoning_trace,drop,1846,1
kvzap-predictor-trace-20260817T122049Z::builtin_reasoning_trace,kvzap-predictor-trace-20260817T122049Z,builtin_reasoning_trace,drop,1853,1
kvzap-predictor-trace-20260817T122049Z::builtin_reasoning_trace,kvzap-predictor-trace-20260817T122049Z,builtin_reasoning_trace,drop,1858,1
kvzap-predictor-trace-20260817T122049Z::builtin_reasoning_trace,kvzap-predictor-trace-20260817T122049Z,builtin_reasoning_trace,drop,1859,1
kvzap-predictor-trace-20260817T122049Z::builtin_reasoning_trace,kvzap-predictor-trace-20260817T122049Z,builtin_reasoning_trace,drop,1898,1
kvzap-predictor-trace-20260817T122049Z::builtin_reasoning_trace,kvzap-predictor-trace-20260817T122049Z,builtin_reasoning_trace,drop,1901,1
kvzap-predictor-trace-20260817T122049Z::builtin_reasoning_trace,kvzap-predictor-trace-20260817T122049Z,builtin_reasoning_trace,drop,1902,35
kvzap-predictor-trace-20260817T122049Z::builtin_reasoning_trace,kvzap-predictor-trace-20260817T122049Z,builtin_reasoning_trace,drop,1903,10
kvzap-predictor-trace-20260817T122049Z::builtin_reasoning_trace,kvzap-predictor-trace-20260817T122049Z,builtin_reasoning_trace,keep,1,18903
kvzap-predictor-trace-20260817T122049Z::builtin_reasoning_trace,kvzap-predictor-trace-20260817T122049Z,builtin_reasoning_trace,keep,2,5881
kvzap-predictor-trace-20260817T122049Z::builtin_reasoning_trace,kvzap-predictor-trace-20260817T122049Z,builtin_reasoning_trace,keep,3,2386
kvzap-predictor-trace-20260817T122049Z::builtin_reasoning_trace,kvzap-predictor-trace-20260817T122049Z,builtin_reasoning_trace,keep,4,1352
kvzap-predictor-trace-20260817T122049Z::builtin_reasoning_trace,kvzap-predictor-trace-20260817T122049Z,builtin_reasoning_trace,keep,5,769
kvzap-predictor-trace-20260817T122049Z::builtin_reasoning_trace,kvzap-predictor-trace-20260817T122049Z,builtin_reasoning_trace,keep,6,694
kvzap-predictor-trace-20260817T122049Z::builtin_reasoning_trace,kvzap-predictor-trace-20260817T122049Z,builtin_reasoning_trace,keep,7,411
kvzap-predictor-trace-20260817T122049Z::builtin_reasoning_trace,kvzap-predictor-trace-20260817T122049Z,builtin_reasoning_trace,keep,8,354
kvzap-predictor-trace-20260817T122049Z::builtin_reasoning_trace,kvzap-predictor-trace-20260817T122049Z,builtin_reasoning_trace,keep,9,228
kvzap-predictor-trace-20260817T122049Z::builtin_reasoning_trace,kvzap-predictor-trace-20260817T122049Z,builtin_reasoning_trace,keep,10,109
kvzap-predictor-trace-20260817T122049Z::builtin_reasoning_trace,kvzap-predictor-trace-20260817T122049Z,builtin_reasoning_trace,keep,11,121
kvzap-predictor-trace-20260817T122049Z::builtin_reasoning_trace,kvzap-predictor-trace-20260817T122049Z,builtin_reasoning_trace,keep,12,138
kvzap-predictor-trace-20260817T122049Z::builtin_reasoning_trace,kvzap-predictor-trace-20260817T122049Z,builtin_reasoning_trace,keep,13,75
kvzap-predictor-trace-20260817T122049Z::builtin_reasoning_trace,kvzap-predictor-trace-20260817T122049Z,builtin_reasoning_trace,keep,14,38
kvzap-predictor-trace-20260817T122049Z::builtin_reasoning_trace,kvzap-predictor-trace-20260817T122049Z,builtin_reasoning_trace,keep,15,53
kvzap-predictor-trace-20260817T122049Z::builtin_reasoning_trace,kvzap-predictor-trace-20260817T122049Z,builtin_reasoning_trace,keep,16,45
kvzap-predictor-trace-20260817T122049Z::builtin_reasoning_trace,kvzap-predictor-trace-20260817T122049Z,builtin_reasoning_trace,keep,17,38
kvzap-predictor-trace-20260817T122049Z::builtin_reasoning_trace,kvzap-predictor-trace-20260817T122049Z,builtin_reasoning_trace,keep,18,45
kvzap-predictor-trace-20260817T122049Z::builtin_reasoning_trace,kvzap-predictor-trace-20260817T122049Z,builtin_reasoning_trace,keep,19,32
kvzap-predictor-trace-20260817T122049Z::builtin_reasoning_trace,kvzap-predictor-trace-20260817T122049Z,builtin_reasoning_trace,keep,20,23
kvzap-predictor-trace-20260817T122049Z::builtin_reasoning_trace,kvzap-predictor-trace-20260817T122049Z,builtin_reasoning_trace,keep,21,42
kvzap-predictor-trace-20260817T122049Z::builtin_reasoning_trace,kvzap-predictor-trace-20260817T122049Z,builtin_reasoning_trace,keep,22,10
kvzap-predictor-trace-20260817T122049Z::builtin_reasoning_trace,kvzap-predictor-trace-20260817T122049Z,builtin_reasoning_trace,keep,23,9
kvzap-predictor-trace-20260817T122049Z::builtin_reasoning_trace,kvzap-predictor-trace-20260817T122049Z,builtin_reasoning_trace,keep,24,22
kvzap-predictor-trace-20260817T122049Z::builtin_reasoning_trace,kvzap-predictor-trace-20260817T122049Z,builtin_reasoning_trace,keep,25,6
kvzap-predictor-trace-20260817T122049Z::builtin_reasoning_trace,kvzap-predictor-trace-20260817T122049Z,builtin_reasoning_trace,keep,26,39
kvzap-predictor-trace-20260817T122049Z::builtin_reasoning_trace,kvzap-predictor-trace-20260817T122049Z,builtin_reasoning_trace,keep,27,8
kvzap-predictor-trace-20260817T122049Z::builtin_reasoning_trace,kvzap-predictor-trace-20260817T122049Z,builtin_reasoning_trace,keep,28,25
kvzap-predictor-trace-20260817T122049Z::builtin_reasoning_trace,kvzap-predictor-trace-20260817T122049Z,builtin_reasoning_trace,keep,29,6
kvzap-predictor-trace-20260817T122049Z::builtin_reasoning_trace,kvzap-predictor-trace-20260817T122049Z,builtin_reasoning_trace,keep,30,6
kvzap-predictor-trace-20260817T122049Z::builtin_reasoning_trace,kvzap-predictor-trace-20260817T122049Z,builtin_reasoning_trace,keep,31,2
kvzap-predictor-trace-20260817T122049Z::builtin_reasoning_trace,kvzap-predictor-trace-20260817T122049Z,builtin_reasoning_trace,keep,32,8
kvzap-predictor-trace-20260817T122049Z::builtin_reasoning_trace,kvzap-predictor-trace-20260817T122049Z,builtin_reasoning_trace,keep,33,9
kvzap-predictor-trace-20260817T122049Z::builtin_reasoning_trace,kvzap-predictor-trace-20260817T122049Z,builtin_reasoning_trace,keep,34,15
kvzap-predictor-trace-20260817T122049Z::builtin_reasoning_trace,kvzap-predictor-trace-20260817T122049Z,builtin_reasoning_trace,keep,35,11
kvzap-predictor-trace-20260817T122049Z::builtin_reasoning_trace,kvzap-predictor-trace-20260817T122049Z,builtin_reasoning_trace,keep,36,13
kvzap-predictor-trace-20260817T122049Z::builtin_reasoning_trace,kvzap-predictor-trace-20260817T122049Z,builtin_reasoning_trace,keep,37,7
kvzap-predictor-trace-20260817T122049Z::builtin_reasoning_trace,kvzap-predictor-trace-20260817T122049Z,builtin_reasoning_trace,keep,38,2
kvzap-predictor-trace-20260817T122049Z::builtin_reasoning_trace,kvzap-predictor-trace-20260817T122049Z,builtin_reasoning_trace,keep,40,2
kvzap-predictor-trace-20260817T122049Z::builtin_reasoning_trace,kvzap-predictor-trace-20260817T122049Z,builtin_reasoning_trace,keep,41,1
kvzap-predictor-trace-20260817T122049Z::builtin_reasoning_trace,kvzap-predictor-trace-20260817T122049Z,builtin_reasoning_trace,keep,42,3
kvzap-predictor-trace-20260817T122049Z::builtin_reasoning_trace,kvzap-predictor-trace-20260817T122049Z,builtin_reasoning_trace,keep,44,1
kvzap-predictor-trace-20260817T122049Z::builtin_reasoning_trace,kvzap-predictor-trace-20260817T122049Z,builtin_reasoning_trace,keep,45,6
kvzap-predictor-trace-20260817T122049Z::builtin_reasoning_trace,kvzap-predictor-trace-20260817T122049Z,builtin_reasoning_trace,keep,47,3
kvzap-predictor-trace-20260817T122049Z::builtin_reasoning_trace,kvzap-predictor-trace-20260817T122049Z,builtin_reasoning_trace,keep,48,7
kvzap-predictor-trace-20260817T122049Z::builtin_reasoning_trace,kvzap-predictor-trace-20260817T122049Z,builtin_reasoning_trace,keep,49,3
kvzap-predictor-trace-20260817T122049Z::builtin_reasoning_trace,kvzap-predictor-trace-20260817T122049Z,builtin_reasoning_trace,keep,50,1
kvzap-predictor-trace-20260817T122049Z::builtin_reasoning_trace,kvzap-predictor-trace-20260817T122049Z,builtin_reasoning_trace,keep,51,4
kvzap-predictor-trace-20260817T122049Z::builtin_reasoning_trace,kvzap-predictor-trace-20260817T122049Z,builtin_reasoning_trace,keep,52,5
kvzap-predictor-trace-20260817T122049Z::builtin_reasoning_trace,kvzap-predictor-trace-20260817T122049Z,builtin_reasoning_trace,keep,53,2
kvzap-predictor-trace-20260817T122049Z::builtin_reasoning_trace,kvzap-predictor-trace-20260817T122049Z,builtin_reasoning_trace,keep,54,2
kvzap-predictor-trace-20260817T122049Z::builtin_reasoning_trace,kvzap-predictor-trace-20260817T122049Z,builtin_reasoning_trace,keep,56,1
kvzap-predictor-trace-20260817T122049Z::builtin_reasoning_trace,kvzap-predictor-trace-20260817T122049Z,builtin_reasoning_trace,keep,60,1
kvzap-predictor-trace-20260817T122049Z::builtin_reasoning_trace,kvzap-predictor-trace-20260817T122049Z,builtin_reasoning_trace,keep,62,1
kvzap-predictor-trace-20260817T122049Z::builtin_reasoning_trace,kvzap-predictor-trace-20260817T122049Z,builtin_reasoning_trace,keep,63,1
kvzap-predictor-trace-20260817T122049Z::builtin_reasoning_trace,kvzap-predictor-trace-20260817T122049Z,builtin_reasoning_trace,keep,68,1
kvzap-predictor-trace-20260817T122049Z::builtin_reasoning_trace,kvzap-predictor-trace-20260817T122049Z,builtin_reasoning_trace,keep,77,4
kvzap-predictor-trace-20260817T122049Z::builtin_reasoning_trace,kvzap-predictor-trace-20260817T122049Z,builtin_reasoning_trace,keep,81,2
kvzap-predictor-trace-20260817T122049Z::builtin_reasoning_trace,kvzap-predictor-trace-20260817T122049Z,builtin_reasoning_trace,keep,91,1
kvzap-predictor-trace-20260817T122049Z::builtin_reasoning_trace,kvzap-predictor-trace-20260817T122049Z,builtin_reasoning_trace,keep,94,1
kvzap-predictor-trace-20260817T122049Z::builtin_reasoning_trace,kvzap-predictor-trace-20260817T122049Z,builtin_reasoning_trace,keep,95,1
kvzap-predictor-trace-20260817T122049Z::builtin_reasoning_trace,kvzap-predictor-trace-20260817T122049Z,builtin_reasoning_trace,keep,101,1
kvzap-predictor-trace-20260817T122049Z::builtin_reasoning_trace,kvzap-predictor-trace-20260817T122049Z,builtin_reasoning_trace,keep,110,1
kvzap-predictor-trace-20260817T122049Z::builtin_reasoning_trace,kvzap-predictor-trace-20260817T122049Z,builtin_reasoning_trace,keep,113,2
kvzap-predictor-trace-20260817T122049Z::builtin_reasoning_trace,kvzap-predictor-trace-20260817T122049Z,builtin_reasoning_trace,keep,114,3
kvzap-predictor-trace-20260817T122049Z::builtin_reasoning_trace,kvzap-predictor-trace-20260817T122049Z,builtin_reasoning_trace,keep,119,1
kvzap-predictor-trace-20260817T122049Z::builtin_reasoning_trace,kvzap-predictor-trace-20260817T122049Z,builtin_reasoning_trace,keep,121,1
kvzap-predictor-trace-20260817T122049Z::builtin_reasoning_trace,kvzap-predictor-trace-20260817T122049Z,builtin_reasoning_trace,keep,132,1
kvzap-predictor-trace-20260817T122049Z::builtin_reasoning_trace,kvzap-predictor-trace-20260817T122049Z,builtin_reasoning_trace,keep,145,1
kvzap-predictor-trace-20260817T122049Z::builtin_reasoning_trace,kvzap-predictor-trace-20260817T122049Z,builtin_reasoning_trace,keep,148,2
kvzap-predictor-trace-20260817T122049Z::builtin_reasoning_trace,kvzap-predictor-trace-20260817T122049Z,builtin_reasoning_trace,keep,168,7
kvzap-predictor-trace-20260817T122049Z::builtin_reasoning_trace,kvzap-predictor-trace-20260817T122049Z,builtin_reasoning_trace,keep,185,1
kvzap-predictor-trace-20260817T122049Z::builtin_reasoning_trace,kvzap-predictor-trace-20260817T122049Z,builtin_reasoning_trace,keep,202,1
kvzap-predictor-trace-20260817T122049Z::builtin_reasoning_trace,kvzap-predictor-trace-20260817T122049Z,builtin_reasoning_trace,keep,224,1
kvzap-predictor-trace-20260817T122049Z::builtin_reasoning_trace,kvzap-predictor-trace-20260817T122049Z,builtin_reasoning_trace,keep,239,1
kvzap-predictor-trace-20260817T122049Z::builtin_reasoning_trace,kvzap-predictor-trace-20260817T122049Z,builtin_reasoning_trace,keep,291,1
kvzap-predictor-trace-20260817T122049Z::builtin_reasoning_trace,kvzap-predictor-trace-20260817T122049Z,builtin_reasoning_trace,keep,329,1
kvzap-predictor-trace-20260817T122049Z::builtin_reasoning_trace,kvzap-predictor-trace-20260817T122049Z,builtin_reasoning_trace,keep,1899,1
kvzap-predictor-trace-20260817T122049Z::builtin_reasoning_trace,kvzap-predictor-trace-20260817T122049Z,builtin_reasoning_trace,keep,1903,1
