left_trace_id,right_trace_id,left_request_id,right_request_id,layer_retention_pearson,layer_head_retention_pearson,logical_removed_fraction_delta,cold_removed_fraction_delta
kvzap-predictor-trace-20260818T070032Z::longbench__qasper__row000037,kvzap-predictor-trace-20260818T070949Z::longbench__qasper__row000042,longbench__qasper__row000037,longbench__qasper__row000042,0.9978609046992052,0.9973423283886295,-0.007925802569134666,-0.007979178700084355
kvzap-predictor-trace-20260818T070032Z::longbench__qasper__row000037,kvzap-predictor-trace-20260818T071553Z::longbench__qasper__row000079,longbench__qasper__row000037,longbench__qasper__row000079,0.9986312370855362,0.998389338082321,0.002575818431530874,-0.006943110045125711
kvzap-predictor-trace-20260818T070032Z::longbench__qasper__row000037,kvzap-predictor-trace-20260818T071609Z::longbench__qasper__row000146,longbench__qasper__row000037,longbench__qasper__row000146,0.9982097215209849,0.9975933693145682,-0.0031944609840045546,-4.014757329606766e-05
kvzap-predictor-trace-20260818T070032Z::longbench__qasper__row000037,kvzap-predictor-trace-20260818T071625Z::longbench__qasper__row000163,longbench__qasper__row000037,longbench__qasper__row000163,0.9983082583500683,0.9981971120176998,-0.0006613215600106415,-0.0024201994892302237
kvzap-predictor-trace-20260818T070032Z::longbench__qasper__row000037,kvzap-predictor-trace-20260818T071641Z::longbench__qasper__row000049,longbench__qasper__row000037,longbench__qasper__row000049,0.9909803419559559,0.992366057650245,-0.005838043360868461,-0.02305641367087574
kvzap-predictor-trace-20260818T070032Z::longbench__qasper__row000037,kvzap-predictor-trace-20260818T071658Z::longbench__qasper__row000051,longbench__qasper__row000037,longbench__qasper__row000051,0.9859954093203941,0.9921092518421369,-0.0008108867209660753,-0.018838528749049455
kvzap-predictor-trace-20260818T070032Z::longbench__qasper__row000037,kvzap-predictor-trace-20260818T071714Z::longbench__qasper__row000070,longbench__qasper__row000037,longbench__qasper__row000070,0.9877782103519773,0.9917002281092206,0.0038032231181693854,-0.013138065514589625
kvzap-predictor-trace-20260818T070032Z::longbench__qasper__row000037,kvzap-predictor-trace-20260818T071731Z::longbench__qasper__row000072,longbench__qasper__row000037,longbench__qasper__row000072,0.9836972420518445,0.9886793865447109,-0.009349910926306437,-0.02905585626122531
kvzap-predictor-trace-20260818T070032Z::longbench__qasper__row000037,kvzap-predictor-trace-20260818T071748Z::longbench__qasper__row000077,longbench__qasper__row000037,longbench__qasper__row000077,0.9959263964519655,0.9968303868588235,0.003227519911271459,-0.013093223374241458
kvzap-predictor-trace-20260818T070032Z::longbench__qasper__row000037,kvzap-predictor-trace-20260818T071806Z::longbench__narrativeqa__row000002,longbench__qasper__row000037,longbench__narrativeqa__row000002,0.9761488434001675,0.9792627906412366,-0.00560799747889007,-0.02785149577563073
kvzap-predictor-trace-20260818T070032Z::longbench__qasper__row000037,kvzap-predictor-trace-20260818T071824Z::longbench__narrativeqa__row000003,longbench__qasper__row000037,longbench__narrativeqa__row000003,0.967378754765222,0.9783503204166188,0.007135219008283844,-0.01570242528303034
kvzap-predictor-trace-20260818T070032Z::longbench__qasper__row000037,kvzap-predictor-trace-20260818T071844Z::longbench__narrativeqa__row000005,longbench__qasper__row000037,longbench__narrativeqa__row000005,0.9431885755222076,0.9685966966182092,-0.009954216983889208,-0.03616174248011539
kvzap-predictor-trace-20260818T070032Z::longbench__qasper__row000037,kvzap-predictor-trace-20260818T071904Z::longbench__qasper__row000016,longbench__qasper__row000037,longbench__qasper__row000016,0.9100372543573703,0.9563713257346482,-0.02426169143636192,-0.05152885785474537
kvzap-predictor-trace-20260818T070032Z::longbench__qasper__row000037,kvzap-predictor-trace-20260818T071923Z::longbench__qasper__row000073,longbench__qasper__row000037,longbench__qasper__row000073,0.9554556483392042,0.9780361606959944,-0.009780719036147523,-0.03364089844964058
kvzap-predictor-trace-20260818T070032Z::longbench__qasper__row000037,kvzap-predictor-trace-20260818T071940Z::longbench__gov_report__row000096,longbench__qasper__row000037,longbench__gov_report__row000096,0.9973937926379951,0.9966333748895392,-0.0007552136229236339,-0.00023709280501316154
kvzap-predictor-trace-20260818T070032Z::longbench__qasper__row000037,kvzap-predictor-trace-20260818T071955Z::longbench__gov_report__row000109,longbench__qasper__row000037,longbench__gov_report__row000109,0.99567471502988,0.9949403160187078,-0.004576608171583341,-0.006417189236080256
kvzap-predictor-trace-20260818T070032Z::longbench__qasper__row000037,kvzap-predictor-trace-20260818T072011Z::longbench__multi_news__row000054,longbench__qasper__row000037,longbench__multi_news__row000054,0.9945623927596603,0.9945940317523381,-0.0013581683447779769,0.0037657538821823655
kvzap-predictor-trace-20260818T070032Z::longbench__qasper__row000037,kvzap-predictor-trace-20260818T072026Z::longbench__multi_news__row000127,longbench__qasper__row000037,longbench__multi_news__row000127,0.9932482402692183,0.9919880005400898,0.005031967766733314,0.005303411785195
kvzap-predictor-trace-20260818T070032Z::longbench__qasper__row000037,kvzap-predictor-trace-20260818T072041Z::longbench__qmsum__row000042,longbench__qasper__row000037,longbench__qmsum__row000042,0.9834023756143107,0.9783461206095577,0.04189786243150451,0.04561001981564383
kvzap-predictor-trace-20260818T070032Z::longbench__qasper__row000037,kvzap-predictor-trace-20260818T072057Z::longbench__gov_report__row000180,longbench__qasper__row000037,longbench__gov_report__row000180,0.99026341735984,0.9934021031867247,0.006432674572344643,-0.007837532441407835
kvzap-predictor-trace-20260818T070032Z::longbench__qasper__row000037,kvzap-predictor-trace-20260818T072113Z::longbench__multi_news__row000129,longbench__qasper__row000037,longbench__multi_news__row000129,0.9906351871502372,0.9917479196309145,0.0006604616955094844,-0.014997342734132668
kvzap-predictor-trace-20260818T070032Z::longbench__qasper__row000037,kvzap-predictor-trace-20260818T072129Z::longbench__multi_news__row000144,longbench__qasper__row000037,longbench__multi_news__row000144,0.9857340624767075,0.9902410340823604,0.005260110311255506,-0.010686304111991674
kvzap-predictor-trace-20260818T070032Z::longbench__qasper__row000037,kvzap-predictor-trace-20260818T072147Z::longbench__qmsum__row000016,longbench__qasper__row000037,longbench__qmsum__row000016,0.969351756936321,0.9779979361914201,0.02129150847415462,0.002136878780688134
kvzap-predictor-trace-20260818T070032Z::longbench__qasper__row000037,kvzap-predictor-trace-20260818T072204Z::longbench__qmsum__row000044,longbench__qasper__row000037,longbench__qmsum__row000044,0.962205957576771,0.9630796765007902,0.05951120617926087,0.045257151262371065
kvzap-predictor-trace-20260818T070032Z::longbench__qasper__row000037,kvzap-predictor-trace-20260818T072221Z::longbench__gov_report__row000003,longbench__qasper__row000037,longbench__gov_report__row000003,0.9705107220875121,0.9798369111740328,-0.00416296063200261,-0.026839034547715412
kvzap-predictor-trace-20260818T070032Z::longbench__qasper__row000037,kvzap-predictor-trace-20260818T072239Z::longbench__gov_report__row000057,longbench__qasper__row000037,longbench__gov_report__row000057,0.9732239259967381,0.9831631658075806,0.006530022100249888,-0.015305483205480197
kvzap-predictor-trace-20260818T070032Z::longbench__qasper__row000037,kvzap-predictor-trace-20260818T072258Z::longbench__multi_news__row000073,longbench__qasper__row000037,longbench__multi_news__row000073,0.9345214850188834,0.9688963294697683,0.002229314975485619,-0.024223321335869796
kvzap-predictor-trace-20260818T070032Z::longbench__qasper__row000037,kvzap-predictor-trace-20260818T072318Z::longbench__qmsum__row000010,longbench__qasper__row000037,longbench__qmsum__row000010,0.8164659314578238,0.9072828944764161,-0.0022008638637597278,-0.029275994690911245
kvzap-predictor-trace-20260818T070032Z::longbench__qasper__row000037,kvzap-predictor-trace-20260818T072338Z::longbench__qmsum__row000036,longbench__qasper__row000037,longbench__qmsum__row000036,0.9112235927533909,0.9512208135236526,0.01177805714078728,-0.012653828143720847
kvzap-predictor-trace-20260818T070032Z::longbench__qasper__row000037,kvzap-predictor-trace-20260818T072355Z::longbench__2wikimqa__row000062,longbench__qasper__row000037,longbench__2wikimqa__row000062,0.996590651771987,0.9940658260307861,-0.000677144192097856,-0.006999680011033016
kvzap-predictor-trace-20260818T070032Z::longbench__qasper__row000037,kvzap-predictor-trace-20260818T072412Z::longbench__2wikimqa__row000089,longbench__qasper__row000037,longbench__2wikimqa__row000089,0.9961866151327972,0.9942835399895752,-0.00285908185622219,-0.012843813545103
kvzap-predictor-trace-20260818T070032Z::longbench__qasper__row000037,kvzap-predictor-trace-20260818T072428Z::longbench__2wikimqa__row000106,longbench__qasper__row000037,longbench__2wikimqa__row000106,0.9922147320134765,0.9922934578205768,0.0021110090143457994,0.001954861075823655
kvzap-predictor-trace-20260818T070032Z::longbench__qasper__row000037,kvzap-predictor-trace-20260818T072443Z::longbench__2wikimqa__row000118,longbench__qasper__row000037,longbench__2wikimqa__row000118,0.9877667158622977,0.987659221564038,-0.0038497303505264924,0.005555105971134955
kvzap-predictor-trace-20260818T070032Z::longbench__qasper__row000037,kvzap-predictor-trace-20260818T072458Z::longbench__2wikimqa__row000134,longbench__qasper__row000037,longbench__2wikimqa__row000134,0.9968998882004997,0.9937845900961513,0.005461889657645824,-0.0033067199548698634
kvzap-predictor-trace-20260818T070032Z::longbench__qasper__row000037,kvzap-predictor-trace-20260818T072514Z::longbench__2wikimqa__row000055,longbench__qasper__row000037,longbench__2wikimqa__row000055,0.996209489416893,0.9939234982641383,0.005419676926128658,-0.006907529782275046
kvzap-predictor-trace-20260818T070032Z::longbench__qasper__row000037,kvzap-predictor-trace-20260818T072530Z::longbench__2wikimqa__row000167,longbench__qasper__row000037,longbench__2wikimqa__row000167,0.9953212848282569,0.9920662164841748,0.014266698538549005,0.0010425329915181303
kvzap-predictor-trace-20260818T070032Z::longbench__qasper__row000037,kvzap-predictor-trace-20260818T072546Z::longbench__musique__row000068,longbench__qasper__row000037,longbench__musique__row000068,0.9870703580063082,0.9830242672295622,0.00282598310088944,-0.016835524284094183
kvzap-predictor-trace-20260818T070032Z::longbench__qasper__row000037,kvzap-predictor-trace-20260818T072604Z::longbench__musique__row000135,longbench__qasper__row000037,longbench__musique__row000135,0.9830170767758505,0.9833225913041744,-0.0008286630294922492,-0.0222181708101431
kvzap-predictor-trace-20260818T070032Z::longbench__qasper__row000037,kvzap-predictor-trace-20260818T072622Z::longbench__musique__row000191,longbench__qasper__row000037,longbench__musique__row000191,0.9820749335716357,0.9819634875233074,-0.0003889022632536099,-0.022315934097147605
kvzap-predictor-trace-20260818T070032Z::longbench__qasper__row000037,kvzap-predictor-trace-20260818T072640Z::longbench__2wikimqa__row000017,longbench__qasper__row000037,longbench__2wikimqa__row000017,0.9877025016837846,0.9888114847197192,-0.0025547618256697158,-0.025011955172849265
kvzap-predictor-trace-20260818T070032Z::longbench__qasper__row000037,kvzap-predictor-trace-20260818T072657Z::longbench__2wikimqa__row000083,longbench__qasper__row000037,longbench__2wikimqa__row000083,0.9844539770118013,0.9892342716763224,0.0009403728590934302,-0.021282146886449138
kvzap-predictor-trace-20260818T070032Z::longbench__qasper__row000037,kvzap-predictor-trace-20260818T072715Z::longbench__2wikimqa__row000124,longbench__qasper__row000037,longbench__2wikimqa__row000124,0.9882656538314832,0.9890759662881483,-0.009450865453937807,-0.03162165408282391
kvzap-predictor-trace-20260818T070032Z::longbench__qasper__row000037,kvzap-predictor-trace-20260818T072733Z::longbench__musique__row000052,longbench__qasper__row000037,longbench__musique__row000052,0.9778676341380691,0.9810832842562328,0.00491066786244998,-0.019416957280468772
kvzap-predictor-trace-20260818T070032Z::longbench__qasper__row000037,kvzap-predictor-trace-20260818T072754Z::longbench__musique__row000155,longbench__qasper__row000037,longbench__musique__row000155,0.9477439235370748,0.9712828771340166,-0.020706839676633337,-0.048001537697988206
kvzap-predictor-trace-20260818T070949Z::longbench__qasper__row000042,kvzap-predictor-trace-20260818T071553Z::longbench__qasper__row000079,longbench__qasper__row000042,longbench__qasper__row000079,0.9987111331779053,0.9980914207951309,0.01050162100066554,0.001036068654958644
kvzap-predictor-trace-20260818T070949Z::longbench__qasper__row000042,kvzap-predictor-trace-20260818T071609Z::longbench__qasper__row000146,longbench__qasper__row000042,longbench__qasper__row000146,0.997346230700648,0.997451325653845,0.004731341585130111,0.007939031126788287
kvzap-predictor-trace-20260818T070949Z::longbench__qasper__row000042,kvzap-predictor-trace-20260818T071625Z::longbench__qasper__row000163,longbench__qasper__row000042,longbench__qasper__row000163,0.9968417770827118,0.9973930347488695,0.007264481009124024,0.005558979210854131
kvzap-predictor-trace-20260818T070949Z::longbench__qasper__row000042,kvzap-predictor-trace-20260818T071641Z::longbench__qasper__row000049,longbench__qasper__row000042,longbench__qasper__row000049,0.9909301394309675,0.993188319990518,0.0020877592082662044,-0.015077234970791387
kvzap-predictor-trace-20260818T070949Z::longbench__qasper__row000042,kvzap-predictor-trace-20260818T071658Z::longbench__qasper__row000051,longbench__qasper__row000042,longbench__qasper__row000051,0.9872740810663349,0.9936617594236469,0.00711491584816859,-0.0108593500489651
kvzap-predictor-trace-20260818T070949Z::longbench__qasper__row000042,kvzap-predictor-trace-20260818T071714Z::longbench__qasper__row000070,longbench__qasper__row000042,longbench__qasper__row000070,0.986338523581411,0.9913484476087812,0.011729025687304051,-0.00515888681450527
kvzap-predictor-trace-20260818T070949Z::longbench__qasper__row000042,kvzap-predictor-trace-20260818T071731Z::longbench__qasper__row000072,longbench__qasper__row000042,longbench__qasper__row000072,0.9831309218846586,0.9883611845607586,-0.0014241083571717716,-0.021076677561140955
kvzap-predictor-trace-20260818T070949Z::longbench__qasper__row000042,kvzap-predictor-trace-20260818T071748Z::longbench__qasper__row000077,longbench__qasper__row000042,longbench__qasper__row000077,0.9958620528579984,0.9969246576470554,0.011153322480406125,-0.005114044674157103
kvzap-predictor-trace-20260818T070949Z::longbench__qasper__row000042,kvzap-predictor-trace-20260818T071806Z::longbench__narrativeqa__row000002,longbench__qasper__row000042,longbench__narrativeqa__row000002,0.9733431090293195,0.977076999455918,0.0023178050902445957,-0.019872317075546375
kvzap-predictor-trace-20260818T070949Z::longbench__qasper__row000042,kvzap-predictor-trace-20260818T071824Z::longbench__narrativeqa__row000003,longbench__qasper__row000042,longbench__narrativeqa__row000003,0.9663934500863038,0.9786534269113147,0.01506102157741851,-0.007723246582945986
kvzap-predictor-trace-20260818T070949Z::longbench__qasper__row000042,kvzap-predictor-trace-20260818T071844Z::longbench__narrativeqa__row000005,longbench__qasper__row000042,longbench__narrativeqa__row000005,0.9422654650224926,0.9689209136019388,-0.0020284144147545424,-0.028182563780031034
kvzap-predictor-trace-20260818T070949Z::longbench__qasper__row000042,kvzap-predictor-trace-20260818T071904Z::longbench__qasper__row000016,longbench__qasper__row000042,longbench__qasper__row000016,0.908097863448852,0.9571811117712562,-0.016335888867227255,-0.043549679154661014
kvzap-predictor-trace-20260818T070949Z::longbench__qasper__row000042,kvzap-predictor-trace-20260818T071923Z::longbench__qasper__row000073,longbench__qasper__row000042,longbench__qasper__row000073,0.9560122586347113,0.9787636056547661,-0.001854916467012857,-0.025661719749556222
kvzap-predictor-trace-20260818T070949Z::longbench__qasper__row000042,kvzap-predictor-trace-20260818T071940Z::longbench__gov_report__row000096,longbench__qasper__row000042,longbench__gov_report__row000096,0.9970516874140346,0.9956499929820739,0.007170588946211032,0.0077420858950711935
kvzap-predictor-trace-20260818T070949Z::longbench__qasper__row000042,kvzap-predictor-trace-20260818T071955Z::longbench__gov_report__row000109,longbench__qasper__row000042,longbench__gov_report__row000109,0.9971266355749262,0.9954919960190235,0.003349194397551325,0.0015619894640040988
kvzap-predictor-trace-20260818T070949Z::longbench__qasper__row000042,kvzap-predictor-trace-20260818T072011Z::longbench__multi_news__row000054,longbench__qasper__row000042,longbench__multi_news__row000054,0.9958627884419733,0.9939959255878171,0.006567634224356689,0.01174493258226672
kvzap-predictor-trace-20260818T070949Z::longbench__qasper__row000042,kvzap-predictor-trace-20260818T072026Z::longbench__multi_news__row000127,longbench__qasper__row000042,longbench__multi_news__row000127,0.9941026356555654,0.9918638854655932,0.01295777033586798,0.013282590485279355
kvzap-predictor-trace-20260818T070949Z::longbench__qasper__row000042,kvzap-predictor-trace-20260818T072041Z::longbench__qmsum__row000042,longbench__qasper__row000042,longbench__qmsum__row000042,0.9830713649433958,0.9752406238585343,0.04982366500063917,0.05358919851572819
kvzap-predictor-trace-20260818T070949Z::longbench__qasper__row000042,kvzap-predictor-trace-20260818T072057Z::longbench__gov_report__row000180,longbench__qasper__row000042,longbench__gov_report__row000180,0.9918275277157298,0.9937526730424359,0.014358477141479309,0.00014164625867651992
kvzap-predictor-trace-20260818T070949Z::longbench__qasper__row000042,kvzap-predictor-trace-20260818T072113Z::longbench__multi_news__row000129,longbench__qasper__row000042,longbench__multi_news__row000129,0.9886553915118561,0.9897870316063508,0.00858626426464415,-0.007018164034048313
kvzap-predictor-trace-20260818T070949Z::longbench__qasper__row000042,kvzap-predictor-trace-20260818T072129Z::longbench__multi_news__row000144,longbench__qasper__row000042,longbench__multi_news__row000144,0.9860234627634875,0.9896991662752775,0.013185912880390172,-0.0027071254119073185
kvzap-predictor-trace-20260818T070949Z::longbench__qasper__row000042,kvzap-predictor-trace-20260818T072147Z::longbench__qmsum__row000016,longbench__qasper__row000042,longbench__qmsum__row000016,0.9695268860048295,0.97619031183843,0.029217311043289285,0.010116057480772489
kvzap-predictor-trace-20260818T070949Z::longbench__qasper__row000042,kvzap-predictor-trace-20260818T072204Z::longbench__qmsum__row000044,longbench__qasper__row000042,longbench__qmsum__row000044,0.9605377999349825,0.9591613539920306,0.06743700874839553,0.05323632996245542
kvzap-predictor-trace-20260818T070949Z::longbench__qasper__row000042,kvzap-predictor-trace-20260818T072221Z::longbench__gov_report__row000003,longbench__qasper__row000042,longbench__gov_report__row000003,0.9672167911484837,0.9787691248899818,0.0037628419371320554,-0.018859855847631057
kvzap-predictor-trace-20260818T070949Z::longbench__qasper__row000042,kvzap-predictor-trace-20260818T072239Z::longbench__gov_report__row000057,longbench__qasper__row000042,longbench__gov_report__row000057,0.9699814220056308,0.981568602506689,0.014455824669384554,-0.007326304505395842
kvzap-predictor-trace-20260818T070949Z::longbench__qasper__row000042,kvzap-predictor-trace-20260818T072258Z::longbench__multi_news__row000073,longbench__qasper__row000042,longbench__multi_news__row000073,0.9323578508157414,0.9677001583391508,0.010155117544620285,-0.01624414263578544
kvzap-predictor-trace-20260818T070949Z::longbench__qasper__row000042,kvzap-predictor-trace-20260818T072318Z::longbench__qmsum__row000010,longbench__qasper__row000042,longbench__qmsum__row000010,0.8165866636578156,0.9059802724773983,0.005724938705374938,-0.02129681599082689
kvzap-predictor-trace-20260818T070949Z::longbench__qasper__row000042,kvzap-predictor-trace-20260818T072338Z::longbench__qmsum__row000036,longbench__qasper__row000042,longbench__qmsum__row000036,0.9114463557801005,0.9501136178307368,0.019703859709921945,-0.004674649443636492
kvzap-predictor-trace-20260818T070949Z::longbench__qasper__row000042,kvzap-predictor-trace-20260818T072355Z::longbench__2wikimqa__row000062,longbench__qasper__row000042,longbench__2wikimqa__row000062,0.9930714857623921,0.9899224808521584,0.00724865837703681,0.000979498689051339
kvzap-predictor-trace-20260818T070949Z::longbench__qasper__row000042,kvzap-predictor-trace-20260818T072412Z::longbench__2wikimqa__row000089,longbench__qasper__row000042,longbench__2wikimqa__row000089,0.9937044281135592,0.9910635732329939,0.005066720712912476,-0.004864634845018645
kvzap-predictor-trace-20260818T070949Z::longbench__qasper__row000042,kvzap-predictor-trace-20260818T072428Z::longbench__2wikimqa__row000106,longbench__qasper__row000042,longbench__2wikimqa__row000106,0.9874888684083674,0.9870114105984845,0.010036811583480465,0.00993403977590801
kvzap-predictor-trace-20260818T070949Z::longbench__qasper__row000042,kvzap-predictor-trace-20260818T072443Z::longbench__2wikimqa__row000118,longbench__qasper__row000042,longbench__2wikimqa__row000118,0.9829217869165905,0.9808266731437623,0.004076072218608173,0.01353428467121931
kvzap-predictor-trace-20260818T070949Z::longbench__qasper__row000042,kvzap-predictor-trace-20260818T072458Z::longbench__2wikimqa__row000134,longbench__qasper__row000042,longbench__2wikimqa__row000134,0.9939020272175348,0.989290143051914,0.01338769222678049,0.004672458745214492
kvzap-predictor-trace-20260818T070949Z::longbench__qasper__row000042,kvzap-predictor-trace-20260818T072514Z::longbench__2wikimqa__row000055,longbench__qasper__row000042,longbench__2wikimqa__row000055,0.9932728525691485,0.989681134870755,0.013345479495263324,0.0010716489178093092
kvzap-predictor-trace-20260818T070949Z::longbench__qasper__row000042,kvzap-predictor-trace-20260818T072530Z::longbench__2wikimqa__row000167,longbench__qasper__row000042,longbench__2wikimqa__row000167,0.9905514965049487,0.9863327475390192,0.02219250110768367,0.009021711691602485
kvzap-predictor-trace-20260818T070949Z::longbench__qasper__row000042,kvzap-predictor-trace-20260818T072546Z::longbench__musique__row000068,longbench__qasper__row000042,longbench__musique__row000068,0.9829235838938657,0.9781925334556607,0.010751785670024105,-0.008856345584009828
kvzap-predictor-trace-20260818T070949Z::longbench__qasper__row000042,kvzap-predictor-trace-20260818T072604Z::longbench__musique__row000135,longbench__qasper__row000042,longbench__musique__row000135,0.9787611091244941,0.9789410934881242,0.007097139539642416,-0.014238992110058746
kvzap-predictor-trace-20260818T070949Z::longbench__qasper__row000042,kvzap-predictor-trace-20260818T072622Z::longbench__musique__row000191,longbench__qasper__row000042,longbench__musique__row000191,0.9774444435971962,0.9775481729780126,0.007536900305881056,-0.01433675539706325
kvzap-predictor-trace-20260818T070949Z::longbench__qasper__row000042,kvzap-predictor-trace-20260818T072640Z::longbench__2wikimqa__row000017,longbench__qasper__row000042,longbench__2wikimqa__row000017,0.984518211215847,0.9857761461729543,0.00537104074346495,-0.01703277647276491
kvzap-predictor-trace-20260818T070949Z::longbench__qasper__row000042,kvzap-predictor-trace-20260818T072657Z::longbench__2wikimqa__row000083,longbench__qasper__row000042,longbench__2wikimqa__row000083,0.9800884856764244,0.9862732029306998,0.008866175428228096,-0.013302968186364783
kvzap-predictor-trace-20260818T070949Z::longbench__qasper__row000042,kvzap-predictor-trace-20260818T072715Z::longbench__2wikimqa__row000124,longbench__qasper__row000042,longbench__2wikimqa__row000124,0.9854839866432158,0.9869260812731443,-0.0015250628848031411,-0.02364247538273956
kvzap-predictor-trace-20260818T070949Z::longbench__qasper__row000042,kvzap-predictor-trace-20260818T072733Z::longbench__musique__row000052,longbench__qasper__row000042,longbench__musique__row000052,0.9732752870985452,0.9770690664812841,0.012836470431584646,-0.011437778580384417
kvzap-predictor-trace-20260818T070949Z::longbench__qasper__row000042,kvzap-predictor-trace-20260818T072754Z::longbench__musique__row000155,longbench__qasper__row000042,longbench__musique__row000155,0.9439525809494891,0.9697381183928356,-0.012781037107498672,-0.04002235899790385
kvzap-predictor-trace-20260818T071553Z::longbench__qasper__row000079,kvzap-predictor-trace-20260818T071609Z::longbench__qasper__row000146,longbench__qasper__row000079,longbench__qasper__row000146,0.9964375278641833,0.9962429539653533,-0.005770279415535429,0.006902962471829643
kvzap-predictor-trace-20260818T071553Z::longbench__qasper__row000079,kvzap-predictor-trace-20260818T071625Z::longbench__qasper__row000163,longbench__qasper__row000079,longbench__qasper__row000163,0.9973298378287151,0.9976077811864131,-0.0032371399915415155,0.004522910555895487
kvzap-predictor-trace-20260818T071553Z::longbench__qasper__row000079,kvzap-predictor-trace-20260818T071641Z::longbench__qasper__row000049,longbench__qasper__row000079,longbench__qasper__row000049,0.9940148021954364,0.9955807518306977,-0.008413861792399335,-0.01611330362575003
kvzap-predictor-trace-20260818T071553Z::longbench__qasper__row000079,kvzap-predictor-trace-20260818T071658Z::longbench__qasper__row000051,longbench__qasper__row000079,longbench__qasper__row000051,0.9892393311613211,0.9949723458540357,-0.0033867051524969494,-0.011895418703923744
kvzap-predictor-trace-20260818T071553Z::longbench__qasper__row000079,kvzap-predictor-trace-20260818T071714Z::longbench__qasper__row000070,longbench__qasper__row000079,longbench__qasper__row000070,0.9900385019515889,0.9942593628702618,0.0012274046866385113,-0.006194955469463914
kvzap-predictor-trace-20260818T071553Z::longbench__qasper__row000079,kvzap-predictor-trace-20260818T071731Z::longbench__qasper__row000072,longbench__qasper__row000079,longbench__qasper__row000072,0.9871918099588841,0.9923309662219134,-0.011925729357837311,-0.0221127462160996
kvzap-predictor-trace-20260818T071553Z::longbench__qasper__row000079,kvzap-predictor-trace-20260818T071748Z::longbench__qasper__row000077,longbench__qasper__row000079,longbench__qasper__row000077,0.9975180255715572,0.9978227039158339,0.0006517014797405851,-0.006150113329115747
kvzap-predictor-trace-20260818T071553Z::longbench__qasper__row000079,kvzap-predictor-trace-20260818T071806Z::longbench__narrativeqa__row000002,longbench__qasper__row000079,longbench__narrativeqa__row000002,0.9771533919651766,0.9800766142546704,-0.008183815910420944,-0.02090838573050502
kvzap-predictor-trace-20260818T071553Z::longbench__qasper__row000079,kvzap-predictor-trace-20260818T071824Z::longbench__narrativeqa__row000003,longbench__qasper__row000079,longbench__narrativeqa__row000003,0.9699172063056583,0.9799295776504063,0.00455940057675297,-0.00875931523790463
kvzap-predictor-trace-20260818T071553Z::longbench__qasper__row000079,kvzap-predictor-trace-20260818T071844Z::longbench__narrativeqa__row000005,longbench__qasper__row000079,longbench__narrativeqa__row000005,0.9474419484682773,0.9710178553026529,-0.012530035415420082,-0.029218632434989678
kvzap-predictor-trace-20260818T071553Z::longbench__qasper__row000079,kvzap-predictor-trace-20260818T071904Z::longbench__qasper__row000016,longbench__qasper__row000079,longbench__qasper__row000016,0.9140325685157097,0.9621024619845688,-0.026837509867892795,-0.04458574780961966
kvzap-predictor-trace-20260818T071553Z::longbench__qasper__row000079,kvzap-predictor-trace-20260818T071923Z::longbench__qasper__row000073,longbench__qasper__row000079,longbench__qasper__row000073,0.9590622481159639,0.9820942957924992,-0.012356537467678397,-0.026697788404514866
kvzap-predictor-trace-20260818T071553Z::longbench__qasper__row000079,kvzap-predictor-trace-20260818T071940Z::longbench__gov_report__row000096,longbench__qasper__row000079,longbench__gov_report__row000096,0.9977654059976434,0.9961948225692822,-0.003331032054454508,0.0067060172401125495
kvzap-predictor-trace-20260818T071553Z::longbench__qasper__row000079,kvzap-predictor-trace-20260818T071955Z::longbench__gov_report__row000109,longbench__qasper__row000079,longbench__gov_report__row000109,0.9967204079578679,0.9947971618264015,-0.007152426603114215,0.0005259208090454548
kvzap-predictor-trace-20260818T071553Z::longbench__qasper__row000079,kvzap-predictor-trace-20260818T072011Z::longbench__multi_news__row000054,longbench__qasper__row000079,longbench__multi_news__row000054,0.9943705210816316,0.9929647021165334,-0.003933986776308851,0.010708863927308077
kvzap-predictor-trace-20260818T071553Z::longbench__qasper__row000079,kvzap-predictor-trace-20260818T072026Z::longbench__multi_news__row000127,longbench__qasper__row000079,longbench__multi_news__row000127,0.9945760839919255,0.9927294054249362,0.00245614933520244,0.012246521830320711
kvzap-predictor-trace-20260818T071553Z::longbench__qasper__row000079,kvzap-predictor-trace-20260818T072041Z::longbench__qmsum__row000042,longbench__qasper__row000079,longbench__qmsum__row000042,0.9818716901199053,0.9767423795881691,0.03932204399997363,0.05255312986076954
kvzap-predictor-trace-20260818T071553Z::longbench__qasper__row000079,kvzap-predictor-trace-20260818T072057Z::longbench__gov_report__row000180,longbench__qasper__row000079,longbench__gov_report__row000180,0.993368103133713,0.9955686460734725,0.003856856140813769,-0.0008944223962821241
kvzap-predictor-trace-20260818T071553Z::longbench__qasper__row000079,kvzap-predictor-trace-20260818T072113Z::longbench__multi_news__row000129,longbench__qasper__row000079,longbench__multi_news__row000129,0.9928632012106503,0.9926962840940824,-0.0019153567360213897,-0.008054232689006957
kvzap-predictor-trace-20260818T071553Z::longbench__qasper__row000079,kvzap-predictor-trace-20260818T072129Z::longbench__multi_news__row000144,longbench__qasper__row000079,longbench__multi_news__row000144,0.9885388356720195,0.9914821388997991,0.002684291879724632,-0.0037431940668659625
kvzap-predictor-trace-20260818T071553Z::longbench__qasper__row000079,kvzap-predictor-trace-20260818T072147Z::longbench__qmsum__row000016,longbench__qasper__row000079,longbench__qmsum__row000016,0.9699751225593172,0.9781119385334551,0.018715690042623745,0.009079988825813845
kvzap-predictor-trace-20260818T071553Z::longbench__qasper__row000079,kvzap-predictor-trace-20260818T072204Z::longbench__qmsum__row000044,longbench__qasper__row000079,longbench__qmsum__row000044,0.9617271339433524,0.9626541185547424,0.05693538774772999,0.052200261307496776
kvzap-predictor-trace-20260818T071553Z::longbench__qasper__row000079,kvzap-predictor-trace-20260818T072221Z::longbench__gov_report__row000003,longbench__qasper__row000079,longbench__gov_report__row000003,0.9732330233877292,0.9824958141550832,-0.006738779063533484,-0.0198959245025897
kvzap-predictor-trace-20260818T071553Z::longbench__qasper__row000079,kvzap-predictor-trace-20260818T072239Z::longbench__gov_report__row000057,longbench__qasper__row000079,longbench__gov_report__row000057,0.975422923553678,0.9852711593853833,0.003954203668719014,-0.008362373160354486
kvzap-predictor-trace-20260818T071553Z::longbench__qasper__row000079,kvzap-predictor-trace-20260818T072258Z::longbench__multi_news__row000073,longbench__qasper__row000079,longbench__multi_news__row000073,0.9382488796003512,0.9718530493783485,-0.0003465034560452551,-0.017280211290744085
kvzap-predictor-trace-20260818T071553Z::longbench__qasper__row000079,kvzap-predictor-trace-20260818T072318Z::longbench__qmsum__row000010,longbench__qasper__row000079,longbench__qmsum__row000010,0.8198680011858254,0.9117720104101864,-0.004776682295290602,-0.022332884645785533
kvzap-predictor-trace-20260818T071553Z::longbench__qasper__row000079,kvzap-predictor-trace-20260818T072338Z::longbench__qmsum__row000036,longbench__qasper__row000079,longbench__qmsum__row000036,0.9138562836257595,0.9541064120759377,0.009202238709256405,-0.005710718098595136
kvzap-predictor-trace-20260818T071553Z::longbench__qasper__row000079,kvzap-predictor-trace-20260818T072355Z::longbench__2wikimqa__row000062,longbench__qasper__row000079,longbench__2wikimqa__row000062,0.9954949586740948,0.992853524139932,-0.00325296262362873,-5.65699659073049e-05
kvzap-predictor-trace-20260818T071553Z::longbench__qasper__row000079,kvzap-predictor-trace-20260818T072412Z::longbench__2wikimqa__row000089,longbench__qasper__row000079,longbench__2wikimqa__row000089,0.9954578767843582,0.9928342386521127,-0.005434900287753064,-0.005900703499977289
kvzap-predictor-trace-20260818T071553Z::longbench__qasper__row000079,kvzap-predictor-trace-20260818T072428Z::longbench__2wikimqa__row000106,longbench__qasper__row000079,longbench__2wikimqa__row000106,0.9894855485737126,0.9899189989487481,-0.00046480941718507474,0.008897971120949366
kvzap-predictor-trace-20260818T071553Z::longbench__qasper__row000079,kvzap-predictor-trace-20260818T072443Z::longbench__2wikimqa__row000118,longbench__qasper__row000079,longbench__2wikimqa__row000118,0.9846330206145669,0.9845493229101302,-0.0064255487820573665,0.012498216016260666
kvzap-predictor-trace-20260818T071553Z::longbench__qasper__row000079,kvzap-predictor-trace-20260818T072458Z::longbench__2wikimqa__row000134,longbench__qasper__row000079,longbench__2wikimqa__row000134,0.9963987967290651,0.992735021727508,0.00288607122611495,0.0036363900902558477
kvzap-predictor-trace-20260818T071553Z::longbench__qasper__row000079,kvzap-predictor-trace-20260818T072514Z::longbench__2wikimqa__row000055,longbench__qasper__row000079,longbench__2wikimqa__row000055,0.9952918354315599,0.9923783964571098,0.002843858494597784,3.558026285066518e-05
kvzap-predictor-trace-20260818T071553Z::longbench__qasper__row000079,kvzap-predictor-trace-20260818T072530Z::longbench__2wikimqa__row000167,longbench__qasper__row000079,longbench__2wikimqa__row000167,0.9938015785789575,0.9902607445100848,0.011690880107018131,0.007985643036643841
kvzap-predictor-trace-20260818T071553Z::longbench__qasper__row000079,kvzap-predictor-trace-20260818T072546Z::longbench__musique__row000068,longbench__qasper__row000079,longbench__musique__row000068,0.9873082443699063,0.984226663035776,0.00025016466935856574,-0.009892414238968472
kvzap-predictor-trace-20260818T071553Z::longbench__qasper__row000079,kvzap-predictor-trace-20260818T072604Z::longbench__musique__row000135,longbench__qasper__row000079,longbench__musique__row000135,0.9833796562852216,0.9845415551514998,-0.0034044814610231233,-0.01527506076501739
kvzap-predictor-trace-20260818T071553Z::longbench__qasper__row000079,kvzap-predictor-trace-20260818T072622Z::longbench__musique__row000191,longbench__qasper__row000079,longbench__musique__row000191,0.982526233564163,0.9834538388025866,-0.002964720694784484,-0.015372824052021894
kvzap-predictor-trace-20260818T071553Z::longbench__qasper__row000079,kvzap-predictor-trace-20260818T072640Z::longbench__2wikimqa__row000017,longbench__qasper__row000079,longbench__2wikimqa__row000017,0.9891810359073706,0.9899365381461618,-0.00513058025720059,-0.018068845127723554
kvzap-predictor-trace-20260818T071553Z::longbench__qasper__row000079,kvzap-predictor-trace-20260818T072657Z::longbench__2wikimqa__row000083,longbench__qasper__row000079,longbench__2wikimqa__row000083,0.9856515983706563,0.9903049090759154,-0.001635445572437444,-0.014339036841323427
kvzap-predictor-trace-20260818T071553Z::longbench__qasper__row000079,kvzap-predictor-trace-20260818T072715Z::longbench__2wikimqa__row000124,longbench__qasper__row000079,longbench__2wikimqa__row000124,0.9898825634465741,0.9902630538711372,-0.01202668388546868,-0.024678544037698202
kvzap-predictor-trace-20260818T071553Z::longbench__qasper__row000079,kvzap-predictor-trace-20260818T072733Z::longbench__musique__row000052,longbench__qasper__row000079,longbench__musique__row000052,0.9794288867826596,0.9834613044342876,0.002334849430919106,-0.01247384723534306
kvzap-predictor-trace-20260818T071553Z::longbench__qasper__row000079,kvzap-predictor-trace-20260818T072754Z::longbench__musique__row000155,longbench__qasper__row000079,longbench__musique__row000155,0.9511604801013432,0.9744046399726228,-0.02328265810816421,-0.041058427652862495
kvzap-predictor-trace-20260818T071609Z::longbench__qasper__row000146,kvzap-predictor-trace-20260818T071625Z::longbench__qasper__row000163,longbench__qasper__row000146,longbench__qasper__row000163,0.9979166007117222,0.9977896944410303,0.002533139423993913,-0.002380051915934156
kvzap-predictor-trace-20260818T071609Z::longbench__qasper__row000146,kvzap-predictor-trace-20260818T071641Z::longbench__qasper__row000049,longbench__qasper__row000146,longbench__qasper__row000049,0.9859265040305754,0.9897723684873478,-0.0026435823768639066,-0.023016266097579674
kvzap-predictor-trace-20260818T071609Z::longbench__qasper__row000146,kvzap-predictor-trace-20260818T071658Z::longbench__qasper__row000051,longbench__qasper__row000146,longbench__qasper__row000051,0.9792367537868597,0.9890262667139943,0.0023835742630384793,-0.018798381175753387
kvzap-predictor-trace-20260818T071609Z::longbench__qasper__row000146,kvzap-predictor-trace-20260818T071714Z::longbench__qasper__row000070,longbench__qasper__row000146,longbench__qasper__row000070,0.9806890742088203,0.9873985157848194,0.00699768410217394,-0.013097917941293558
kvzap-predictor-trace-20260818T071609Z::longbench__qasper__row000146,kvzap-predictor-trace-20260818T071731Z::longbench__qasper__row000072,longbench__qasper__row000146,longbench__qasper__row000072,0.976083813296039,0.9833834086355535,-0.006155449942301883,-0.029015708687929243
kvzap-predictor-trace-20260818T071609Z::longbench__qasper__row000146,kvzap-predictor-trace-20260818T071748Z::longbench__qasper__row000077,longbench__qasper__row000146,longbench__qasper__row000077,0.992669993252334,0.9955052007409365,0.006421980895276014,-0.01305307580094539
kvzap-predictor-trace-20260818T071609Z::longbench__qasper__row000146,kvzap-predictor-trace-20260818T071806Z::longbench__narrativeqa__row000002,longbench__qasper__row000146,longbench__narrativeqa__row000002,0.9706654877585503,0.9767248196535333,-0.0024135364948855154,-0.027811348202334663
kvzap-predictor-trace-20260818T071609Z::longbench__qasper__row000146,kvzap-predictor-trace-20260818T071824Z::longbench__narrativeqa__row000003,longbench__qasper__row000146,longbench__narrativeqa__row000003,0.9592151035228546,0.9774815909733368,0.010329679992288399,-0.015662277709734274
kvzap-predictor-trace-20260818T071609Z::longbench__qasper__row000146,kvzap-predictor-trace-20260818T071844Z::longbench__narrativeqa__row000005,longbench__qasper__row000146,longbench__narrativeqa__row000005,0.9328491120070932,0.9675408768864309,-0.0067597559998846535,-0.03612159490681932
kvzap-predictor-trace-20260818T071609Z::longbench__qasper__row000146,kvzap-predictor-trace-20260818T071904Z::longbench__qasper__row000016,longbench__qasper__row000146,longbench__qasper__row000016,0.8939721160985022,0.9494116498024249,-0.021067230452357366,-0.0514887102814493
kvzap-predictor-trace-20260818T071609Z::longbench__qasper__row000146,kvzap-predictor-trace-20260818T071923Z::longbench__qasper__row000073,longbench__qasper__row000146,longbench__qasper__row000073,0.9445329273322347,0.9725366189205681,-0.006586258052142968,-0.03360075087634451
kvzap-predictor-trace-20260818T071609Z::longbench__qasper__row000146,kvzap-predictor-trace-20260818T071940Z::longbench__gov_report__row000096,longbench__qasper__row000146,longbench__gov_report__row000096,0.997055230847711,0.9972972692321053,0.0024392473610809207,-0.00019694523171709388
kvzap-predictor-trace-20260818T071609Z::longbench__qasper__row000146,kvzap-predictor-trace-20260818T071955Z::longbench__gov_report__row000109,longbench__qasper__row000146,longbench__gov_report__row000109,0.9963482401343283,0.996651741456785,-0.001382147187578786,-0.006377041662784189
kvzap-predictor-trace-20260818T071609Z::longbench__qasper__row000146,kvzap-predictor-trace-20260818T072011Z::longbench__multi_news__row000054,longbench__qasper__row000146,longbench__multi_news__row000054,0.9924575078974811,0.9934138266378988,0.0018362926392265777,0.003805901455478433
kvzap-predictor-trace-20260818T071609Z::longbench__qasper__row000146,kvzap-predictor-trace-20260818T072026Z::longbench__multi_news__row000127,longbench__qasper__row000146,longbench__multi_news__row000127,0.9906362495120868,0.989205603023122,0.008226428750737869,0.005343559358491068
kvzap-predictor-trace-20260818T071609Z::longbench__qasper__row000146,kvzap-predictor-trace-20260818T072041Z::longbench__qmsum__row000042,longbench__qasper__row000146,longbench__qmsum__row000042,0.9812728011007704,0.975951125180069,0.04509232341550906,0.0456501673889399
kvzap-predictor-trace-20260818T071609Z::longbench__qasper__row000146,kvzap-predictor-trace-20260818T072057Z::longbench__gov_report__row000180,longbench__qasper__row000146,longbench__gov_report__row000180,0.9858989381335871,0.991426373628258,0.009627135556349198,-0.0077973848681117675
kvzap-predictor-trace-20260818T071609Z::longbench__qasper__row000146,kvzap-predictor-trace-20260818T072113Z::longbench__multi_news__row000129,longbench__qasper__row000146,longbench__multi_news__row000129,0.984929491945706,0.9875275081205321,0.003854922679514039,-0.0149571951608366
kvzap-predictor-trace-20260818T071609Z::longbench__qasper__row000146,kvzap-predictor-trace-20260818T072129Z::longbench__multi_news__row000144,longbench__qasper__row000146,longbench__multi_news__row000144,0.9794032839432594,0.9866940817734136,0.00845457129526006,-0.010646156538695606
kvzap-predictor-trace-20260818T071609Z::longbench__qasper__row000146,kvzap-predictor-trace-20260818T072147Z::longbench__qmsum__row000016,longbench__qasper__row000146,longbench__qmsum__row000016,0.9631295869201868,0.9757206905860137,0.024485969458159174,0.0021770263539842016
kvzap-predictor-trace-20260818T071609Z::longbench__qasper__row000146,kvzap-predictor-trace-20260818T072204Z::longbench__qmsum__row000044,longbench__qasper__row000146,longbench__qmsum__row000044,0.9551753827307954,0.9577307380250303,0.06270566716326542,0.04529729883566713
kvzap-predictor-trace-20260818T071609Z::longbench__qasper__row000146,kvzap-predictor-trace-20260818T072221Z::longbench__gov_report__row000003,longbench__qasper__row000146,longbench__gov_report__row000003,0.9616101682401288,0.9779245415980071,-0.0009684996479980557,-0.026798886974419345
kvzap-predictor-trace-20260818T071609Z::longbench__qasper__row000146,kvzap-predictor-trace-20260818T072239Z::longbench__gov_report__row000057,longbench__qasper__row000146,longbench__gov_report__row000057,0.9641528349843188,0.979501020960846,0.009724483084254443,-0.01526533563218413
kvzap-predictor-trace-20260818T071609Z::longbench__qasper__row000146,kvzap-predictor-trace-20260818T072258Z::longbench__multi_news__row000073,longbench__qasper__row000146,longbench__multi_news__row000073,0.9211097123678917,0.9637204549013888,0.0054237759594901735,-0.02418317376257373
kvzap-predictor-trace-20260818T071609Z::longbench__qasper__row000146,kvzap-predictor-trace-20260818T072318Z::longbench__qmsum__row000010,longbench__qasper__row000146,longbench__qmsum__row000010,0.7989030917881398,0.8998071830773662,0.0009935971202448268,-0.029235847117615177
kvzap-predictor-trace-20260818T071609Z::longbench__qasper__row000146,kvzap-predictor-trace-20260818T072338Z::longbench__qmsum__row000036,longbench__qasper__row000146,longbench__qmsum__row000036,0.8984749390949913,0.9463289700077199,0.014972518124791834,-0.012613680570424779
kvzap-predictor-trace-20260818T071609Z::longbench__qasper__row000146,kvzap-predictor-trace-20260818T072355Z::longbench__2wikimqa__row000062,longbench__qasper__row000146,longbench__2wikimqa__row000062,0.9954077707661504,0.9904929506570693,0.0025173167919066985,-0.006959532437736948
kvzap-predictor-trace-20260818T071609Z::longbench__qasper__row000146,kvzap-predictor-trace-20260818T072412Z::longbench__2wikimqa__row000089,longbench__qasper__row000146,longbench__2wikimqa__row000089,0.9949623019325963,0.992127678444652,0.0003353791277823648,-0.012803665971806932
kvzap-predictor-trace-20260818T071609Z::longbench__qasper__row000146,kvzap-predictor-trace-20260818T072428Z::longbench__2wikimqa__row000106,longbench__qasper__row000146,longbench__2wikimqa__row000106,0.9916939919981909,0.9888499135882753,0.005305469998350354,0.0019950086491197228
kvzap-predictor-trace-20260818T071609Z::longbench__qasper__row000146,kvzap-predictor-trace-20260818T072443Z::longbench__2wikimqa__row000118,longbench__qasper__row000146,longbench__2wikimqa__row000118,0.9872329726338865,0.982626279852002,-0.0006552693665219378,0.0055952535444310225
kvzap-predictor-trace-20260818T071609Z::longbench__qasper__row000146,kvzap-predictor-trace-20260818T072458Z::longbench__2wikimqa__row000134,longbench__qasper__row000146,longbench__2wikimqa__row000134,0.9942822150394158,0.9892873411622563,0.008656350641650379,-0.0032665723815737957
kvzap-predictor-trace-20260818T071609Z::longbench__qasper__row000146,kvzap-predictor-trace-20260818T072514Z::longbench__2wikimqa__row000055,longbench__qasper__row000146,longbench__2wikimqa__row000055,0.9933433678814639,0.9898442618048006,0.008614137910133213,-0.006867382208978978
kvzap-predictor-trace-20260818T071609Z::longbench__qasper__row000146,kvzap-predictor-trace-20260818T072530Z::longbench__2wikimqa__row000167,longbench__qasper__row000146,longbench__2wikimqa__row000167,0.9922069532834561,0.9872351266330718,0.01746115952255356,0.001082680564814198
kvzap-predictor-trace-20260818T071609Z::longbench__qasper__row000146,kvzap-predictor-trace-20260818T072546Z::longbench__musique__row000068,longbench__qasper__row000146,longbench__musique__row000068,0.9792249178696874,0.97416997262565,0.006020444084893994,-0.016795376710798116
kvzap-predictor-trace-20260818T071609Z::longbench__qasper__row000146,kvzap-predictor-trace-20260818T072604Z::longbench__musique__row000135,longbench__qasper__row000146,longbench__musique__row000135,0.9744064593468335,0.97497411322895,0.0023657979545123053,-0.022178023236847033
kvzap-predictor-trace-20260818T071609Z::longbench__qasper__row000146,kvzap-predictor-trace-20260818T072622Z::longbench__musique__row000191,longbench__qasper__row000146,longbench__musique__row000191,0.9730174167656404,0.9734121238651884,0.0028055587207509447,-0.022275786523851537
kvzap-predictor-trace-20260818T071609Z::longbench__qasper__row000146,kvzap-predictor-trace-20260818T072640Z::longbench__2wikimqa__row000017,longbench__qasper__row000146,longbench__2wikimqa__row000017,0.9812541032440816,0.9842346376551906,0.0006396991583348388,-0.024971807599553197
kvzap-predictor-trace-20260818T071609Z::longbench__qasper__row000146,kvzap-predictor-trace-20260818T072657Z::longbench__2wikimqa__row000083,longbench__qasper__row000146,longbench__2wikimqa__row000083,0.9775877934373045,0.9854534064167103,0.004134833843097985,-0.02124199931315307
kvzap-predictor-trace-20260818T071609Z::longbench__qasper__row000146,kvzap-predictor-trace-20260818T072715Z::longbench__2wikimqa__row000124,longbench__qasper__row000146,longbench__2wikimqa__row000124,0.98241708719604,0.985304669142073,-0.006256404469933252,-0.031581506509527846
kvzap-predictor-trace-20260818T071609Z::longbench__qasper__row000146,kvzap-predictor-trace-20260818T072733Z::longbench__musique__row000052,longbench__qasper__row000146,longbench__musique__row000052,0.9688003363076959,0.9734743363906951,0.008105128846454535,-0.019376809707172704
kvzap-predictor-trace-20260818T071609Z::longbench__qasper__row000146,kvzap-predictor-trace-20260818T072754Z::longbench__musique__row000155,longbench__qasper__row000146,longbench__musique__row000155,0.9361243608739034,0.9671262860785401,-0.017512378692628783,-0.04796139012469214
kvzap-predictor-trace-20260818T071625Z::longbench__qasper__row000163,kvzap-predictor-trace-20260818T071641Z::longbench__qasper__row000049,longbench__qasper__row000163,longbench__qasper__row000049,0.9869362778350425,0.9906794124263181,-0.00517672180085782,-0.020636214181645518
kvzap-predictor-trace-20260818T071625Z::longbench__qasper__row000163,kvzap-predictor-trace-20260818T071658Z::longbench__qasper__row000051,longbench__qasper__row000163,longbench__qasper__row000051,0.9812636563077793,0.9905055759356847,-0.00014956516095543382,-0.01641832925981923
kvzap-predictor-trace-20260818T071625Z::longbench__qasper__row000163,kvzap-predictor-trace-20260818T071714Z::longbench__qasper__row000070,longbench__qasper__row000163,longbench__qasper__row000070,0.9848396564684195,0.9907286457479614,0.004464544678180027,-0.010717866025359402
kvzap-predictor-trace-20260818T071625Z::longbench__qasper__row000163,kvzap-predictor-trace-20260818T071731Z::longbench__qasper__row000072,longbench__qasper__row000163,longbench__qasper__row000072,0.9786612011048819,0.9858870802432187,-0.008688589366295796,-0.026635656771995087
kvzap-predictor-trace-20260818T071625Z::longbench__qasper__row000163,kvzap-predictor-trace-20260818T071748Z::longbench__qasper__row000077,longbench__qasper__row000163,longbench__qasper__row000077,0.993559570966082,0.9963419895917413,0.0038888414712821007,-0.010673023885011235
kvzap-predictor-trace-20260818T071625Z::longbench__qasper__row000163,kvzap-predictor-trace-20260818T071806Z::longbench__narrativeqa__row000002,longbench__qasper__row000163,longbench__narrativeqa__row000002,0.9729793316621019,0.978172977570781,-0.0049466759188794285,-0.025431296286400507
kvzap-predictor-trace-20260818T071625Z::longbench__qasper__row000163,kvzap-predictor-trace-20260818T071824Z::longbench__narrativeqa__row000003,longbench__qasper__row000163,longbench__narrativeqa__row000003,0.9606796316500791,0.9763385131776421,0.0077965405682944855,-0.013282225793800118
kvzap-predictor-trace-20260818T071625Z::longbench__qasper__row000163,kvzap-predictor-trace-20260818T071844Z::longbench__narrativeqa__row000005,longbench__qasper__row000163,longbench__narrativeqa__row000005,0.9361199698902025,0.9673605845006346,-0.009292895423878567,-0.033741542990885165
kvzap-predictor-trace-20260818T071625Z::longbench__qasper__row000163,kvzap-predictor-trace-20260818T071904Z::longbench__qasper__row000016,longbench__qasper__row000163,longbench__qasper__row000016,0.9014240102859817,0.9543118355390263,-0.02360036987635128,-0.049108658365515145
kvzap-predictor-trace-20260818T071625Z::longbench__qasper__row000163,kvzap-predictor-trace-20260818T071923Z::longbench__qasper__row000073,longbench__qasper__row000163,longbench__qasper__row000073,0.9483894932775976,0.975700336747507,-0.009119397476136881,-0.031220698960410354
kvzap-predictor-trace-20260818T071625Z::longbench__qasper__row000163,kvzap-predictor-trace-20260818T071940Z::longbench__gov_report__row000096,longbench__qasper__row000163,longbench__gov_report__row000096,0.9962151055260571,0.9965882948343961,-9.389206291299246e-05,0.002183106684217062
kvzap-predictor-trace-20260818T071625Z::longbench__qasper__row000163,kvzap-predictor-trace-20260818T071955Z::longbench__gov_report__row000109,longbench__qasper__row000163,longbench__gov_report__row000109,0.9947116246670435,0.9954487826528661,-0.003915286611572699,-0.003996989746850033
kvzap-predictor-trace-20260818T071625Z::longbench__qasper__row000163,kvzap-predictor-trace-20260818T072011Z::longbench__multi_news__row000054,longbench__qasper__row000163,longbench__multi_news__row000054,0.9917436013297791,0.992979295052976,-0.0006968467847673354,0.006185953371412589
kvzap-predictor-trace-20260818T071625Z::longbench__qasper__row000163,kvzap-predictor-trace-20260818T072026Z::longbench__multi_news__row000127,longbench__qasper__row000163,longbench__multi_news__row000127,0.9898566702221246,0.98970188466748,0.0056932893267439555,0.007723611274425224
kvzap-predictor-trace-20260818T071625Z::longbench__qasper__row000163,kvzap-predictor-trace-20260818T072041Z::longbench__qmsum__row000042,longbench__qasper__row000163,longbench__qmsum__row000042,0.9798314953890276,0.975833799815418,0.04255918399151515,0.048030219304874056
kvzap-predictor-trace-20260818T071625Z::longbench__qasper__row000163,kvzap-predictor-trace-20260818T072057Z::longbench__gov_report__row000180,longbench__qasper__row000163,longbench__gov_report__row000180,0.9858751197810947,0.9913908632505422,0.007093996132355285,-0.0054173329521776115
kvzap-predictor-trace-20260818T071625Z::longbench__qasper__row000163,kvzap-predictor-trace-20260818T072113Z::longbench__multi_news__row000129,longbench__qasper__row000163,longbench__multi_news__row000129,0.9864571223282633,0.9895886777256848,0.0013217832555201259,-0.012577143244902445
kvzap-predictor-trace-20260818T071625Z::longbench__qasper__row000163,kvzap-predictor-trace-20260818T072129Z::longbench__multi_news__row000144,longbench__qasper__row000163,longbench__multi_news__row000144,0.9794396845590652,0.9872579427436387,0.005921431871266147,-0.00826610462276145
kvzap-predictor-trace-20260818T071625Z::longbench__qasper__row000163,kvzap-predictor-trace-20260818T072147Z::longbench__qmsum__row000016,longbench__qasper__row000163,longbench__qmsum__row000016,0.962070787151582,0.9748220278512301,0.02195283003416526,0.004557078269918358
kvzap-predictor-trace-20260818T071625Z::longbench__qasper__row000163,kvzap-predictor-trace-20260818T072204Z::longbench__qmsum__row000044,longbench__qasper__row000163,longbench__qmsum__row000044,0.955587983578528,0.9590815628004806,0.06017252773927151,0.04767735075160129
kvzap-predictor-trace-20260818T071625Z::longbench__qasper__row000163,kvzap-predictor-trace-20260818T072221Z::longbench__gov_report__row000003,longbench__qasper__row000163,longbench__gov_report__row000003,0.9662687542442978,0.9795973406960014,-0.0035016390719919688,-0.02441883505848519
kvzap-predictor-trace-20260818T071625Z::longbench__qasper__row000163,kvzap-predictor-trace-20260818T072239Z::longbench__gov_report__row000057,longbench__qasper__row000163,longbench__gov_report__row000057,0.9674522671396908,0.981175467390783,0.00719134366026053,-0.012885283716249973
kvzap-predictor-trace-20260818T071625Z::longbench__qasper__row000163,kvzap-predictor-trace-20260818T072258Z::longbench__multi_news__row000073,longbench__qasper__row000163,longbench__multi_news__row000073,0.926927277566229,0.9666317003097571,0.0028906365354962604,-0.021803121846639573
kvzap-predictor-trace-20260818T071625Z::longbench__qasper__row000163,kvzap-predictor-trace-20260818T072318Z::longbench__qmsum__row000010,longbench__qasper__row000163,longbench__qmsum__row000010,0.8009954089483932,0.9018350407530211,-0.0015395423037490863,-0.02685579520168102
kvzap-predictor-trace-20260818T071625Z::longbench__qasper__row000163,kvzap-predictor-trace-20260818T072338Z::longbench__qmsum__row000036,longbench__qasper__row000163,longbench__qmsum__row000036,0.899740659654167,0.9470742005659566,0.01243937870079792,-0.010233628654490623
kvzap-predictor-trace-20260818T071625Z::longbench__qasper__row000163,kvzap-predictor-trace-20260818T072355Z::longbench__2wikimqa__row000062,longbench__qasper__row000163,longbench__2wikimqa__row000062,0.9966642366322221,0.9927849666315646,-1.5822632087214572e-05,-0.004579480521802792
kvzap-predictor-trace-20260818T071625Z::longbench__qasper__row000163,kvzap-predictor-trace-20260818T072412Z::longbench__2wikimqa__row000089,longbench__qasper__row000163,longbench__2wikimqa__row000089,0.9947980895600319,0.992825755915926,-0.0021977602962115483,-0.010423614055872776
kvzap-predictor-trace-20260818T071625Z::longbench__qasper__row000163,kvzap-predictor-trace-20260818T072428Z::longbench__2wikimqa__row000106,longbench__qasper__row000163,longbench__2wikimqa__row000106,0.9937933278985398,0.9914639329793588,0.002772330574356441,0.004375060565053879
kvzap-predictor-trace-20260818T071625Z::longbench__qasper__row000163,kvzap-predictor-trace-20260818T072443Z::longbench__2wikimqa__row000118,longbench__qasper__row000163,longbench__2wikimqa__row000118,0.9896344054446213,0.9859448429256458,-0.003188408790515851,0.007975305460365179
kvzap-predictor-trace-20260818T071625Z::longbench__qasper__row000163,kvzap-predictor-trace-20260818T072458Z::longbench__2wikimqa__row000134,longbench__qasper__row000163,longbench__2wikimqa__row000134,0.9955920905885428,0.991738002937661,0.006123211217656466,-0.0008865204656396397
kvzap-predictor-trace-20260818T071625Z::longbench__qasper__row000163,kvzap-predictor-trace-20260818T072514Z::longbench__2wikimqa__row000055,longbench__qasper__row000163,longbench__2wikimqa__row000055,0.9943538696949912,0.9916866298995776,0.0060809984861393,-0.004487330293044822
kvzap-predictor-trace-20260818T071625Z::longbench__qasper__row000163,kvzap-predictor-trace-20260818T072530Z::longbench__2wikimqa__row000167,longbench__qasper__row000163,longbench__2wikimqa__row000167,0.9942043055695342,0.9899098781471428,0.014928020098559647,0.003462732480748354
kvzap-predictor-trace-20260818T071625Z::longbench__qasper__row000163,kvzap-predictor-trace-20260818T072546Z::longbench__musique__row000068,longbench__qasper__row000163,longbench__musique__row000068,0.9824141421436453,0.9787276692774238,0.0034873046609000813,-0.01441532479486396
kvzap-predictor-trace-20260818T071625Z::longbench__qasper__row000163,kvzap-predictor-trace-20260818T072604Z::longbench__musique__row000135,longbench__qasper__row000163,longbench__musique__row000135,0.9782813440470863,0.9793748534553833,-0.00016734146948160777,-0.019797971320912877
kvzap-predictor-trace-20260818T071625Z::longbench__qasper__row000163,kvzap-predictor-trace-20260818T072622Z::longbench__musique__row000191,longbench__qasper__row000163,longbench__musique__row000191,0.9773814383378978,0.9782189803166489,0.0002724192967570316,-0.01989573460791738
kvzap-predictor-trace-20260818T071625Z::longbench__qasper__row000163,kvzap-predictor-trace-20260818T072640Z::longbench__2wikimqa__row000017,longbench__qasper__row000163,longbench__2wikimqa__row000017,0.9842271539269015,0.9868165720228996,-0.0018934402656590743,-0.02259175568361904
kvzap-predictor-trace-20260818T071625Z::longbench__qasper__row000163,kvzap-predictor-trace-20260818T072657Z::longbench__2wikimqa__row000083,longbench__qasper__row000163,longbench__2wikimqa__row000083,0.9816983273253583,0.987782698929599,0.0016016944191040716,-0.018861947397218914
kvzap-predictor-trace-20260818T071625Z::longbench__qasper__row000163,kvzap-predictor-trace-20260818T072715Z::longbench__2wikimqa__row000124,longbench__qasper__row000163,longbench__2wikimqa__row000124,0.9851957135342517,0.987601602330168,-0.008789543893927165,-0.02920145459359369
kvzap-predictor-trace-20260818T071625Z::longbench__qasper__row000163,kvzap-predictor-trace-20260818T072733Z::longbench__musique__row000052,longbench__qasper__row000163,longbench__musique__row000052,0.9737648003760392,0.9784917774273326,0.0055719894224606215,-0.016996757791238548
kvzap-predictor-trace-20260818T071625Z::longbench__qasper__row000163,kvzap-predictor-trace-20260818T072754Z::longbench__musique__row000155,longbench__qasper__row000163,longbench__musique__row000155,0.9424186909716195,0.9700248553602075,-0.020045518116622696,-0.04558133820875798
kvzap-predictor-trace-20260818T071641Z::longbench__qasper__row000049,kvzap-predictor-trace-20260818T071658Z::longbench__qasper__row000051,longbench__qasper__row000049,longbench__qasper__row000051,0.9965991506352766,0.9972648669745293,0.005027156639902386,0.004217884921826287
kvzap-predictor-trace-20260818T071641Z::longbench__qasper__row000049,kvzap-predictor-trace-20260818T071714Z::longbench__qasper__row000070,longbench__qasper__row000049,longbench__qasper__row000070,0.9947321759077083,0.9953519556533207,0.009641266479037847,0.009918348156286116
kvzap-predictor-trace-20260818T071641Z::longbench__qasper__row000049,kvzap-predictor-trace-20260818T071731Z::longbench__qasper__row000072,longbench__qasper__row000049,longbench__qasper__row000072,0.9970655603849575,0.9974640470257846,-0.003511867565437976,-0.0059994425903495685
kvzap-predictor-trace-20260818T071641Z::longbench__qasper__row000049,kvzap-predictor-trace-20260818T071748Z::longbench__qasper__row000077,longbench__qasper__row000049,longbench__qasper__row000077,0.9981235637518964,0.9971074771450127,0.00906556327213992,0.009963190296634283
kvzap-predictor-trace-20260818T071641Z::longbench__qasper__row000049,kvzap-predictor-trace-20260818T071806Z::longbench__narrativeqa__row000002,longbench__qasper__row000049,longbench__narrativeqa__row000002,0.9837369465136618,0.982774611971682,0.00023004588197839126,-0.0047950821047549885
kvzap-predictor-trace-20260818T071641Z::longbench__qasper__row000049,kvzap-predictor-trace-20260818T071824Z::longbench__narrativeqa__row000003,longbench__qasper__row000049,longbench__narrativeqa__row000003,0.98457636451015,0.9860089022733798,0.012973262369152305,0.0073539883878454
kvzap-predictor-trace-20260818T071641Z::longbench__qasper__row000049,kvzap-predictor-trace-20260818T071844Z::longbench__narrativeqa__row000005,longbench__qasper__row000049,longbench__narrativeqa__row000005,0.9715687778107064,0.9817033173598468,-0.004116173623020747,-0.013105328809239647
kvzap-predictor-trace-20260818T071641Z::longbench__qasper__row000049,kvzap-predictor-trace-20260818T071904Z::longbench__qasper__row000016,longbench__qasper__row000049,longbench__qasper__row000016,0.9419538294095349,0.9751037565159919,-0.01842364807549346,-0.028472444183869627
kvzap-predictor-trace-20260818T071641Z::longbench__qasper__row000049,kvzap-predictor-trace-20260818T071923Z::longbench__qasper__row000073,longbench__qasper__row000049,longbench__qasper__row000073,0.9775118668577247,0.9900826868559649,-0.0039426756752790615,-0.010584484778764836
kvzap-predictor-trace-20260818T071641Z::longbench__qasper__row000049,kvzap-predictor-trace-20260818T071940Z::longbench__gov_report__row000096,longbench__qasper__row000049,longbench__gov_report__row000096,0.9918239445502348,0.9921940943456576,0.005082829737944827,0.02281932086586258
kvzap-predictor-trace-20260818T071641Z::longbench__qasper__row000049,kvzap-predictor-trace-20260818T071955Z::longbench__gov_report__row000109,longbench__qasper__row000049,longbench__gov_report__row000109,0.9910098975829673,0.991375022962361,0.0012614351892851206,0.016639224434795485
kvzap-predictor-trace-20260818T071641Z::longbench__qasper__row000049,kvzap-predictor-trace-20260818T072011Z::longbench__multi_news__row000054,longbench__qasper__row000049,longbench__multi_news__row000054,0.9896563666878637,0.9876830760772672,0.004479875016090484,0.026822167553058107
kvzap-predictor-trace-20260818T071641Z::longbench__qasper__row000049,kvzap-predictor-trace-20260818T072026Z::longbench__multi_news__row000127,longbench__qasper__row000049,longbench__multi_news__row000127,0.9918947877206257,0.9888560175103406,0.010870011127601775,0.028359825456070742
kvzap-predictor-trace-20260818T071641Z::longbench__qasper__row000049,kvzap-predictor-trace-20260818T072041Z::longbench__qmsum__row000042,longbench__qasper__row000049,longbench__qmsum__row000042,0.9779413292322477,0.9714966746920283,0.04773590579237297,0.06866643348651957
kvzap-predictor-trace-20260818T071641Z::longbench__qasper__row000049,kvzap-predictor-trace-20260818T072057Z::longbench__gov_report__row000180,longbench__qasper__row000049,longbench__gov_report__row000180,0.9966714358937446,0.9964143700401686,0.012270717933213104,0.015218881229467907
kvzap-predictor-trace-20260818T071641Z::longbench__qasper__row000049,kvzap-predictor-trace-20260818T072113Z::longbench__multi_news__row000129,longbench__qasper__row000049,longbench__multi_news__row000129,0.9962464600760518,0.9928513312428955,0.006498505056377946,0.008059070936743074
kvzap-predictor-trace-20260818T071641Z::longbench__qasper__row000049,kvzap-predictor-trace-20260818T072129Z::longbench__multi_news__row000144,longbench__qasper__row000049,longbench__multi_news__row000144,0.9955838686706544,0.9930912169354095,0.011098153672123967,0.012370109558884068
kvzap-predictor-trace-20260818T071641Z::longbench__qasper__row000049,kvzap-predictor-trace-20260818T072147Z::longbench__qmsum__row000016,longbench__qasper__row000049,longbench__qmsum__row000016,0.9799855976980503,0.9806154650115487,0.02712955183502308,0.025193292451563876
kvzap-predictor-trace-20260818T071641Z::longbench__qasper__row000049,kvzap-predictor-trace-20260818T072204Z::longbench__qmsum__row000044,longbench__qasper__row000049,longbench__qmsum__row000044,0.9686931049042586,0.9627247339745626,0.06534924954012933,0.0683135649332468
kvzap-predictor-trace-20260818T071641Z::longbench__qasper__row000049,kvzap-predictor-trace-20260818T072221Z::longbench__gov_report__row000003,longbench__qasper__row000049,longbench__gov_report__row000003,0.9881080561510832,0.9908333828551639,0.001675082728865851,-0.0037826208768396707
kvzap-predictor-trace-20260818T071641Z::longbench__qasper__row000049,kvzap-predictor-trace-20260818T072239Z::longbench__gov_report__row000057,longbench__qasper__row000049,longbench__gov_report__row000057,0.9895852246263535,0.9924850804629135,0.01236806546111835,0.007750930465395545
kvzap-predictor-trace-20260818T071641Z::longbench__qasper__row000049,kvzap-predictor-trace-20260818T072258Z::longbench__multi_news__row000073,longbench__qasper__row000049,longbench__multi_news__row000073,0.9619113572376173,0.9813689259178987,0.00806735833635408,-0.0011669076649940546
kvzap-predictor-trace-20260818T071641Z::longbench__qasper__row000049,kvzap-predictor-trace-20260818T072318Z::longbench__qmsum__row000010,longbench__qasper__row000049,longbench__qmsum__row000010,0.8562832239170871,0.9281526056104786,0.0036371794971087335,-0.006219581020035503
kvzap-predictor-trace-20260818T071641Z::longbench__qasper__row000049,kvzap-predictor-trace-20260818T072338Z::longbench__qmsum__row000036,longbench__qasper__row000049,longbench__qmsum__row000036,0.9388287491822975,0.9646862260127895,0.01761610050165574,0.010402585527154895
kvzap-predictor-trace-20260818T071641Z::longbench__qasper__row000049,kvzap-predictor-trace-20260818T072355Z::longbench__2wikimqa__row000062,longbench__qasper__row000049,longbench__2wikimqa__row000062,0.9863332114651046,0.9864373495235789,0.005160899168770605,0.016056733659842726
kvzap-predictor-trace-20260818T071641Z::longbench__qasper__row000049,kvzap-predictor-trace-20260818T072412Z::longbench__2wikimqa__row000089,longbench__qasper__row000049,longbench__2wikimqa__row000089,0.9898848486518387,0.9882167717079537,0.0029789615046462714,0.010212600125772742
kvzap-predictor-trace-20260818T071641Z::longbench__qasper__row000049,kvzap-predictor-trace-20260818T072428Z::longbench__2wikimqa__row000106,longbench__qasper__row000049,longbench__2wikimqa__row000106,0.9752091841176352,0.9802134380095321,0.00794905237521426,0.025011274746699397
kvzap-predictor-trace-20260818T071641Z::longbench__qasper__row000049,kvzap-predictor-trace-20260818T072443Z::longbench__2wikimqa__row000118,longbench__qasper__row000049,longbench__2wikimqa__row000118,0.9692391724520986,0.9737723598369925,0.001988313010341969,0.028611519642010697
kvzap-predictor-trace-20260818T071641Z::longbench__qasper__row000049,kvzap-predictor-trace-20260818T072458Z::longbench__2wikimqa__row000134,longbench__qasper__row000049,longbench__2wikimqa__row000134,0.9896693567056654,0.9869820668533092,0.011299933018514285,0.01974969371600588
kvzap-predictor-trace-20260818T071641Z::longbench__qasper__row000049,kvzap-predictor-trace-20260818T072514Z::longbench__2wikimqa__row000055,longbench__qasper__row000049,longbench__2wikimqa__row000055,0.9904066964064824,0.9876878692811555,0.01125772028699712,0.016148883888600696
kvzap-predictor-trace-20260818T071641Z::longbench__qasper__row000049,kvzap-predictor-trace-20260818T072530Z::longbench__2wikimqa__row000167,longbench__qasper__row000049,longbench__2wikimqa__row000167,0.9870522696192084,0.9842592220603663,0.020104741899417466,0.024098946662393872
kvzap-predictor-trace-20260818T071641Z::longbench__qasper__row000049,kvzap-predictor-trace-20260818T072546Z::longbench__musique__row000068,longbench__qasper__row000049,longbench__musique__row000068,0.9909386099891491,0.9851609717734128,0.008664026461757901,0.0062208893867815584
kvzap-predictor-trace-20260818T071641Z::longbench__qasper__row000049,kvzap-predictor-trace-20260818T072604Z::longbench__musique__row000135,longbench__qasper__row000049,longbench__musique__row000135,0.9890741844780203,0.9862196897073013,0.005009380331376212,0.0008382428607326409
kvzap-predictor-trace-20260818T071641Z::longbench__qasper__row000049,kvzap-predictor-trace-20260818T072622Z::longbench__musique__row000191,longbench__qasper__row000049,longbench__musique__row000191,0.9885096671672985,0.9855795238366574,0.005449141097614851,0.0007404795737281367
kvzap-predictor-trace-20260818T071641Z::longbench__qasper__row000049,kvzap-predictor-trace-20260818T072640Z::longbench__2wikimqa__row000017,longbench__qasper__row000049,longbench__2wikimqa__row000017,0.9956376333420083,0.9923467715519239,0.0032832815351987454,-0.0019555415019735234
kvzap-predictor-trace-20260818T071641Z::longbench__qasper__row000049,kvzap-predictor-trace-20260818T072657Z::longbench__2wikimqa__row000083,longbench__qasper__row000049,longbench__2wikimqa__row000083,0.9925737097387596,0.992654442069228,0.006778416219961891,0.0017742667844266036
kvzap-predictor-trace-20260818T071641Z::longbench__qasper__row000049,kvzap-predictor-trace-20260818T072715Z::longbench__2wikimqa__row000124,longbench__qasper__row000049,longbench__2wikimqa__row000124,0.99590686743277,0.9926630376212158,-0.0036128220930693455,-0.008565240411948172
kvzap-predictor-trace-20260818T071641Z::longbench__qasper__row000049,kvzap-predictor-trace-20260818T072733Z::longbench__musique__row000052,longbench__qasper__row000049,longbench__musique__row000052,0.989053593920855,0.9861312479986422,0.010748711223318441,0.00363945639040697
kvzap-predictor-trace-20260818T071641Z::longbench__qasper__row000049,kvzap-predictor-trace-20260818T072754Z::longbench__musique__row000155,longbench__qasper__row000049,longbench__musique__row000155,0.9721757847005043,0.9844268405289555,-0.014868796315764876,-0.024945124027112464
kvzap-predictor-trace-20260818T071658Z::longbench__qasper__row000051,kvzap-predictor-trace-20260818T071714Z::longbench__qasper__row000070,longbench__qasper__row000051,longbench__qasper__row000070,0.997193566546265,0.997629044349948,0.004614109839135461,0.005700463234459829
kvzap-predictor-trace-20260818T071658Z::longbench__qasper__row000051,kvzap-predictor-trace-20260818T071731Z::longbench__qasper__row000072,longbench__qasper__row000051,longbench__qasper__row000072,0.9978619641566752,0.9969122098227047,-0.008539024205340362,-0.010217327512175856
kvzap-predictor-trace-20260818T071658Z::longbench__qasper__row000051,kvzap-predictor-trace-20260818T071748Z::longbench__qasper__row000077,longbench__qasper__row000051,longbench__qasper__row000077,0.9949466300040052,0.9966554540485894,0.0040384066322375345,0.005745305374807996
kvzap-predictor-trace-20260818T071658Z::longbench__qasper__row000051,kvzap-predictor-trace-20260818T071806Z::longbench__narrativeqa__row000002,longbench__qasper__row000051,longbench__narrativeqa__row000002,0.9856681923502428,0.9822717332634451,-0.004797110757923995,-0.009012967026581276
kvzap-predictor-trace-20260818T071658Z::longbench__qasper__row000051,kvzap-predictor-trace-20260818T071824Z::longbench__narrativeqa__row000003,longbench__qasper__row000051,longbench__narrativeqa__row000003,0.9897501597239009,0.9880076229322661,0.00794610572924992,0.0031361034660191134
kvzap-predictor-trace-20260818T071658Z::longbench__qasper__row000051,kvzap-predictor-trace-20260818T071844Z::longbench__narrativeqa__row000005,longbench__qasper__row000051,longbench__narrativeqa__row000005,0.9782217533725266,0.9823140171750425,-0.009143330262923133,-0.017323213731065934
kvzap-predictor-trace-20260818T071658Z::longbench__qasper__row000051,kvzap-predictor-trace-20260818T071904Z::longbench__qasper__row000016,longbench__qasper__row000051,longbench__qasper__row000016,0.9580987843624664,0.979246922549907,-0.023450804715395845,-0.032690329105695914
kvzap-predictor-trace-20260818T071658Z::longbench__qasper__row000051,kvzap-predictor-trace-20260818T071923Z::longbench__qasper__row000073,longbench__qasper__row000051,longbench__qasper__row000073,0.9887241192088813,0.9938329425234429,-0.008969832315181447,-0.014802369700591123
kvzap-predictor-trace-20260818T071658Z::longbench__qasper__row000051,kvzap-predictor-trace-20260818T071940Z::longbench__gov_report__row000096,longbench__qasper__row000051,longbench__gov_report__row000096,0.9855098344587204,0.9903258348505305,5.567309804244136e-05,0.018601435944036293
kvzap-predictor-trace-20260818T071658Z::longbench__qasper__row000051,kvzap-predictor-trace-20260818T071955Z::longbench__gov_report__row000109,longbench__qasper__row000051,longbench__gov_report__row000109,0.9845598763137897,0.9891146337635655,-0.0037657214506172654,0.012421339512969198
kvzap-predictor-trace-20260818T071658Z::longbench__qasper__row000051,kvzap-predictor-trace-20260818T072011Z::longbench__multi_news__row000054,longbench__qasper__row000051,longbench__multi_news__row000054,0.9903179932952668,0.9902079969542577,-0.0005472816238119016,0.02260428263123182
kvzap-predictor-trace-20260818T071658Z::longbench__qasper__row000051,kvzap-predictor-trace-20260818T072026Z::longbench__multi_news__row000127,longbench__qasper__row000051,longbench__multi_news__row000127,0.9889684705618731,0.9902237756494444,0.005842854487699389,0.024141940534244455
kvzap-predictor-trace-20260818T071658Z::longbench__qasper__row000051,kvzap-predictor-trace-20260818T072041Z::longbench__qmsum__row000042,longbench__qasper__row000051,longbench__qmsum__row000042,0.9793473189550472,0.9745473611570039,0.04270874915247058,0.06444854856469329
kvzap-predictor-trace-20260818T071658Z::longbench__qasper__row000051,kvzap-predictor-trace-20260818T072057Z::longbench__gov_report__row000180,longbench__qasper__row000051,longbench__gov_report__row000180,0.9957742067036891,0.9962250918615946,0.0072435612933107185,0.01100099630764162
kvzap-predictor-trace-20260818T071658Z::longbench__qasper__row000051,kvzap-predictor-trace-20260818T072113Z::longbench__multi_news__row000129,longbench__qasper__row000051,longbench__multi_news__row000129,0.9936663439606945,0.9924258019026054,0.0014713484164755597,0.0038411860149167865
kvzap-predictor-trace-20260818T071658Z::longbench__qasper__row000051,kvzap-predictor-trace-20260818T072129Z::longbench__multi_news__row000144,longbench__qasper__row000051,longbench__multi_news__row000144,0.9958566446506716,0.9937755305353853,0.006070997032221581,0.008152224637057781
kvzap-predictor-trace-20260818T071658Z::longbench__qasper__row000051,kvzap-predictor-trace-20260818T072147Z::longbench__qmsum__row000016,longbench__qasper__row000051,longbench__qmsum__row000016,0.9878320365471631,0.9837881084535354,0.022102395195120694,0.02097540752973759
kvzap-predictor-trace-20260818T071658Z::longbench__qasper__row000051,kvzap-predictor-trace-20260818T072204Z::longbench__qmsum__row000044,longbench__qasper__row000051,longbench__qmsum__row000044,0.9769216522062666,0.9676588029326318,0.06032209290022694,0.06409568001142052
kvzap-predictor-trace-20260818T071658Z::longbench__qasper__row000051,kvzap-predictor-trace-20260818T072221Z::longbench__gov_report__row000003,longbench__qasper__row000051,longbench__gov_report__row000003,0.9897727965618809,0.988603406357792,-0.003352073911036535,-0.008000505798665958
kvzap-predictor-trace-20260818T071658Z::longbench__qasper__row000051,kvzap-predictor-trace-20260818T072239Z::longbench__gov_report__row000057,longbench__qasper__row000051,longbench__gov_report__row000057,0.9925438667158413,0.9919708952774021,0.0073409088212159634,0.0035330455435692576
kvzap-predictor-trace-20260818T071658Z::longbench__qasper__row000051,kvzap-predictor-trace-20260818T072258Z::longbench__multi_news__row000073,longbench__qasper__row000051,longbench__multi_news__row000073,0.9746431332245361,0.9853734346106847,0.0030402016964516942,-0.005384792586820342
kvzap-predictor-trace-20260818T071658Z::longbench__qasper__row000051,kvzap-predictor-trace-20260818T072318Z::longbench__qmsum__row000010,longbench__qasper__row000051,longbench__qmsum__row000010,0.8829379622069752,0.9353570571277632,-0.0013899771427936525,-0.01043746594186179
kvzap-predictor-trace-20260818T071658Z::longbench__qasper__row000051,kvzap-predictor-trace-20260818T072338Z::longbench__qmsum__row000036,longbench__qasper__row000051,longbench__qmsum__row000036,0.9561945818570922,0.9696064581761019,0.012588943861753354,0.006184700605328608
kvzap-predictor-trace-20260818T071658Z::longbench__qasper__row000051,kvzap-predictor-trace-20260818T072355Z::longbench__2wikimqa__row000062,longbench__qasper__row000051,longbench__2wikimqa__row000062,0.9783726627197108,0.9845269120191009,0.00013374252886821925,0.011838848738016439
kvzap-predictor-trace-20260818T071658Z::longbench__qasper__row000051,kvzap-predictor-trace-20260818T072412Z::longbench__2wikimqa__row000089,longbench__qasper__row000051,longbench__2wikimqa__row000089,0.9825217319779064,0.9862708483085172,-0.0020481951352561145,0.005994715203946455
kvzap-predictor-trace-20260818T071658Z::longbench__qasper__row000051,kvzap-predictor-trace-20260818T072428Z::longbench__2wikimqa__row000106,longbench__qasper__row000051,longbench__2wikimqa__row000106,0.9669137219210912,0.9793392636389506,0.0029218957353118746,0.02079338982487311
kvzap-predictor-trace-20260818T071658Z::longbench__qasper__row000051,kvzap-predictor-trace-20260818T072443Z::longbench__2wikimqa__row000118,longbench__qasper__row000051,longbench__2wikimqa__row000118,0.9612719720033835,0.9731045720741722,-0.003038843629560417,0.02439363472018441
kvzap-predictor-trace-20260818T071658Z::longbench__qasper__row000051,kvzap-predictor-trace-20260818T072458Z::longbench__2wikimqa__row000134,longbench__qasper__row000051,longbench__2wikimqa__row000134,0.9828785303454848,0.985842267791413,0.0062727763786118995,0.015531808794179591
kvzap-predictor-trace-20260818T071658Z::longbench__qasper__row000051,kvzap-predictor-trace-20260818T072514Z::longbench__2wikimqa__row000055,longbench__qasper__row000051,longbench__2wikimqa__row000055,0.9860483932730504,0.98714098657416,0.006230563647094733,0.011930998966774409
kvzap-predictor-trace-20260818T071658Z::longbench__qasper__row000051,kvzap-predictor-trace-20260818T072530Z::longbench__2wikimqa__row000167,longbench__qasper__row000051,longbench__2wikimqa__row000167,0.9811944761415793,0.983392198165682,0.01507758525951508,0.019881061740567585
kvzap-predictor-trace-20260818T071658Z::longbench__qasper__row000051,kvzap-predictor-trace-20260818T072546Z::longbench__musique__row000068,longbench__qasper__row000051,longbench__musique__row000068,0.9917260077922244,0.9853779600858885,0.003636869821855515,0.0020030044649552714
kvzap-predictor-trace-20260818T071658Z::longbench__qasper__row000051,kvzap-predictor-trace-20260818T072604Z::longbench__musique__row000135,longbench__qasper__row000051,longbench__musique__row000135,0.9911152562181488,0.9870175725381203,-1.7776308526173956e-05,-0.003379642061093646
kvzap-predictor-trace-20260818T071658Z::longbench__qasper__row000051,kvzap-predictor-trace-20260818T072622Z::longbench__musique__row000191,longbench__qasper__row000051,longbench__musique__row000191,0.9905407031631442,0.986080425842377,0.0004219844577124654,-0.0034774053480981504
kvzap-predictor-trace-20260818T071658Z::longbench__qasper__row000051,kvzap-predictor-trace-20260818T072640Z::longbench__2wikimqa__row000017,longbench__qasper__row000051,longbench__2wikimqa__row000017,0.9937326964398978,0.9909856679973132,-0.0017438751047036405,-0.0061734264237998104
kvzap-predictor-trace-20260818T071658Z::longbench__qasper__row000051,kvzap-predictor-trace-20260818T072657Z::longbench__2wikimqa__row000083,longbench__qasper__row000051,longbench__2wikimqa__row000083,0.9915685978482774,0.99188284649555,0.0017512595800595054,-0.0024436181373996835
kvzap-predictor-trace-20260818T071658Z::longbench__qasper__row000051,kvzap-predictor-trace-20260818T072715Z::longbench__2wikimqa__row000124,longbench__qasper__row000051,longbench__2wikimqa__row000124,0.9926419145249602,0.9907081700861387,-0.008639978732971731,-0.012783125333774459
kvzap-predictor-trace-20260818T071658Z::longbench__qasper__row000051,kvzap-predictor-trace-20260818T072733Z::longbench__musique__row000052,longbench__qasper__row000051,longbench__musique__row000052,0.9911345590476426,0.9869087703734054,0.005721554583416055,-0.0005784285314193172
kvzap-predictor-trace-20260818T071658Z::longbench__qasper__row000051,kvzap-predictor-trace-20260818T072754Z::longbench__musique__row000155,longbench__qasper__row000051,longbench__musique__row000155,0.9785789272315993,0.9841917866840779,-0.019895952955667262,-0.02916300894893875
kvzap-predictor-trace-20260818T071714Z::longbench__qasper__row000070,kvzap-predictor-trace-20260818T071731Z::longbench__qasper__row000072,longbench__qasper__row000070,longbench__qasper__row000072,0.9970911839625877,0.9968625597156375,-0.013153134044475823,-0.015917790746635685
kvzap-predictor-trace-20260818T071714Z::longbench__qasper__row000070,kvzap-predictor-trace-20260818T071748Z::longbench__qasper__row000077,longbench__qasper__row000070,longbench__qasper__row000077,0.9943526856426638,0.9954292105205804,-0.0005757032068979262,4.4842140348166915e-05
kvzap-predictor-trace-20260818T071714Z::longbench__qasper__row000070,kvzap-predictor-trace-20260818T071806Z::longbench__narrativeqa__row000002,longbench__qasper__row000070,longbench__narrativeqa__row000002,0.9883587383980957,0.9854221121473353,-0.009411220597059455,-0.014713430261041105
kvzap-predictor-trace-20260818T071714Z::longbench__qasper__row000070,kvzap-predictor-trace-20260818T071824Z::longbench__narrativeqa__row000003,longbench__qasper__row000070,longbench__narrativeqa__row000003,0.9870452680803469,0.9865778391625458,0.0033319958901144586,-0.002564359768440716
kvzap-predictor-trace-20260818T071714Z::longbench__qasper__row000070,kvzap-predictor-trace-20260818T071844Z::longbench__narrativeqa__row000005,longbench__qasper__row000070,longbench__narrativeqa__row000005,0.9746129150646822,0.9803275983937741,-0.013757440102058593,-0.023023676965525763
kvzap-predictor-trace-20260818T071714Z::longbench__qasper__row000070,kvzap-predictor-trace-20260818T071904Z::longbench__qasper__row000016,longbench__qasper__row000070,longbench__qasper__row000016,0.9572031335916962,0.9805225747336126,-0.028064914554531306,-0.038390792340155744
kvzap-predictor-trace-20260818T071714Z::longbench__qasper__row000070,kvzap-predictor-trace-20260818T071923Z::longbench__qasper__row000073,longbench__qasper__row000070,longbench__qasper__row000073,0.9853051522890253,0.9930482345148934,-0.013583942154316908,-0.020502832935050952
kvzap-predictor-trace-20260818T071714Z::longbench__qasper__row000070,kvzap-predictor-trace-20260818T071940Z::longbench__gov_report__row000096,longbench__qasper__row000070,longbench__gov_report__row000096,0.9852045048406145,0.9888677386470787,-0.004558436741093019,0.012900972709576464
kvzap-predictor-trace-20260818T071714Z::longbench__qasper__row000070,kvzap-predictor-trace-20260818T071955Z::longbench__gov_report__row000109,longbench__qasper__row000070,longbench__gov_report__row000109,0.9827308485376179,0.9865758463993517,-0.008379831289752726,0.006720876278509369
kvzap-predictor-trace-20260818T071714Z::longbench__qasper__row000070,kvzap-predictor-trace-20260818T072011Z::longbench__multi_news__row000054,longbench__qasper__row000070,longbench__multi_news__row000054,0.9887306140299742,0.989048464041421,-0.005161391462947362,0.01690381939677199
kvzap-predictor-trace-20260818T071714Z::longbench__qasper__row000070,kvzap-predictor-trace-20260818T072026Z::longbench__multi_news__row000127,longbench__qasper__row000070,longbench__multi_news__row000127,0.9874211204058274,0.9890878831098939,0.0012287446485639286,0.018441477299784625
kvzap-predictor-trace-20260818T071714Z::longbench__qasper__row000070,kvzap-predictor-trace-20260818T072041Z::longbench__qmsum__row000042,longbench__qasper__row000070,longbench__qmsum__row000042,0.9797005132323939,0.9774891421859008,0.03809463931333512,0.05874808533023346
kvzap-predictor-trace-20260818T071714Z::longbench__qasper__row000070,kvzap-predictor-trace-20260818T072057Z::longbench__gov_report__row000180,longbench__qasper__row000070,longbench__gov_report__row000180,0.9923398232744377,0.9939754142778535,0.002629451454175258,0.00530053307318179
kvzap-predictor-trace-20260818T071714Z::longbench__qasper__row000070,kvzap-predictor-trace-20260818T072113Z::longbench__multi_news__row000129,longbench__qasper__row000070,longbench__multi_news__row000129,0.9947448259646142,0.9933347857928083,-0.003142761422659901,-0.001859277219543043
kvzap-predictor-trace-20260818T071714Z::longbench__qasper__row000070,kvzap-predictor-trace-20260818T072129Z::longbench__multi_news__row000144,longbench__qasper__row000070,longbench__multi_news__row000144,0.9924064944613435,0.9923488207504867,0.0014568871930861205,0.0024517614025979517
kvzap-predictor-trace-20260818T071714Z::longbench__qasper__row000070,kvzap-predictor-trace-20260818T072147Z::longbench__qmsum__row000016,longbench__qasper__row000070,longbench__qmsum__row000016,0.9849341518957377,0.9845240783594619,0.017488285355985234,0.01527494429527776
kvzap-predictor-trace-20260818T071714Z::longbench__qasper__row000070,kvzap-predictor-trace-20260818T072204Z::longbench__qmsum__row000044,longbench__qasper__row000070,longbench__qmsum__row000044,0.9774961405744562,0.9724579535332306,0.05570798306109148,0.05839521677696069
kvzap-predictor-trace-20260818T071714Z::longbench__qasper__row000070,kvzap-predictor-trace-20260818T072221Z::longbench__gov_report__row000003,longbench__qasper__row000070,longbench__gov_report__row000003,0.9905816861251819,0.988322340872309,-0.007966183750171996,-0.013700969033125787
kvzap-predictor-trace-20260818T071714Z::longbench__qasper__row000070,kvzap-predictor-trace-20260818T072239Z::longbench__gov_report__row000057,longbench__qasper__row000070,longbench__gov_report__row000057,0.9921006850867141,0.992375666407036,0.0027267989820805028,-0.002167417690890572
kvzap-predictor-trace-20260818T071714Z::longbench__qasper__row000070,kvzap-predictor-trace-20260818T072258Z::longbench__multi_news__row000073,longbench__qasper__row000070,longbench__multi_news__row000073,0.9734718938591926,0.9866080892477891,-0.0015739081426837664,-0.011085255821280171
kvzap-predictor-trace-20260818T071714Z::longbench__qasper__row000070,kvzap-predictor-trace-20260818T072318Z::longbench__qmsum__row000010,longbench__qasper__row000070,longbench__qmsum__row000010,0.876791252038954,0.9381953982658491,-0.006004086981929113,-0.01613792917632162
kvzap-predictor-trace-20260818T071714Z::longbench__qasper__row000070,kvzap-predictor-trace-20260818T072338Z::longbench__qmsum__row000036,longbench__qasper__row000070,longbench__qmsum__row000036,0.9514331538053459,0.9714163087053914,0.007974834022617894,0.0004842373708687786
kvzap-predictor-trace-20260818T071714Z::longbench__qasper__row000070,kvzap-predictor-trace-20260818T072355Z::longbench__2wikimqa__row000062,longbench__qasper__row000070,longbench__2wikimqa__row000062,0.9837168924009647,0.9872867696753514,-0.0044803673102672414,0.006138385503556609
kvzap-predictor-trace-20260818T071714Z::longbench__qasper__row000070,kvzap-predictor-trace-20260818T072412Z::longbench__2wikimqa__row000089,longbench__qasper__row000070,longbench__2wikimqa__row000089,0.9849753211031858,0.9871087582377475,-0.006662304974391575,0.00029425196948662524
kvzap-predictor-trace-20260818T071714Z::longbench__qasper__row000070,kvzap-predictor-trace-20260818T072428Z::longbench__2wikimqa__row000106,longbench__qasper__row000070,longbench__2wikimqa__row000106,0.9745522102210942,0.9832671119269977,-0.001692214103823586,0.01509292659041328
kvzap-predictor-trace-20260818T071714Z::longbench__qasper__row000070,kvzap-predictor-trace-20260818T072443Z::longbench__2wikimqa__row000118,longbench__qasper__row000070,longbench__2wikimqa__row000118,0.9703845206894075,0.9780659697422002,-0.007652953468695878,0.01869317148572458
kvzap-predictor-trace-20260818T071714Z::longbench__qasper__row000070,kvzap-predictor-trace-20260818T072458Z::longbench__2wikimqa__row000134,longbench__qasper__row000070,longbench__2wikimqa__row000134,0.9868301805760713,0.9883759352175101,0.0016586665394764388,0.009831345559719762
kvzap-predictor-trace-20260818T071714Z::longbench__qasper__row000070,kvzap-predictor-trace-20260818T072514Z::longbench__2wikimqa__row000055,longbench__qasper__row000070,longbench__2wikimqa__row000055,0.9895893667286655,0.9892657686877652,0.0016164538079592727,0.006230535732314579
kvzap-predictor-trace-20260818T071714Z::longbench__qasper__row000070,kvzap-predictor-trace-20260818T072530Z::longbench__2wikimqa__row000167,longbench__qasper__row000070,longbench__2wikimqa__row000167,0.9870382880071249,0.9871817856453541,0.01046347542037962,0.014180598506107756
kvzap-predictor-trace-20260818T071714Z::longbench__qasper__row000070,kvzap-predictor-trace-20260818T072546Z::longbench__musique__row000068,longbench__qasper__row000070,longbench__musique__row000068,0.9954474732005346,0.9896927211729786,-0.0009772400172799456,-0.003697458769504558
kvzap-predictor-trace-20260818T071714Z::longbench__qasper__row000070,kvzap-predictor-trace-20260818T072604Z::longbench__musique__row000135,longbench__qasper__row000070,longbench__musique__row000135,0.9948977773412245,0.9910994464458072,-0.004631886147661635,-0.009080105295553476
kvzap-predictor-trace-20260818T071714Z::longbench__qasper__row000070,kvzap-predictor-trace-20260818T072622Z::longbench__musique__row000191,longbench__qasper__row000070,longbench__musique__row000191,0.9946441919007374,0.9905036115316179,-0.004192125381422995,-0.00917786858255798
kvzap-predictor-trace-20260818T071714Z::longbench__qasper__row000070,kvzap-predictor-trace-20260818T072640Z::longbench__2wikimqa__row000017,longbench__qasper__row000070,longbench__2wikimqa__row000017,0.9959536704261086,0.9927508901530068,-0.006357984943839101,-0.01187388965825964
kvzap-predictor-trace-20260818T071714Z::longbench__qasper__row000070,kvzap-predictor-trace-20260818T072657Z::longbench__2wikimqa__row000083,longbench__qasper__row000070,longbench__2wikimqa__row000083,0.9954612671023659,0.993834640680805,-0.0028628502590759553,-0.008144081371859513
kvzap-predictor-trace-20260818T071714Z::longbench__qasper__row000070,kvzap-predictor-trace-20260818T072715Z::longbench__2wikimqa__row000124,longbench__qasper__row000070,longbench__2wikimqa__row000124,0.9943139797737907,0.9915482989236555,-0.013254088572107192,-0.018483588568234288
kvzap-predictor-trace-20260818T071714Z::longbench__qasper__row000070,kvzap-predictor-trace-20260818T072733Z::longbench__musique__row000052,longbench__qasper__row000070,longbench__musique__row000052,0.9951817153495272,0.9911175258355718,0.0011074447442805946,-0.0062788917658791465
kvzap-predictor-trace-20260818T071714Z::longbench__qasper__row000070,kvzap-predictor-trace-20260818T072754Z::longbench__musique__row000155,longbench__qasper__row000070,longbench__musique__row000155,0.9804402361542417,0.9855310637690524,-0.024510062794802723,-0.03486347218339858
kvzap-predictor-trace-20260818T071731Z::longbench__qasper__row000072,kvzap-predictor-trace-20260818T071748Z::longbench__qasper__row000077,longbench__qasper__row000072,longbench__qasper__row000077,0.993746062569019,0.9937148942334312,0.012577430837577896,0.015962632886983852
kvzap-predictor-trace-20260818T071731Z::longbench__qasper__row000072,kvzap-predictor-trace-20260818T071806Z::longbench__narrativeqa__row000002,longbench__qasper__row000072,longbench__narrativeqa__row000002,0.9887650986550115,0.9844974502642424,0.0037419134474163673,0.00120436048559458
kvzap-predictor-trace-20260818T071731Z::longbench__qasper__row000072,kvzap-predictor-trace-20260818T071824Z::longbench__narrativeqa__row000003,longbench__qasper__row000072,longbench__narrativeqa__row000003,0.9903596345190545,0.9859022242521538,0.01648512993459028,0.013353430978194969
kvzap-predictor-trace-20260818T071731Z::longbench__qasper__row000072,kvzap-predictor-trace-20260818T071844Z::longbench__narrativeqa__row000005,longbench__qasper__row000072,longbench__narrativeqa__row000005,0.9816036711704513,0.9818906067801063,-0.0006043060575827708,-0.007105886218890078
kvzap-predictor-trace-20260818T071731Z::longbench__qasper__row000072,kvzap-predictor-trace-20260818T071904Z::longbench__qasper__row000016,longbench__qasper__row000072,longbench__qasper__row000016,0.9619749959664047,0.9830234080688368,-0.014911780510055483,-0.02247300159352006
kvzap-predictor-trace-20260818T071731Z::longbench__qasper__row000072,kvzap-predictor-trace-20260818T071923Z::longbench__qasper__row000073,longbench__qasper__row000072,longbench__qasper__row000073,0.9882580403722939,0.9945883121839983,-0.0004308081098410854,-0.004585042188415267
kvzap-predictor-trace-20260818T071731Z::longbench__qasper__row000072,kvzap-predictor-trace-20260818T071940Z::longbench__gov_report__row000096,longbench__qasper__row000072,longbench__gov_report__row000096,0.9831277749413994,0.9865514414797638,0.008594697303382803,0.02881876345621215
kvzap-predictor-trace-20260818T071731Z::longbench__qasper__row000072,kvzap-predictor-trace-20260818T071955Z::longbench__gov_report__row000109,longbench__qasper__row000072,longbench__gov_report__row000109,0.982030550632512,0.9847648532668233,0.004773302754723097,0.022638667025145054
kvzap-predictor-trace-20260818T071731Z::longbench__qasper__row000072,kvzap-predictor-trace-20260818T072011Z::longbench__multi_news__row000054,longbench__qasper__row000072,longbench__multi_news__row000054,0.985335254431649,0.9845125477110348,0.00799174258152846,0.032821610143407676
kvzap-predictor-trace-20260818T071731Z::longbench__qasper__row000072,kvzap-predictor-trace-20260818T072026Z::longbench__multi_news__row000127,longbench__qasper__row000072,longbench__multi_news__row000127,0.9859335859151372,0.9867922737322271,0.014381878693039751,0.03435926804642031
kvzap-predictor-trace-20260818T071731Z::longbench__qasper__row000072,kvzap-predictor-trace-20260818T072041Z::longbench__qmsum__row000042,longbench__qasper__row000072,longbench__qmsum__row000042,0.9739846338096049,0.9708153207185143,0.051247773357810944,0.07466587607686914
kvzap-predictor-trace-20260818T071731Z::longbench__qasper__row000072,kvzap-predictor-trace-20260818T072057Z::longbench__gov_report__row000180,longbench__qasper__row000072,longbench__gov_report__row000180,0.9940319301252514,0.9941854978349384,0.01578258549865108,0.021218323819817475
kvzap-predictor-trace-20260818T071731Z::longbench__qasper__row000072,kvzap-predictor-trace-20260818T072113Z::longbench__multi_news__row000129,longbench__qasper__row000072,longbench__multi_news__row000129,0.9954523614364823,0.9924528879180801,0.010010372621815922,0.014058513527092642
kvzap-predictor-trace-20260818T071731Z::longbench__qasper__row000072,kvzap-predictor-trace-20260818T072129Z::longbench__multi_news__row000144,longbench__qasper__row000072,longbench__multi_news__row000144,0.9954987402805007,0.9922568651157969,0.014610021237561943,0.018369552149233637
kvzap-predictor-trace-20260818T071731Z::longbench__qasper__row000072,kvzap-predictor-trace-20260818T072147Z::longbench__qmsum__row000016,longbench__qasper__row000072,longbench__qmsum__row000016,0.9863401354687524,0.9830721938542861,0.030641419400461056,0.031192735041913444
kvzap-predictor-trace-20260818T071731Z::longbench__qasper__row000072,kvzap-predictor-trace-20260818T072204Z::longbench__qmsum__row000044,longbench__qasper__row000072,longbench__qmsum__row000044,0.9744137690890368,0.9671829344576771,0.0688611171055673,0.07431300752359637
kvzap-predictor-trace-20260818T071731Z::longbench__qasper__row000072,kvzap-predictor-trace-20260818T072221Z::longbench__gov_report__row000003,longbench__qasper__row000072,longbench__gov_report__row000003,0.993338995545363,0.9899606133938619,0.005186950294303827,0.0022168217135098978
kvzap-predictor-trace-20260818T071731Z::longbench__qasper__row000072,kvzap-predictor-trace-20260818T072239Z::longbench__gov_report__row000057,longbench__qasper__row000072,longbench__gov_report__row000057,0.9950789406402075,0.9935986790588629,0.015879933026556325,0.013750373055745113
kvzap-predictor-trace-20260818T071731Z::longbench__qasper__row000072,kvzap-predictor-trace-20260818T072258Z::longbench__multi_news__row000073,longbench__qasper__row000072,longbench__multi_news__row000073,0.976659966415104,0.9863790514519006,0.011579225901792056,0.004832534925355514
kvzap-predictor-trace-20260818T071731Z::longbench__qasper__row000072,kvzap-predictor-trace-20260818T072318Z::longbench__qmsum__row000010,longbench__qasper__row000072,longbench__qmsum__row000010,0.8865606442528021,0.9412895974857066,0.0071490470625467095,-0.00022013842968593433
kvzap-predictor-trace-20260818T071731Z::longbench__qasper__row000072,kvzap-predictor-trace-20260818T072338Z::longbench__qmsum__row000036,longbench__qasper__row000072,longbench__qmsum__row000036,0.9572926296308881,0.9724357992942343,0.021127968067093716,0.016402028117504464
kvzap-predictor-trace-20260818T071731Z::longbench__qasper__row000072,kvzap-predictor-trace-20260818T072355Z::longbench__2wikimqa__row000062,longbench__qasper__row000072,longbench__2wikimqa__row000062,0.9780848996276083,0.9835201631910914,0.008672766734208581,0.022056176250192294
kvzap-predictor-trace-20260818T071731Z::longbench__qasper__row000072,kvzap-predictor-trace-20260818T072412Z::longbench__2wikimqa__row000089,longbench__qasper__row000072,longbench__2wikimqa__row000089,0.9821235726180594,0.9843667641557812,0.0064908290700842475,0.01621204271612231
kvzap-predictor-trace-20260818T071731Z::longbench__qasper__row000072,kvzap-predictor-trace-20260818T072428Z::longbench__2wikimqa__row000106,longbench__qasper__row000072,longbench__2wikimqa__row000106,0.9653733588002799,0.9772734792345328,0.011460919940652237,0.031010717337048965
kvzap-predictor-trace-20260818T071731Z::longbench__qasper__row000072,kvzap-predictor-trace-20260818T072443Z::longbench__2wikimqa__row000118,longbench__qasper__row000072,longbench__2wikimqa__row000118,0.9595383976508816,0.9718825035024036,0.005500180575779945,0.034610962232360265
kvzap-predictor-trace-20260818T071731Z::longbench__qasper__row000072,kvzap-predictor-trace-20260818T072458Z::longbench__2wikimqa__row000134,longbench__qasper__row000072,longbench__2wikimqa__row000134,0.9820282586254477,0.9847768897466802,0.014811800583952262,0.025749136306355447
kvzap-predictor-trace-20260818T071731Z::longbench__qasper__row000072,kvzap-predictor-trace-20260818T072514Z::longbench__2wikimqa__row000055,longbench__qasper__row000072,longbench__2wikimqa__row000055,0.985358065156825,0.9859419996133931,0.014769587852435095,0.022148326478950264
kvzap-predictor-trace-20260818T071731Z::longbench__qasper__row000072,kvzap-predictor-trace-20260818T072530Z::longbench__2wikimqa__row000167,longbench__qasper__row000072,longbench__2wikimqa__row000167,0.9809332147831016,0.982900872498601,0.023616609464855443,0.03009838925274344
kvzap-predictor-trace-20260818T071731Z::longbench__qasper__row000072,kvzap-predictor-trace-20260818T072546Z::longbench__musique__row000068,longbench__qasper__row000072,longbench__musique__row000068,0.9928965573127448,0.9889205505297981,0.012175894027195877,0.012220331977131127
kvzap-predictor-trace-20260818T071731Z::longbench__qasper__row000072,kvzap-predictor-trace-20260818T072604Z::longbench__musique__row000135,longbench__qasper__row000072,longbench__musique__row000135,0.9926560822910699,0.9901399267534116,0.008521247896814188,0.006837685451082209
kvzap-predictor-trace-20260818T071731Z::longbench__qasper__row000072,kvzap-predictor-trace-20260818T072622Z::longbench__musique__row000191,longbench__qasper__row000072,longbench__musique__row000191,0.9924956018884538,0.9897464488113275,0.008961008663052827,0.006739922164077705
kvzap-predictor-trace-20260818T071731Z::longbench__qasper__row000072,kvzap-predictor-trace-20260818T072640Z::longbench__2wikimqa__row000017,longbench__qasper__row000072,longbench__2wikimqa__row000017,0.9956023089395848,0.9920717284982212,0.0067951491006367215,0.004043901088376045
kvzap-predictor-trace-20260818T071731Z::longbench__qasper__row000072,kvzap-predictor-trace-20260818T072657Z::longbench__2wikimqa__row000083,longbench__qasper__row000072,longbench__2wikimqa__row000083,0.99409950090977,0.992575524284337,0.010290283785399867,0.007773709374776172
kvzap-predictor-trace-20260818T071731Z::longbench__qasper__row000072,kvzap-predictor-trace-20260818T072715Z::longbench__2wikimqa__row000124,longbench__qasper__row000072,longbench__2wikimqa__row000124,0.9947440331351397,0.9913636289570598,-0.00010095452763136947,-0.0025657978215986033
kvzap-predictor-trace-20260818T071731Z::longbench__qasper__row000072,kvzap-predictor-trace-20260818T072733Z::longbench__musique__row000052,longbench__qasper__row000072,longbench__musique__row000052,0.9935957731184526,0.9900946951463088,0.014260578788756417,0.009638898980756538
kvzap-predictor-trace-20260818T071731Z::longbench__qasper__row000072,kvzap-predictor-trace-20260818T072754Z::longbench__musique__row000155,longbench__qasper__row000072,longbench__musique__row000155,0.9835592951726794,0.9869271332223949,-0.0113569287503269,-0.018945681436762896
kvzap-predictor-trace-20260818T071748Z::longbench__qasper__row000077,kvzap-predictor-trace-20260818T071806Z::longbench__narrativeqa__row000002,longbench__qasper__row000077,longbench__narrativeqa__row000002,0.9839710242863898,0.9849628529025009,-0.00883551739016153,-0.014758272401389272
kvzap-predictor-trace-20260818T071748Z::longbench__qasper__row000077,kvzap-predictor-trace-20260818T071824Z::longbench__narrativeqa__row000003,longbench__qasper__row000077,longbench__narrativeqa__row000003,0.9809439587781905,0.9858906188984292,0.003907699097012385,-0.002609201908788883
kvzap-predictor-trace-20260818T071748Z::longbench__qasper__row000077,kvzap-predictor-trace-20260818T071844Z::longbench__narrativeqa__row000005,longbench__qasper__row000077,longbench__narrativeqa__row000005,0.9640797114743939,0.9795250790055741,-0.013181736895160667,-0.02306851910587393
kvzap-predictor-trace-20260818T071748Z::longbench__qasper__row000077,kvzap-predictor-trace-20260818T071904Z::longbench__qasper__row000016,longbench__qasper__row000077,longbench__qasper__row000016,0.9330969037148977,0.9683279253579676,-0.02748921134763338,-0.03843563448050391
kvzap-predictor-trace-20260818T071748Z::longbench__qasper__row000077,kvzap-predictor-trace-20260818T071923Z::longbench__qasper__row000073,longbench__qasper__row000077,longbench__qasper__row000073,0.97231839614986,0.9863645056446428,-0.013008238947418982,-0.02054767507539912
kvzap-predictor-trace-20260818T071748Z::longbench__qasper__row000077,kvzap-predictor-trace-20260818T071940Z::longbench__gov_report__row000096,longbench__qasper__row000077,longbench__gov_report__row000096,0.9957912397279713,0.9961169490592785,-0.003982733534195093,0.012856130569228297
kvzap-predictor-trace-20260818T071748Z::longbench__qasper__row000077,kvzap-predictor-trace-20260818T071955Z::longbench__gov_report__row000109,longbench__qasper__row000077,longbench__gov_report__row000109,0.9950759278941238,0.9954946823910257,-0.0078041280828548,0.006676034138161202
kvzap-predictor-trace-20260818T071748Z::longbench__qasper__row000077,kvzap-predictor-trace-20260818T072011Z::longbench__multi_news__row000054,longbench__qasper__row000077,longbench__multi_news__row000054,0.9938805976197218,0.9934152768287758,-0.004585688256049436,0.016858977256423824
kvzap-predictor-trace-20260818T071748Z::longbench__qasper__row000077,kvzap-predictor-trace-20260818T072026Z::longbench__multi_news__row000127,longbench__qasper__row000077,longbench__multi_news__row000127,0.9940029621039383,0.9912360085559859,0.0018044478554618548,0.01839663515943646
kvzap-predictor-trace-20260818T071748Z::longbench__qasper__row000077,kvzap-predictor-trace-20260818T072041Z::longbench__qmsum__row000042,longbench__qasper__row000077,longbench__qmsum__row000042,0.9819208087650305,0.976758958150392,0.03867034252023305,0.05870324318988529
kvzap-predictor-trace-20260818T071748Z::longbench__qasper__row000077,kvzap-predictor-trace-20260818T072057Z::longbench__gov_report__row000180,longbench__qasper__row000077,longbench__gov_report__row000180,0.9957798540666933,0.9960171618379281,0.003205154661073184,0.005255690932833623
kvzap-predictor-trace-20260818T071748Z::longbench__qasper__row000077,kvzap-predictor-trace-20260818T072113Z::longbench__multi_news__row000129,longbench__qasper__row000077,longbench__multi_news__row000129,0.9954658380186941,0.993746984926513,-0.002567058215761975,-0.0019041193598912098
kvzap-predictor-trace-20260818T071748Z::longbench__qasper__row000077,kvzap-predictor-trace-20260818T072129Z::longbench__multi_news__row000144,longbench__qasper__row000077,longbench__multi_news__row000144,0.9933152943309752,0.9933907458914654,0.0020325903999840467,0.002406919262249785
kvzap-predictor-trace-20260818T071748Z::longbench__qasper__row000077,kvzap-predictor-trace-20260818T072147Z::longbench__qmsum__row000016,longbench__qasper__row000077,longbench__qmsum__row000016,0.9792058469648459,0.9824730636278642,0.01806398856288316,0.015230102154929592
kvzap-predictor-trace-20260818T071748Z::longbench__qasper__row000077,kvzap-predictor-trace-20260818T072204Z::longbench__qmsum__row000044,longbench__qasper__row000077,longbench__qmsum__row000044,0.9681234423470987,0.9646611994780883,0.05628368626798941,0.05835037463661252
kvzap-predictor-trace-20260818T071748Z::longbench__qasper__row000077,kvzap-predictor-trace-20260818T072221Z::longbench__gov_report__row000003,longbench__qasper__row000077,longbench__gov_report__row000003,0.9839251025764085,0.9881801488674838,-0.0073904805432740694,-0.013745811173473954
kvzap-predictor-trace-20260818T071748Z::longbench__qasper__row000077,kvzap-predictor-trace-20260818T072239Z::longbench__gov_report__row000057,longbench__qasper__row000077,longbench__gov_report__row000057,0.985468461719899,0.9899509961385415,0.003302502188978429,-0.0022122598312387387
kvzap-predictor-trace-20260818T071748Z::longbench__qasper__row000077,kvzap-predictor-trace-20260818T072258Z::longbench__multi_news__row000073,longbench__qasper__row000077,longbench__multi_news__row000073,0.9547251041100373,0.9782144140129849,-0.0009982049357858402,-0.011130097961628338
kvzap-predictor-trace-20260818T071748Z::longbench__qasper__row000077,kvzap-predictor-trace-20260818T072318Z::longbench__qmsum__row000010,longbench__qasper__row000077,longbench__qmsum__row000010,0.8448615314785339,0.9206630686791241,-0.005428383775031187,-0.016182771316669786
kvzap-predictor-trace-20260818T071748Z::longbench__qasper__row000077,kvzap-predictor-trace-20260818T072338Z::longbench__qmsum__row000036,longbench__qasper__row000077,longbench__qmsum__row000036,0.9316326799629733,0.9611335215472838,0.00855053722951582,0.0004393952305206117
kvzap-predictor-trace-20260818T071748Z::longbench__qasper__row000077,kvzap-predictor-trace-20260818T072355Z::longbench__2wikimqa__row000062,longbench__qasper__row000077,longbench__2wikimqa__row000062,0.99198412220392,0.9915639294135444,-0.0039046641033693152,0.006093543363208442
kvzap-predictor-trace-20260818T071748Z::longbench__qasper__row000077,kvzap-predictor-trace-20260818T072412Z::longbench__2wikimqa__row000089,longbench__qasper__row000077,longbench__2wikimqa__row000089,0.9943697458006426,0.9931090448561661,-0.006086601767493649,0.00024940982913845833
kvzap-predictor-trace-20260818T071748Z::longbench__qasper__row000077,kvzap-predictor-trace-20260818T072428Z::longbench__2wikimqa__row000106,longbench__qasper__row000077,longbench__2wikimqa__row000106,0.9836628729901801,0.9873316236725119,-0.0011165108969256599,0.015048084450065113
kvzap-predictor-trace-20260818T071748Z::longbench__qasper__row000077,kvzap-predictor-trace-20260818T072443Z::longbench__2wikimqa__row000118,longbench__qasper__row000077,longbench__2wikimqa__row000118,0.9784919993939819,0.9809059957317713,-0.007077250261797952,0.018648329345376413
kvzap-predictor-trace-20260818T071748Z::longbench__qasper__row000077,kvzap-predictor-trace-20260818T072458Z::longbench__2wikimqa__row000134,longbench__qasper__row000077,longbench__2wikimqa__row000134,0.9939541962244843,0.9913406702554162,0.002234369746374365,0.009786503419371595
kvzap-predictor-trace-20260818T071748Z::longbench__qasper__row000077,kvzap-predictor-trace-20260818T072514Z::longbench__2wikimqa__row000055,longbench__qasper__row000077,longbench__2wikimqa__row000055,0.9945345460691003,0.9922653104315006,0.002192157014857199,0.0061856935919664124
kvzap-predictor-trace-20260818T071748Z::longbench__qasper__row000077,kvzap-predictor-trace-20260818T072530Z::longbench__2wikimqa__row000167,longbench__qasper__row000077,longbench__2wikimqa__row000167,0.9918455329377562,0.9891739590842513,0.011039178627277546,0.014135756365759589
kvzap-predictor-trace-20260818T071748Z::longbench__qasper__row000077,kvzap-predictor-trace-20260818T072546Z::longbench__musique__row000068,longbench__qasper__row000077,longbench__musique__row000068,0.9911713184092644,0.9846703344268196,-0.0004015368103820194,-0.003742300909852725
kvzap-predictor-trace-20260818T071748Z::longbench__qasper__row000077,kvzap-predictor-trace-20260818T072604Z::longbench__musique__row000135,longbench__qasper__row000077,longbench__musique__row000135,0.9887627179469487,0.9859070490275497,-0.0040561829407637084,-0.009124947435901642
kvzap-predictor-trace-20260818T071748Z::longbench__qasper__row000077,kvzap-predictor-trace-20260818T072622Z::longbench__musique__row000191,longbench__qasper__row000077,longbench__musique__row000191,0.9879076590305512,0.9847920646185379,-0.003616422174525069,-0.009222710722906147
kvzap-predictor-trace-20260818T071748Z::longbench__qasper__row000077,kvzap-predictor-trace-20260818T072640Z::longbench__2wikimqa__row000017,longbench__qasper__row000077,longbench__2wikimqa__row000017,0.9944980145940346,0.9923713245380169,-0.005782281736941175,-0.011918731798607807
kvzap-predictor-trace-20260818T071748Z::longbench__qasper__row000077,kvzap-predictor-trace-20260818T072657Z::longbench__2wikimqa__row000083,longbench__qasper__row000077,longbench__2wikimqa__row000083,0.9914807787771592,0.993189152576605,-0.002287147052178029,-0.00818892351220768
kvzap-predictor-trace-20260818T071748Z::longbench__qasper__row000077,kvzap-predictor-trace-20260818T072715Z::longbench__2wikimqa__row000124,longbench__qasper__row000077,longbench__2wikimqa__row000124,0.9947134703390248,0.9928759964769874,-0.012678385365209266,-0.018528430708582455
kvzap-predictor-trace-20260818T071748Z::longbench__qasper__row000077,kvzap-predictor-trace-20260818T072733Z::longbench__musique__row000052,longbench__qasper__row000077,longbench__musique__row000052,0.986914448606576,0.9846811538431334,0.0016831479511785208,-0.0063237339062273135
kvzap-predictor-trace-20260818T071748Z::longbench__qasper__row000077,kvzap-predictor-trace-20260818T072754Z::longbench__musique__row000155,longbench__qasper__row000077,longbench__musique__row000155,0.965683314838857,0.9811157759328103,-0.023934359587904797,-0.03490831432374675
kvzap-predictor-trace-20260818T071806Z::longbench__narrativeqa__row000002,kvzap-predictor-trace-20260818T071824Z::longbench__narrativeqa__row000003,longbench__narrativeqa__row000002,longbench__narrativeqa__row000003,0.9882631074207486,0.9874162069003866,0.012743216487173914,0.012149070492600389
kvzap-predictor-trace-20260818T071806Z::longbench__narrativeqa__row000002,kvzap-predictor-trace-20260818T071844Z::longbench__narrativeqa__row000005,longbench__narrativeqa__row000002,longbench__narrativeqa__row000005,0.9798047831913834,0.9840321193214174,-0.004346219504999138,-0.008310246704484658
kvzap-predictor-trace-20260818T071806Z::longbench__narrativeqa__row000002,kvzap-predictor-trace-20260818T071904Z::longbench__qasper__row000016,longbench__narrativeqa__row000002,longbench__qasper__row000016,0.9588987745049073,0.9714819793831829,-0.01865369395747185,-0.02367736207911464
kvzap-predictor-trace-20260818T071806Z::longbench__narrativeqa__row000002,kvzap-predictor-trace-20260818T071923Z::longbench__qasper__row000073,longbench__narrativeqa__row000002,longbench__qasper__row000073,0.9784904842862099,0.9807419404557838,-0.004172721557257453,-0.005789402674009847
kvzap-predictor-trace-20260818T071806Z::longbench__narrativeqa__row000002,kvzap-predictor-trace-20260818T071940Z::longbench__gov_report__row000096,longbench__narrativeqa__row000002,longbench__gov_report__row000096,0.9737060134701964,0.9782000207287975,0.004852783855966436,0.02761440297061757
kvzap-predictor-trace-20260818T071806Z::longbench__narrativeqa__row000002,kvzap-predictor-trace-20260818T071955Z::longbench__gov_report__row000109,longbench__narrativeqa__row000002,longbench__gov_report__row000109,0.9715196290931786,0.9762712793114999,0.0010313893073067293,0.021434306539550474
kvzap-predictor-trace-20260818T071806Z::longbench__narrativeqa__row000002,kvzap-predictor-trace-20260818T072011Z::longbench__multi_news__row000054,longbench__narrativeqa__row000002,longbench__multi_news__row000054,0.9778573690289932,0.978734784465172,0.004249829134112093,0.031617249657813096
kvzap-predictor-trace-20260818T071806Z::longbench__narrativeqa__row000002,kvzap-predictor-trace-20260818T072026Z::longbench__multi_news__row000127,longbench__narrativeqa__row000002,longbench__multi_news__row000127,0.9745633647676518,0.9745190678243562,0.010639965245623384,0.03315490756082573
kvzap-predictor-trace-20260818T071806Z::longbench__narrativeqa__row000002,kvzap-predictor-trace-20260818T072041Z::longbench__qmsum__row000042,longbench__narrativeqa__row000002,longbench__qmsum__row000042,0.9687255568413442,0.971058324799606,0.04750585991039458,0.07346151559127456
kvzap-predictor-trace-20260818T071806Z::longbench__narrativeqa__row000002,kvzap-predictor-trace-20260818T072057Z::longbench__gov_report__row000180,longbench__narrativeqa__row000002,longbench__gov_report__row000180,0.9806410977097437,0.9802380491188447,0.012040672051234713,0.020013963334222895
kvzap-predictor-trace-20260818T071806Z::longbench__narrativeqa__row000002,kvzap-predictor-trace-20260818T072113Z::longbench__multi_news__row000129,longbench__narrativeqa__row000002,longbench__multi_news__row000129,0.9885029281491513,0.9861126046306731,0.006268459174399554,0.012854153041498062
kvzap-predictor-trace-20260818T071806Z::longbench__narrativeqa__row000002,kvzap-predictor-trace-20260818T072129Z::longbench__multi_news__row000144,longbench__narrativeqa__row000002,longbench__multi_news__row000144,0.9851037465111907,0.9845014611393499,0.010868107790145576,0.017165191663639057
kvzap-predictor-trace-20260818T071806Z::longbench__narrativeqa__row000002,kvzap-predictor-trace-20260818T072147Z::longbench__qmsum__row000016,longbench__narrativeqa__row000002,longbench__qmsum__row000016,0.9857969247518621,0.9851772464869045,0.02689950595304469,0.029988374556318864
kvzap-predictor-trace-20260818T071806Z::longbench__narrativeqa__row000002,kvzap-predictor-trace-20260818T072204Z::longbench__qmsum__row000044,longbench__narrativeqa__row000002,longbench__qmsum__row000044,0.9733319565605645,0.9684151522059263,0.06511920365815094,0.0731086470380018
kvzap-predictor-trace-20260818T071806Z::longbench__narrativeqa__row000002,kvzap-predictor-trace-20260818T072221Z::longbench__gov_report__row000003,longbench__narrativeqa__row000002,longbench__gov_report__row000003,0.9861754450758228,0.9816547346136257,0.0014450368468874597,0.0010124612279153178
kvzap-predictor-trace-20260818T071806Z::longbench__narrativeqa__row000002,kvzap-predictor-trace-20260818T072239Z::longbench__gov_report__row000057,longbench__narrativeqa__row000002,longbench__gov_report__row000057,0.9878990779552411,0.9861566220012989,0.012138019579139958,0.012546012570150533
kvzap-predictor-trace-20260818T071806Z::longbench__narrativeqa__row000002,kvzap-predictor-trace-20260818T072258Z::longbench__multi_news__row000073,longbench__narrativeqa__row000002,longbench__multi_news__row000073,0.9707650835466713,0.9802646052709145,0.007837312454375689,0.003628174439760934
kvzap-predictor-trace-20260818T071806Z::longbench__narrativeqa__row000002,kvzap-predictor-trace-20260818T072318Z::longbench__qmsum__row000010,longbench__narrativeqa__row000002,longbench__qmsum__row000010,0.8940234178298258,0.9414946686678125,0.003407133615130342,-0.0014244989152805143
kvzap-predictor-trace-20260818T071806Z::longbench__narrativeqa__row000002,kvzap-predictor-trace-20260818T072338Z::longbench__qmsum__row000036,longbench__narrativeqa__row000002,longbench__qmsum__row000036,0.9592524866485863,0.972996171144429,0.01738605461967735,0.015197667631909884
kvzap-predictor-trace-20260818T071806Z::longbench__narrativeqa__row000002,kvzap-predictor-trace-20260818T072355Z::longbench__2wikimqa__row000062,longbench__narrativeqa__row000002,longbench__2wikimqa__row000062,0.9742851947443181,0.9815756926647409,0.004930853286792214,0.020851815764597714
kvzap-predictor-trace-20260818T071806Z::longbench__narrativeqa__row000002,kvzap-predictor-trace-20260818T072412Z::longbench__2wikimqa__row000089,longbench__narrativeqa__row000002,longbench__2wikimqa__row000089,0.9764388437423268,0.9830943629877338,0.00274891562266788,0.01500768223052773
kvzap-predictor-trace-20260818T071806Z::longbench__narrativeqa__row000002,kvzap-predictor-trace-20260818T072428Z::longbench__2wikimqa__row000106,longbench__narrativeqa__row000002,longbench__2wikimqa__row000106,0.9645282884642049,0.9770692614269944,0.007719006493235869,0.029806356851454385
kvzap-predictor-trace-20260818T071806Z::longbench__narrativeqa__row000002,kvzap-predictor-trace-20260818T072443Z::longbench__2wikimqa__row000118,longbench__narrativeqa__row000002,longbench__2wikimqa__row000118,0.9592933554278572,0.9703247126639711,0.0017582671283635776,0.033406601746765685
kvzap-predictor-trace-20260818T071806Z::longbench__narrativeqa__row000002,kvzap-predictor-trace-20260818T072458Z::longbench__2wikimqa__row000134,longbench__narrativeqa__row000002,longbench__2wikimqa__row000134,0.975054353687113,0.9804168020425071,0.011069887136535894,0.024544775820760867
kvzap-predictor-trace-20260818T071806Z::longbench__narrativeqa__row000002,kvzap-predictor-trace-20260818T072514Z::longbench__2wikimqa__row000055,longbench__narrativeqa__row000002,longbench__2wikimqa__row000055,0.9814470066420009,0.9837879233403781,0.011027674405018728,0.020943965993355684
kvzap-predictor-trace-20260818T071806Z::longbench__narrativeqa__row000002,kvzap-predictor-trace-20260818T072530Z::longbench__2wikimqa__row000167,longbench__narrativeqa__row000002,longbench__2wikimqa__row000167,0.9778753587752729,0.9819524261203124,0.019874696017439075,0.02889402876714886
kvzap-predictor-trace-20260818T071806Z::longbench__narrativeqa__row000002,kvzap-predictor-trace-20260818T072546Z::longbench__musique__row000068,longbench__narrativeqa__row000002,longbench__musique__row000068,0.9885604649873851,0.9827763382038534,0.00843398057977951,0.011015971491536547
kvzap-predictor-trace-20260818T071806Z::longbench__narrativeqa__row000002,kvzap-predictor-trace-20260818T072604Z::longbench__musique__row000135,longbench__narrativeqa__row000002,longbench__musique__row000135,0.9893331821644563,0.9851775900471136,0.004779334449397821,0.005633324965487629
kvzap-predictor-trace-20260818T071806Z::longbench__narrativeqa__row000002,kvzap-predictor-trace-20260818T072622Z::longbench__musique__row000191,longbench__narrativeqa__row000002,longbench__musique__row000191,0.988769665596878,0.9846122598354669,0.00521909521563646,0.005535561678483125
kvzap-predictor-trace-20260818T071806Z::longbench__narrativeqa__row000002,kvzap-predictor-trace-20260818T072640Z::longbench__2wikimqa__row000017,longbench__narrativeqa__row000002,longbench__2wikimqa__row000017,0.9887151708616345,0.9880013225490837,0.003053235653220354,0.002839540602781465
kvzap-predictor-trace-20260818T071806Z::longbench__narrativeqa__row000002,kvzap-predictor-trace-20260818T072657Z::longbench__2wikimqa__row000083,longbench__narrativeqa__row000002,longbench__2wikimqa__row000083,0.9890933202250509,0.9896611089748168,0.0065483703379835,0.006569348889181592
kvzap-predictor-trace-20260818T071806Z::longbench__narrativeqa__row000002,kvzap-predictor-trace-20260818T072715Z::longbench__2wikimqa__row000124,longbench__narrativeqa__row000002,longbench__2wikimqa__row000124,0.9860539480748971,0.9864415077245879,-0.003842867975047737,-0.0037701583071931832
kvzap-predictor-trace-20260818T071806Z::longbench__narrativeqa__row000002,kvzap-predictor-trace-20260818T072733Z::longbench__musique__row000052,longbench__narrativeqa__row000002,longbench__musique__row000052,0.9876339439361269,0.9827290081517496,0.01051866534134005,0.008434538495161958
kvzap-predictor-trace-20260818T071806Z::longbench__narrativeqa__row000002,kvzap-predictor-trace-20260818T072754Z::longbench__musique__row000155,longbench__narrativeqa__row000002,longbench__musique__row000155,0.980704685705829,0.9845904436135263,-0.015098842197743267,-0.020150041922357476
kvzap-predictor-trace-20260818T071824Z::longbench__narrativeqa__row000003,kvzap-predictor-trace-20260818T071844Z::longbench__narrativeqa__row000005,longbench__narrativeqa__row000003,longbench__narrativeqa__row000005,0.9922504327593856,0.9942339580626565,-0.017089435992173052,-0.020459317197085047
kvzap-predictor-trace-20260818T071824Z::longbench__narrativeqa__row000003,kvzap-predictor-trace-20260818T071904Z::longbench__qasper__row000016,longbench__narrativeqa__row000003,longbench__qasper__row000016,0.9706735296150848,0.9771189248308356,-0.031396910444645765,-0.03582643257171503
kvzap-predictor-trace-20260818T071824Z::longbench__narrativeqa__row000003,kvzap-predictor-trace-20260818T071923Z::longbench__qasper__row000073,longbench__narrativeqa__row000003,longbench__qasper__row000073,0.9886145099284541,0.9871191828483276,-0.016915938044431367,-0.017938473166610236
kvzap-predictor-trace-20260818T071824Z::longbench__narrativeqa__row000003,kvzap-predictor-trace-20260818T071940Z::longbench__gov_report__row000096,longbench__narrativeqa__row000003,longbench__gov_report__row000096,0.9688976250879058,0.9801161973555897,-0.007890432631207478,0.01546533247801718
kvzap-predictor-trace-20260818T071824Z::longbench__narrativeqa__row000003,kvzap-predictor-trace-20260818T071955Z::longbench__gov_report__row000109,longbench__narrativeqa__row000003,longbench__gov_report__row000109,0.9668831976492023,0.9781761555515137,-0.011711827179867185,0.009285236046950085
kvzap-predictor-trace-20260818T071824Z::longbench__narrativeqa__row000003,kvzap-predictor-trace-20260818T072011Z::longbench__multi_news__row000054,longbench__narrativeqa__row000003,longbench__multi_news__row000054,0.9763292586369438,0.9816776120790389,-0.008493387353061821,0.019468179165212707
kvzap-predictor-trace-20260818T071824Z::longbench__narrativeqa__row000003,kvzap-predictor-trace-20260818T072026Z::longbench__multi_news__row000127,longbench__narrativeqa__row000003,longbench__multi_news__row000127,0.976593852542499,0.9781845199360187,-0.00210325124155053,0.02100583706822534
kvzap-predictor-trace-20260818T071824Z::longbench__narrativeqa__row000003,kvzap-predictor-trace-20260818T072041Z::longbench__qmsum__row000042,longbench__narrativeqa__row000003,longbench__qmsum__row000042,0.9695484345347568,0.9739581418686196,0.03476264342322066,0.06131244509867417
kvzap-predictor-trace-20260818T071824Z::longbench__narrativeqa__row000003,kvzap-predictor-trace-20260818T072057Z::longbench__gov_report__row000180,longbench__narrativeqa__row000003,longbench__gov_report__row000180,0.9845078174620278,0.9859541409878122,-0.0007025444359392008,0.007864892841622506
kvzap-predictor-trace-20260818T071824Z::longbench__narrativeqa__row000003,kvzap-predictor-trace-20260818T072113Z::longbench__multi_news__row000129,longbench__narrativeqa__row000003,longbench__multi_news__row000129,0.9857104750732324,0.983296310310148,-0.00647475731277436,0.0007050825488976731
kvzap-predictor-trace-20260818T071824Z::longbench__narrativeqa__row000003,kvzap-predictor-trace-20260818T072129Z::longbench__multi_news__row000144,longbench__narrativeqa__row000003,longbench__multi_news__row000144,0.991095552549794,0.9881010370622471,-0.0018751086970283382,0.005016121171038668
kvzap-predictor-trace-20260818T071824Z::longbench__narrativeqa__row000003,kvzap-predictor-trace-20260818T072147Z::longbench__qmsum__row000016,longbench__narrativeqa__row000003,longbench__qmsum__row000016,0.9928218369264036,0.99142911455277,0.014156289465870775,0.017839304063718475
kvzap-predictor-trace-20260818T071824Z::longbench__narrativeqa__row000003,kvzap-predictor-trace-20260818T072204Z::longbench__qmsum__row000044,longbench__narrativeqa__row000003,longbench__qmsum__row000044,0.9801565628562233,0.9727661003779081,0.05237598717097702,0.060959576545401406
kvzap-predictor-trace-20260818T071824Z::longbench__narrativeqa__row000003,kvzap-predictor-trace-20260818T072221Z::longbench__gov_report__row000003,longbench__narrativeqa__row000003,longbench__gov_report__row000003,0.9919406116173454,0.9866632940024396,-0.011298179640286454,-0.011136609264685071
kvzap-predictor-trace-20260818T071824Z::longbench__narrativeqa__row000003,kvzap-predictor-trace-20260818T072239Z::longbench__gov_report__row000057,longbench__narrativeqa__row000003,longbench__gov_report__row000057,0.9936949865171792,0.9889011010185826,-0.0006051969080339559,0.0003969420775501442
kvzap-predictor-trace-20260818T071824Z::longbench__narrativeqa__row000003,kvzap-predictor-trace-20260818T072258Z::longbench__multi_news__row000073,longbench__narrativeqa__row000003,longbench__multi_news__row000073,0.9853040075854014,0.9867167991425985,-0.004905904032798225,-0.008520896052839455
kvzap-predictor-trace-20260818T071824Z::longbench__narrativeqa__row000003,kvzap-predictor-trace-20260818T072318Z::longbench__qmsum__row000010,longbench__narrativeqa__row000003,longbench__qmsum__row000010,0.9154560495816807,0.9535650878633265,-0.009336082872043572,-0.013573569407880903
kvzap-predictor-trace-20260818T071824Z::longbench__narrativeqa__row000003,kvzap-predictor-trace-20260818T072338Z::longbench__qmsum__row000036,longbench__narrativeqa__row000003,longbench__qmsum__row000036,0.9756402112708377,0.9830719850704058,0.004642838132503435,0.0030485971393094946
kvzap-predictor-trace-20260818T071824Z::longbench__narrativeqa__row000003,kvzap-predictor-trace-20260818T072355Z::longbench__2wikimqa__row000062,longbench__narrativeqa__row000003,longbench__2wikimqa__row000062,0.9625529596223357,0.9735823579075084,-0.0078123632003817,0.008702745271997325
kvzap-predictor-trace-20260818T071824Z::longbench__narrativeqa__row000003,kvzap-predictor-trace-20260818T072412Z::longbench__2wikimqa__row000089,longbench__narrativeqa__row000003,longbench__2wikimqa__row000089,0.9696669837939497,0.9769331315649025,-0.009994300864506034,0.0028586117379273412
kvzap-predictor-trace-20260818T071824Z::longbench__narrativeqa__row000003,kvzap-predictor-trace-20260818T072428Z::longbench__2wikimqa__row000106,longbench__narrativeqa__row000003,longbench__2wikimqa__row000106,0.9497004738447693,0.9676483163827801,-0.005024209993938045,0.017657286358853996
kvzap-predictor-trace-20260818T071824Z::longbench__narrativeqa__row000003,kvzap-predictor-trace-20260818T072443Z::longbench__2wikimqa__row000118,longbench__narrativeqa__row000003,longbench__2wikimqa__row000118,0.9439168599273883,0.9601665311405971,-0.010984949358810336,0.021257531254165296
kvzap-predictor-trace-20260818T071824Z::longbench__narrativeqa__row000003,kvzap-predictor-trace-20260818T072458Z::longbench__2wikimqa__row000134,longbench__narrativeqa__row000003,longbench__2wikimqa__row000134,0.9678470284217259,0.9739287631393463,-0.0016733293506380198,0.012395705328160478
kvzap-predictor-trace-20260818T071824Z::longbench__narrativeqa__row000003,kvzap-predictor-trace-20260818T072514Z::longbench__2wikimqa__row000055,longbench__narrativeqa__row000003,longbench__2wikimqa__row000055,0.9753759391612096,0.9778533696042722,-0.0017155420821551859,0.008794895500755295
kvzap-predictor-trace-20260818T071824Z::longbench__narrativeqa__row000003,kvzap-predictor-trace-20260818T072530Z::longbench__2wikimqa__row000167,longbench__narrativeqa__row000003,longbench__2wikimqa__row000167,0.969301838334698,0.9735384932846093,0.007131479530265161,0.01674495827454847
kvzap-predictor-trace-20260818T071824Z::longbench__narrativeqa__row000003,kvzap-predictor-trace-20260818T072546Z::longbench__musique__row000068,longbench__narrativeqa__row000003,longbench__musique__row000068,0.987400366443067,0.9758721882194498,-0.004309235907394404,-0.001133099001063842
kvzap-predictor-trace-20260818T071824Z::longbench__narrativeqa__row000003,kvzap-predictor-trace-20260818T072604Z::longbench__musique__row000135,longbench__narrativeqa__row000003,longbench__musique__row000135,0.9891398845028717,0.9790985487232057,-0.007963882037776093,-0.0065157455271127596
kvzap-predictor-trace-20260818T071824Z::longbench__narrativeqa__row000003,kvzap-predictor-trace-20260818T072622Z::longbench__musique__row000191,longbench__narrativeqa__row000003,longbench__musique__row000191,0.9885595662952708,0.9783432977840194,-0.007524121271537454,-0.006613508814117264
kvzap-predictor-trace-20260818T071824Z::longbench__narrativeqa__row000003,kvzap-predictor-trace-20260818T072640Z::longbench__2wikimqa__row000017,longbench__narrativeqa__row000003,longbench__2wikimqa__row000017,0.9894133579226719,0.9844810239383328,-0.00968998083395356,-0.009309529889818924
kvzap-predictor-trace-20260818T071824Z::longbench__narrativeqa__row000003,kvzap-predictor-trace-20260818T072657Z::longbench__2wikimqa__row000083,longbench__narrativeqa__row000003,longbench__2wikimqa__row000083,0.9881348243690101,0.9874846566937547,-0.006194846149190414,-0.005579721603418797
kvzap-predictor-trace-20260818T071824Z::longbench__narrativeqa__row000003,kvzap-predictor-trace-20260818T072715Z::longbench__2wikimqa__row000124,longbench__narrativeqa__row000003,longbench__2wikimqa__row000124,0.9867679698204831,0.9834943593016089,-0.01658608446222165,-0.015919228799793572
kvzap-predictor-trace-20260818T071824Z::longbench__narrativeqa__row000003,kvzap-predictor-trace-20260818T072733Z::longbench__musique__row000052,longbench__narrativeqa__row000003,longbench__musique__row000052,0.9901795424456203,0.9789973880525541,-0.002224551145833864,-0.0037145319974384305
kvzap-predictor-trace-20260818T071824Z::longbench__narrativeqa__row000003,kvzap-predictor-trace-20260818T072754Z::longbench__musique__row000155,longbench__narrativeqa__row000003,longbench__musique__row000155,0.9880221860239802,0.9857503257789173,-0.02784205868491718,-0.032299112414957865
kvzap-predictor-trace-20260818T071844Z::longbench__narrativeqa__row000005,kvzap-predictor-trace-20260818T071904Z::longbench__qasper__row000016,longbench__narrativeqa__row000005,longbench__qasper__row000016,0.9834387397120632,0.9820890907320321,-0.014307474452472713,-0.01536711537462998
kvzap-predictor-trace-20260818T071844Z::longbench__narrativeqa__row000005,kvzap-predictor-trace-20260818T071923Z::longbench__qasper__row000073,longbench__narrativeqa__row000005,longbench__qasper__row000073,0.9885650926582783,0.9852965684018696,0.00017349794774168537,0.0025208440304748114
kvzap-predictor-trace-20260818T071844Z::longbench__narrativeqa__row000005,kvzap-predictor-trace-20260818T071940Z::longbench__gov_report__row000096,longbench__narrativeqa__row000005,longbench__gov_report__row000096,0.9460712909147422,0.9724087274439648,0.009199003360965574,0.03592464967510223
kvzap-predictor-trace-20260818T071844Z::longbench__narrativeqa__row000005,kvzap-predictor-trace-20260818T071955Z::longbench__gov_report__row000109,longbench__narrativeqa__row000005,longbench__gov_report__row000109,0.9445856247161848,0.9714636172959418,0.005377608812305867,0.029744553244035132
kvzap-predictor-trace-20260818T071844Z::longbench__narrativeqa__row000005,kvzap-predictor-trace-20260818T072011Z::longbench__multi_news__row000054,longbench__narrativeqa__row000005,longbench__multi_news__row000054,0.9534296989454203,0.9713916897111904,0.008596048639111231,0.039927496362297754
kvzap-predictor-trace-20260818T071844Z::longbench__narrativeqa__row000005,kvzap-predictor-trace-20260818T072026Z::longbench__multi_news__row000127,longbench__narrativeqa__row000005,longbench__multi_news__row000127,0.9550954045441252,0.9680027206654017,0.014986184750622522,0.04146515426531039
kvzap-predictor-trace-20260818T071844Z::longbench__narrativeqa__row000005,kvzap-predictor-trace-20260818T072041Z::longbench__qmsum__row000042,longbench__narrativeqa__row000005,longbench__qmsum__row000042,0.9411930114361401,0.9574991702070169,0.051852079415393715,0.08177176229575922
kvzap-predictor-trace-20260818T071844Z::longbench__narrativeqa__row000005,kvzap-predictor-trace-20260818T072057Z::longbench__gov_report__row000180,longbench__narrativeqa__row000005,longbench__gov_report__row000180,0.9685600361111117,0.9800021264157569,0.01638689155623385,0.028324210038707553
kvzap-predictor-trace-20260818T071844Z::longbench__narrativeqa__row000005,kvzap-predictor-trace-20260818T072113Z::longbench__multi_news__row000129,longbench__narrativeqa__row000005,longbench__multi_news__row000129,0.9711016612009988,0.9790303751913372,0.010614678679398692,0.02116439974598272
kvzap-predictor-trace-20260818T071844Z::longbench__narrativeqa__row000005,kvzap-predictor-trace-20260818T072129Z::longbench__multi_news__row000144,longbench__narrativeqa__row000005,longbench__multi_news__row000144,0.9782398446174236,0.9834807050019495,0.015214327295144714,0.025475438368123715
kvzap-predictor-trace-20260818T071844Z::longbench__narrativeqa__row000005,kvzap-predictor-trace-20260818T072147Z::longbench__qmsum__row000016,longbench__narrativeqa__row000005,longbench__qmsum__row000016,0.980341770584839,0.982021247462801,0.031245725458043827,0.03829862126080352
kvzap-predictor-trace-20260818T071844Z::longbench__narrativeqa__row000005,kvzap-predictor-trace-20260818T072204Z::longbench__qmsum__row000044,longbench__narrativeqa__row000005,longbench__qmsum__row000044,0.9618600411465094,0.958109696980599,0.06946542316315008,0.08141889374248645
kvzap-predictor-trace-20260818T071844Z::longbench__narrativeqa__row000005,kvzap-predictor-trace-20260818T072221Z::longbench__gov_report__row000003,longbench__narrativeqa__row000005,longbench__gov_report__row000003,0.9902051801239246,0.9896554098980751,0.005791256351886598,0.009322707932399976
kvzap-predictor-trace-20260818T071844Z::longbench__narrativeqa__row000005,kvzap-predictor-trace-20260818T072239Z::longbench__gov_report__row000057,longbench__narrativeqa__row000005,longbench__gov_report__row000057,0.9901658359252005,0.9890457561200692,0.016484239084139096,0.02085625927463519
kvzap-predictor-trace-20260818T071844Z::longbench__narrativeqa__row000005,kvzap-predictor-trace-20260818T072258Z::longbench__multi_news__row000073,longbench__narrativeqa__row000005,longbench__multi_news__row000073,0.9920872684006303,0.9900478437288468,0.012183531959374827,0.011938421144245592
kvzap-predictor-trace-20260818T071844Z::longbench__narrativeqa__row000005,kvzap-predictor-trace-20260818T072318Z::longbench__qmsum__row000010,longbench__narrativeqa__row000005,longbench__qmsum__row000010,0.9303035957797603,0.9543474657270891,0.00775335312012948,0.006885747789204144
kvzap-predictor-trace-20260818T071844Z::longbench__narrativeqa__row000005,kvzap-predictor-trace-20260818T072338Z::longbench__qmsum__row000036,longbench__narrativeqa__row000005,longbench__qmsum__row000036,0.9775176664536901,0.9790267061756854,0.021732274124676487,0.023507914336394542
kvzap-predictor-trace-20260818T071844Z::longbench__narrativeqa__row000005,kvzap-predictor-trace-20260818T072355Z::longbench__2wikimqa__row000062,longbench__narrativeqa__row000005,longbench__2wikimqa__row000062,0.9372038144360403,0.9656841744074152,0.009277072791791352,0.029162062469082373
kvzap-predictor-trace-20260818T071844Z::longbench__narrativeqa__row000005,kvzap-predictor-trace-20260818T072412Z::longbench__2wikimqa__row000089,longbench__narrativeqa__row000005,longbench__2wikimqa__row000089,0.9463305409175258,0.9706793435682342,0.007095135127667018,0.02331792893501239
kvzap-predictor-trace-20260818T071844Z::longbench__narrativeqa__row000005,kvzap-predictor-trace-20260818T072428Z::longbench__2wikimqa__row000106,longbench__narrativeqa__row000005,longbench__2wikimqa__row000106,0.9192382347528205,0.9573028619485843,0.012065225998235007,0.038116603555939044
kvzap-predictor-trace-20260818T071844Z::longbench__narrativeqa__row000005,kvzap-predictor-trace-20260818T072443Z::longbench__2wikimqa__row000118,longbench__narrativeqa__row000005,longbench__2wikimqa__row000118,0.9122550847452018,0.9492614873035922,0.006104486633362716,0.04171684845125034
kvzap-predictor-trace-20260818T071844Z::longbench__narrativeqa__row000005,kvzap-predictor-trace-20260818T072458Z::longbench__2wikimqa__row000134,longbench__narrativeqa__row000005,longbench__2wikimqa__row000134,0.9430771270381098,0.9659347007807566,0.015416106641535032,0.032855022525245525
kvzap-predictor-trace-20260818T071844Z::longbench__narrativeqa__row000005,kvzap-predictor-trace-20260818T072514Z::longbench__2wikimqa__row000055,longbench__narrativeqa__row000005,longbench__2wikimqa__row000055,0.952727892203866,0.9710299783992946,0.015373893910017866,0.029254212697840343
kvzap-predictor-trace-20260818T071844Z::longbench__narrativeqa__row000005,kvzap-predictor-trace-20260818T072530Z::longbench__2wikimqa__row000167,longbench__narrativeqa__row000005,longbench__2wikimqa__row000167,0.9446387761605378,0.9656493086181183,0.024220915522438213,0.03720427547163352
kvzap-predictor-trace-20260818T071844Z::longbench__narrativeqa__row000005,kvzap-predictor-trace-20260818T072546Z::longbench__musique__row000068,longbench__narrativeqa__row000005,longbench__musique__row000068,0.9717766515065317,0.9696677534707514,0.012780200084778648,0.019326218196021205
kvzap-predictor-trace-20260818T071844Z::longbench__narrativeqa__row000005,kvzap-predictor-trace-20260818T072604Z::longbench__musique__row000135,longbench__narrativeqa__row000005,longbench__musique__row000135,0.9760354086560014,0.9739445608308716,0.009125553954396959,0.013943571669972288
kvzap-predictor-trace-20260818T071844Z::longbench__narrativeqa__row000005,kvzap-predictor-trace-20260818T072622Z::longbench__musique__row000191,longbench__narrativeqa__row000005,longbench__musique__row000191,0.9765903787071756,0.9740912746457926,0.009565314720635598,0.013845808382967784
kvzap-predictor-trace-20260818T071844Z::longbench__narrativeqa__row000005,kvzap-predictor-trace-20260818T072640Z::longbench__2wikimqa__row000017,longbench__narrativeqa__row000005,longbench__2wikimqa__row000017,0.9779476578125709,0.9833118211405708,0.007399455158219492,0.011149787307266124
kvzap-predictor-trace-20260818T071844Z::longbench__narrativeqa__row000005,kvzap-predictor-trace-20260818T072657Z::longbench__2wikimqa__row000083,longbench__narrativeqa__row000005,longbench__2wikimqa__row000083,0.9786194106963366,0.9861038110527239,0.010894589842982638,0.01487959559366625
kvzap-predictor-trace-20260818T071844Z::longbench__narrativeqa__row000005,kvzap-predictor-trace-20260818T072715Z::longbench__2wikimqa__row000124,longbench__narrativeqa__row000005,longbench__2wikimqa__row000124,0.9761871217594322,0.9833018675367348,0.0005033515299514013,0.004540088397291475
kvzap-predictor-trace-20260818T071844Z::longbench__narrativeqa__row000005,kvzap-predictor-trace-20260818T072733Z::longbench__musique__row000052,longbench__narrativeqa__row000005,longbench__musique__row000052,0.9824763087150298,0.9771372729457568,0.014864884846339188,0.016744785199646617
kvzap-predictor-trace-20260818T071844Z::longbench__narrativeqa__row000005,kvzap-predictor-trace-20260818T072754Z::longbench__musique__row000155,longbench__narrativeqa__row000005,longbench__musique__row000155,0.9938973469387546,0.9919151761027285,-0.01075262269274413,-0.011839795217872817
kvzap-predictor-trace-20260818T071904Z::longbench__qasper__row000016,kvzap-predictor-trace-20260818T071923Z::longbench__qasper__row000073,longbench__qasper__row000016,longbench__qasper__row000073,0.9860548751993742,0.9924150997518869,0.014480972400214398,0.017887959405104792
kvzap-predictor-trace-20260818T071904Z::longbench__qasper__row000016,kvzap-predictor-trace-20260818T071940Z::longbench__gov_report__row000096,longbench__qasper__row000016,longbench__gov_report__row000096,0.9062271576475739,0.9546514287312823,0.023506477813438287,0.05129176504973221
kvzap-predictor-trace-20260818T071904Z::longbench__qasper__row000016,kvzap-predictor-trace-20260818T071955Z::longbench__gov_report__row000109,longbench__qasper__row000016,longbench__gov_report__row000109,0.9039161859050184,0.9518042429892466,0.01968508326477858,0.04511166861866511
kvzap-predictor-trace-20260818T071904Z::longbench__qasper__row000016,kvzap-predictor-trace-20260818T072011Z::longbench__multi_news__row000054,longbench__qasper__row000016,longbench__multi_news__row000054,0.9261471178776668,0.9568630835438043,0.022903523091583944,0.055294611736927735
kvzap-predictor-trace-20260818T071904Z::longbench__qasper__row000016,kvzap-predictor-trace-20260818T072026Z::longbench__multi_news__row000127,longbench__qasper__row000016,longbench__multi_news__row000127,0.9217736651937188,0.9589715041127903,0.029293659203095235,0.05683226963994037
kvzap-predictor-trace-20260818T071904Z::longbench__qasper__row000016,kvzap-predictor-trace-20260818T072041Z::longbench__qmsum__row000042,longbench__qasper__row000016,longbench__qmsum__row000042,0.9141768899422984,0.9451856889476407,0.06615955386786643,0.0971388776703892
kvzap-predictor-trace-20260818T071904Z::longbench__qasper__row000016,kvzap-predictor-trace-20260818T072057Z::longbench__gov_report__row000180,longbench__qasper__row000016,longbench__gov_report__row000180,0.9380168385072635,0.9708708923982342,0.030694366008706564,0.043691325413337534
kvzap-predictor-trace-20260818T071904Z::longbench__qasper__row000016,kvzap-predictor-trace-20260818T072113Z::longbench__multi_news__row000129,longbench__qasper__row000016,longbench__multi_news__row000129,0.9446203502694887,0.9704493401287161,0.024922153131871405,0.0365315151206127
kvzap-predictor-trace-20260818T071904Z::longbench__qasper__row000016,kvzap-predictor-trace-20260818T072129Z::longbench__multi_news__row000144,longbench__qasper__row000016,longbench__multi_news__row000144,0.9512294352023108,0.9721848297965506,0.029521801747617427,0.040842553742753696
kvzap-predictor-trace-20260818T071904Z::longbench__qasper__row000016,kvzap-predictor-trace-20260818T072147Z::longbench__qmsum__row000016,longbench__qasper__row000016,longbench__qmsum__row000016,0.9660637640093308,0.9708385715666931,0.04555319991051654,0.0536657366354335
kvzap-predictor-trace-20260818T071904Z::longbench__qasper__row000016,kvzap-predictor-trace-20260818T072204Z::longbench__qmsum__row000044,longbench__qasper__row000016,longbench__qmsum__row000044,0.950218075210867,0.9543603379235877,0.08377289761562279,0.09678600911711643
kvzap-predictor-trace-20260818T071904Z::longbench__qasper__row000016,kvzap-predictor-trace-20260818T072221Z::longbench__gov_report__row000003,longbench__qasper__row000016,longbench__gov_report__row000003,0.9734785454021627,0.9827629544905452,0.02009873080435931,0.024689823307029957
kvzap-predictor-trace-20260818T071904Z::longbench__qasper__row000016,kvzap-predictor-trace-20260818T072239Z::longbench__gov_report__row000057,longbench__qasper__row000016,longbench__gov_report__row000057,0.974259602062008,0.9849881219713806,0.03079171353661181,0.03622337464926517
kvzap-predictor-trace-20260818T071904Z::longbench__qasper__row000016,kvzap-predictor-trace-20260818T072258Z::longbench__multi_news__row000073,longbench__qasper__row000016,longbench__multi_news__row000073,0.9943503492808085,0.9930789539199041,0.02649100641184754,0.027305536518875573
kvzap-predictor-trace-20260818T071904Z::longbench__qasper__row000016,kvzap-predictor-trace-20260818T072318Z::longbench__qmsum__row000010,longbench__qasper__row000016,longbench__qmsum__row000010,0.9657446023863969,0.9720645724785512,0.022060827572602193,0.022252863163834125
kvzap-predictor-trace-20260818T071904Z::longbench__qasper__row000016,kvzap-predictor-trace-20260818T072338Z::longbench__qmsum__row000036,longbench__qasper__row000016,longbench__qmsum__row000036,0.9860809808417249,0.981775766008383,0.0360397485771492,0.03887502971102452
kvzap-predictor-trace-20260818T071904Z::longbench__qasper__row000016,kvzap-predictor-trace-20260818T072355Z::longbench__2wikimqa__row000062,longbench__qasper__row000016,longbench__2wikimqa__row000062,0.9002026093889204,0.9517647381646824,0.023584547244264065,0.04452917784371235
kvzap-predictor-trace-20260818T071904Z::longbench__qasper__row000016,kvzap-predictor-trace-20260818T072412Z::longbench__2wikimqa__row000089,longbench__qasper__row000016,longbench__2wikimqa__row000089,0.9069444715930955,0.9530088158322734,0.02140260958013973,0.03868504430964237
kvzap-predictor-trace-20260818T071904Z::longbench__qasper__row000016,kvzap-predictor-trace-20260818T072428Z::longbench__2wikimqa__row000106,longbench__qasper__row000016,longbench__2wikimqa__row000106,0.8825061731898981,0.9440692899177625,0.02637270045070772,0.053483718930569024
kvzap-predictor-trace-20260818T071904Z::longbench__qasper__row000016,kvzap-predictor-trace-20260818T072443Z::longbench__2wikimqa__row000118,longbench__qasper__row000016,longbench__2wikimqa__row000118,0.8767937302984702,0.9382367463276204,0.02041196108583543,0.057083963825880324
kvzap-predictor-trace-20260818T071904Z::longbench__qasper__row000016,kvzap-predictor-trace-20260818T072458Z::longbench__2wikimqa__row000134,longbench__qasper__row000016,longbench__2wikimqa__row000134,0.9076495571197054,0.9547953812422492,0.029723581094007745,0.048222137899875506
kvzap-predictor-trace-20260818T071904Z::longbench__qasper__row000016,kvzap-predictor-trace-20260818T072514Z::longbench__2wikimqa__row000055,longbench__qasper__row000016,longbench__2wikimqa__row000055,0.9199782781478962,0.958362671164444,0.02968136836249058,0.04462132807247032
kvzap-predictor-trace-20260818T071904Z::longbench__qasper__row000016,kvzap-predictor-trace-20260818T072530Z::longbench__2wikimqa__row000167,longbench__qasper__row000016,longbench__2wikimqa__row000167,0.9121927420589754,0.955011576883791,0.038528389974910926,0.0525713908462635
kvzap-predictor-trace-20260818T071904Z::longbench__qasper__row000016,kvzap-predictor-trace-20260818T072546Z::longbench__musique__row000068,longbench__qasper__row000016,longbench__musique__row000068,0.9536832832813745,0.9728874205833843,0.02708767453725136,0.034693333570651186
kvzap-predictor-trace-20260818T071904Z::longbench__qasper__row000016,kvzap-predictor-trace-20260818T072604Z::longbench__musique__row000135,longbench__qasper__row000016,longbench__musique__row000135,0.9603337309415345,0.9766777391805668,0.02343302840686967,0.029310687044602268
kvzap-predictor-trace-20260818T071904Z::longbench__qasper__row000016,kvzap-predictor-trace-20260818T072622Z::longbench__musique__row000191,longbench__qasper__row000016,longbench__musique__row000191,0.9620047659300724,0.9777125248174761,0.02387278917310831,0.029212923757597764
kvzap-predictor-trace-20260818T071904Z::longbench__qasper__row000016,kvzap-predictor-trace-20260818T072640Z::longbench__2wikimqa__row000017,longbench__qasper__row000016,longbench__2wikimqa__row000017,0.9520787621701827,0.975458552537797,0.021706929610692205,0.026516902681896104
kvzap-predictor-trace-20260818T071904Z::longbench__qasper__row000016,kvzap-predictor-trace-20260818T072657Z::longbench__2wikimqa__row000083,longbench__qasper__row000016,longbench__2wikimqa__row000083,0.9550455358833785,0.9768604773519303,0.02520206429545535,0.03024671096829623
kvzap-predictor-trace-20260818T071904Z::longbench__qasper__row000016,kvzap-predictor-trace-20260818T072715Z::longbench__2wikimqa__row000124,longbench__qasper__row000016,longbench__2wikimqa__row000124,0.947346471790185,0.9733351071208147,0.014810825982424114,0.019907203771921456
kvzap-predictor-trace-20260818T071904Z::longbench__qasper__row000016,kvzap-predictor-trace-20260818T072733Z::longbench__musique__row000052,longbench__qasper__row000016,longbench__musique__row000052,0.9661303925798607,0.9802242034503835,0.0291723592988119,0.0321119005742766
kvzap-predictor-trace-20260818T071904Z::longbench__qasper__row000016,kvzap-predictor-trace-20260818T072754Z::longbench__musique__row000155,longbench__qasper__row000016,longbench__musique__row000155,0.9853392134850808,0.9883801874294341,0.0035548517597285834,0.0035273201567571633
kvzap-predictor-trace-20260818T071923Z::longbench__qasper__row000073,kvzap-predictor-trace-20260818T071940Z::longbench__gov_report__row000096,longbench__qasper__row000073,longbench__gov_report__row000096,0.953266461525036,0.9759627590197729,0.009025505413223889,0.033403805644627416
kvzap-predictor-trace-20260818T071923Z::longbench__qasper__row000073,kvzap-predictor-trace-20260818T071955Z::longbench__gov_report__row000109,longbench__qasper__row000073,longbench__gov_report__row000109,0.9527132170854199,0.9740113251936052,0.005204110864564182,0.02722370921356032
kvzap-predictor-trace-20260818T071923Z::longbench__qasper__row000073,kvzap-predictor-trace-20260818T072011Z::longbench__multi_news__row000054,longbench__qasper__row000073,longbench__multi_news__row000054,0.9671083881748861,0.9778304694136987,0.008422550691369546,0.03740665233182294
kvzap-predictor-trace-20260818T071923Z::longbench__qasper__row000073,kvzap-predictor-trace-20260818T072026Z::longbench__multi_news__row000127,longbench__qasper__row000073,longbench__multi_news__row000127,0.9638466222588126,0.9788380603244061,0.014812686802880837,0.03894431023483558
kvzap-predictor-trace-20260818T071923Z::longbench__qasper__row000073,kvzap-predictor-trace-20260818T072041Z::longbench__qmsum__row000042,longbench__qasper__row000073,longbench__qmsum__row000042,0.9557467354362017,0.9661469362089868,0.05167858146765203,0.07925091826528441
kvzap-predictor-trace-20260818T071923Z::longbench__qasper__row000073,kvzap-predictor-trace-20260818T072057Z::longbench__gov_report__row000180,longbench__qasper__row000073,longbench__gov_report__row000180,0.9764787009588737,0.9881540269421198,0.016213393608492166,0.025803366008232742
kvzap-predictor-trace-20260818T071923Z::longbench__qasper__row000073,kvzap-predictor-trace-20260818T072113Z::longbench__multi_news__row000129,longbench__qasper__row000073,longbench__multi_news__row000129,0.9752608391391068,0.9845499629130838,0.010441180731657007,0.01864355571550791
kvzap-predictor-trace-20260818T071923Z::longbench__qasper__row000073,kvzap-predictor-trace-20260818T072129Z::longbench__multi_news__row000144,longbench__qasper__row000073,longbench__multi_news__row000144,0.981049881259833,0.9866225778206049,0.015040829347403029,0.022954594337648904
kvzap-predictor-trace-20260818T071923Z::longbench__qasper__row000073,kvzap-predictor-trace-20260818T072147Z::longbench__qmsum__row000016,longbench__qasper__row000073,longbench__qmsum__row000016,0.9868441602692491,0.984246391527917,0.03107222751030214,0.03577777723032871
kvzap-predictor-trace-20260818T071923Z::longbench__qasper__row000073,kvzap-predictor-trace-20260818T072204Z::longbench__qmsum__row000044,longbench__qasper__row000073,longbench__qmsum__row000044,0.9725700093014837,0.9680668765449999,0.06929192521540839,0.07889804971201164
kvzap-predictor-trace-20260818T071923Z::longbench__qasper__row000073,kvzap-predictor-trace-20260818T072221Z::longbench__gov_report__row000003,longbench__qasper__row000073,longbench__gov_report__row000003,0.9880823360492329,0.9890541102090626,0.0056177584041449125,0.006801863901925165
kvzap-predictor-trace-20260818T071923Z::longbench__qasper__row000073,kvzap-predictor-trace-20260818T072239Z::longbench__gov_report__row000057,longbench__qasper__row000073,longbench__gov_report__row000057,0.9911707829114293,0.9928313041905352,0.01631074113639741,0.01833541524416038
kvzap-predictor-trace-20260818T071923Z::longbench__qasper__row000073,kvzap-predictor-trace-20260818T072258Z::longbench__multi_news__row000073,longbench__qasper__row000073,longbench__multi_news__row000073,0.9931640822219543,0.9931546727945999,0.012010034011633142,0.009417577113770781
kvzap-predictor-trace-20260818T071923Z::longbench__qasper__row000073,kvzap-predictor-trace-20260818T072318Z::longbench__qmsum__row000010,longbench__qasper__row000073,longbench__qmsum__row000010,0.93141349127083,0.9594419015972051,0.007579855172387795,0.004364903758729333
kvzap-predictor-trace-20260818T071923Z::longbench__qasper__row000073,kvzap-predictor-trace-20260818T072338Z::longbench__qmsum__row000036,longbench__qasper__row000073,longbench__qmsum__row000036,0.9805728219098679,0.9824391280709586,0.021558776176934802,0.02098707030591973
kvzap-predictor-trace-20260818T071923Z::longbench__qasper__row000073,kvzap-predictor-trace-20260818T072355Z::longbench__2wikimqa__row000062,longbench__qasper__row000073,longbench__2wikimqa__row000062,0.944820168017689,0.9708924222067568,0.009103574844049667,0.02664121843860756
kvzap-predictor-trace-20260818T071923Z::longbench__qasper__row000073,kvzap-predictor-trace-20260818T072412Z::longbench__2wikimqa__row000089,longbench__qasper__row000073,longbench__2wikimqa__row000089,0.9523530863245222,0.9728626448717205,0.006921637179925333,0.020797084904537577
kvzap-predictor-trace-20260818T071923Z::longbench__qasper__row000073,kvzap-predictor-trace-20260818T072428Z::longbench__2wikimqa__row000106,longbench__qasper__row000073,longbench__2wikimqa__row000106,0.9298422117097642,0.9647318453433582,0.011891728050493322,0.03559575952546423
kvzap-predictor-trace-20260818T071923Z::longbench__qasper__row000073,kvzap-predictor-trace-20260818T072443Z::longbench__2wikimqa__row000118,longbench__qasper__row000073,longbench__2wikimqa__row000118,0.9237474996214474,0.9587533319141078,0.00593098868562103,0.03919600442077553
kvzap-predictor-trace-20260818T071923Z::longbench__qasper__row000073,kvzap-predictor-trace-20260818T072458Z::longbench__2wikimqa__row000134,longbench__qasper__row000073,longbench__2wikimqa__row000134,0.9511469063610519,0.973550088227375,0.015242608693793347,0.030334178494770714
kvzap-predictor-trace-20260818T071923Z::longbench__qasper__row000073,kvzap-predictor-trace-20260818T072514Z::longbench__2wikimqa__row000055,longbench__qasper__row000073,longbench__2wikimqa__row000055,0.9599644715867129,0.9761631824003707,0.01520039596227618,0.02673336866736553
kvzap-predictor-trace-20260818T071923Z::longbench__qasper__row000073,kvzap-predictor-trace-20260818T072530Z::longbench__2wikimqa__row000167,longbench__qasper__row000073,longbench__2wikimqa__row000167,0.952449195010702,0.9724942391720254,0.024047417574696528,0.03468343144115871
kvzap-predictor-trace-20260818T071923Z::longbench__qasper__row000073,kvzap-predictor-trace-20260818T072546Z::longbench__musique__row000068,longbench__qasper__row000073,longbench__musique__row000068,0.9794989050514687,0.9837025109094855,0.012606702137036963,0.016805374165546394
kvzap-predictor-trace-20260818T071923Z::longbench__qasper__row000073,kvzap-predictor-trace-20260818T072604Z::longbench__musique__row000135,longbench__qasper__row000073,longbench__musique__row000135,0.982907709403206,0.9863307376242858,0.008952056006655273,0.011422727639497476
kvzap-predictor-trace-20260818T071923Z::longbench__qasper__row000073,kvzap-predictor-trace-20260818T072622Z::longbench__musique__row000191,longbench__qasper__row000073,longbench__musique__row000191,0.9829958805516176,0.9861635971058149,0.009391816772893913,0.011324964352492972
kvzap-predictor-trace-20260818T071923Z::longbench__qasper__row000073,kvzap-predictor-trace-20260818T072640Z::longbench__2wikimqa__row000017,longbench__qasper__row000073,longbench__2wikimqa__row000017,0.9798878992754116,0.9863130194813637,0.007225957210477807,0.008628943276791312
kvzap-predictor-trace-20260818T071923Z::longbench__qasper__row000073,kvzap-predictor-trace-20260818T072657Z::longbench__2wikimqa__row000083,longbench__qasper__row000073,longbench__2wikimqa__row000083,0.9807564033860913,0.9879502940766371,0.010721091895240953,0.012358751563191439
kvzap-predictor-trace-20260818T071923Z::longbench__qasper__row000073,kvzap-predictor-trace-20260818T072715Z::longbench__2wikimqa__row000124,longbench__qasper__row000073,longbench__2wikimqa__row000124,0.9769561425828943,0.9846779994876463,0.00032985358220971595,0.0020192443668166637
kvzap-predictor-trace-20260818T071923Z::longbench__qasper__row000073,kvzap-predictor-trace-20260818T072733Z::longbench__musique__row000052,longbench__qasper__row000073,longbench__musique__row000052,0.986154240244516,0.9874708045210918,0.014691386898597503,0.014223941169171805
kvzap-predictor-trace-20260818T071923Z::longbench__qasper__row000073,kvzap-predictor-trace-20260818T072754Z::longbench__musique__row000155,longbench__qasper__row000073,longbench__musique__row000155,0.9894869451309423,0.9890784496422219,-0.010926120640485815,-0.014360639248347629
kvzap-predictor-trace-20260818T071940Z::longbench__gov_report__row000096,kvzap-predictor-trace-20260818T071955Z::longbench__gov_report__row000109,longbench__gov_report__row000096,longbench__gov_report__row000109,0.998954187550855,0.9984461185068813,-0.0038213945486597067,-0.006180096431067095
kvzap-predictor-trace-20260818T071940Z::longbench__gov_report__row000096,kvzap-predictor-trace-20260818T072011Z::longbench__multi_news__row000054,longbench__gov_report__row000096,longbench__multi_news__row000054,0.9939528415985285,0.9928670637221994,-0.000602954721854343,0.004002846687195527
kvzap-predictor-trace-20260818T071940Z::longbench__gov_report__row000096,kvzap-predictor-trace-20260818T072026Z::longbench__multi_news__row000127,longbench__gov_report__row000096,longbench__multi_news__row000127,0.9945217436324644,0.9898983460019438,0.005787181389656948,0.005540504590208162
kvzap-predictor-trace-20260818T071940Z::longbench__gov_report__row000096,kvzap-predictor-trace-20260818T072041Z::longbench__qmsum__row000042,longbench__gov_report__row000096,longbench__qmsum__row000042,0.9816075789882265,0.9744756209851744,0.04265307605442814,0.04584711262065699
kvzap-predictor-trace-20260818T071940Z::longbench__gov_report__row000096,kvzap-predictor-trace-20260818T072057Z::longbench__gov_report__row000180,longbench__gov_report__row000096,longbench__gov_report__row000180,0.9930144699463622,0.9948191668233145,0.007187888195268277,-0.007600439636394674
kvzap-predictor-trace-20260818T071940Z::longbench__gov_report__row000096,kvzap-predictor-trace-20260818T072113Z::longbench__multi_news__row000129,longbench__gov_report__row000096,longbench__multi_news__row000129,0.9907627260480981,0.9906262738825897,0.0014156753184331183,-0.014760249929119507
kvzap-predictor-trace-20260818T071940Z::longbench__gov_report__row000096,kvzap-predictor-trace-20260818T072129Z::longbench__multi_news__row000144,longbench__gov_report__row000096,longbench__multi_news__row000144,0.9878877441851015,0.990183922806783,0.00601532393417914,-0.010449211306978512
kvzap-predictor-trace-20260818T071940Z::longbench__gov_report__row000096,kvzap-predictor-trace-20260818T072147Z::longbench__qmsum__row000016,longbench__gov_report__row000096,longbench__qmsum__row000016,0.967762824427068,0.9766841391073692,0.022046722097078253,0.0023739715857012955
kvzap-predictor-trace-20260818T071940Z::longbench__gov_report__row000096,kvzap-predictor-trace-20260818T072204Z::longbench__qmsum__row000044,longbench__gov_report__row000096,longbench__qmsum__row000044,0.9594769473787047,0.9583733284288585,0.0602664198021845,0.045494244067384226
kvzap-predictor-trace-20260818T071940Z::longbench__gov_report__row000096,kvzap-predictor-trace-20260818T072221Z::longbench__gov_report__row000003,longbench__gov_report__row000096,longbench__gov_report__row000003,0.9717902350010879,0.9841602450979445,-0.0034077470090789763,-0.02660194174270225
kvzap-predictor-trace-20260818T071940Z::longbench__gov_report__row000096,kvzap-predictor-trace-20260818T072239Z::longbench__gov_report__row000057,longbench__gov_report__row000096,longbench__gov_report__row000057,0.9737909602793055,0.9853665367769349,0.007285235723173522,-0.015068390400467035
kvzap-predictor-trace-20260818T071940Z::longbench__gov_report__row000096,kvzap-predictor-trace-20260818T072258Z::longbench__multi_news__row000073,longbench__gov_report__row000096,longbench__multi_news__row000073,0.9342929804766025,0.9698887006587267,0.002984528598409253,-0.023986228530856635
kvzap-predictor-trace-20260818T071940Z::longbench__gov_report__row000096,kvzap-predictor-trace-20260818T072318Z::longbench__qmsum__row000010,longbench__gov_report__row000096,longbench__qmsum__row000010,0.8123572529547791,0.9057938568404462,-0.0014456502408360938,-0.029038901885898083
kvzap-predictor-trace-20260818T071940Z::longbench__gov_report__row000096,kvzap-predictor-trace-20260818T072338Z::longbench__qmsum__row000036,longbench__gov_report__row000096,longbench__qmsum__row000036,0.9088058474701444,0.9503370397614944,0.012533270763710913,-0.012416735338707685
kvzap-predictor-trace-20260818T071940Z::longbench__gov_report__row000096,kvzap-predictor-trace-20260818T072355Z::longbench__2wikimqa__row000062,longbench__gov_report__row000096,longbench__2wikimqa__row000062,0.9941457360242324,0.9911702850772949,7.806943082577789e-05,-0.006762587206019854
kvzap-predictor-trace-20260818T071940Z::longbench__gov_report__row000096,kvzap-predictor-trace-20260818T072412Z::longbench__2wikimqa__row000089,longbench__gov_report__row000096,longbench__2wikimqa__row000089,0.9952988057310734,0.9927517843662723,-0.002103868233298556,-0.012606720740089838
kvzap-predictor-trace-20260818T071940Z::longbench__gov_report__row000096,kvzap-predictor-trace-20260818T072428Z::longbench__2wikimqa__row000106,longbench__gov_report__row000096,longbench__2wikimqa__row000106,0.9879060900826927,0.9878461484134244,0.0028662226372694333,0.0021919538808368166
kvzap-predictor-trace-20260818T071940Z::longbench__gov_report__row000096,kvzap-predictor-trace-20260818T072443Z::longbench__2wikimqa__row000118,longbench__gov_report__row000096,longbench__2wikimqa__row000118,0.9822676320291919,0.9818003683853209,-0.0030945167276028585,0.005792198776148116
kvzap-predictor-trace-20260818T071940Z::longbench__gov_report__row000096,kvzap-predictor-trace-20260818T072458Z::longbench__2wikimqa__row000134,longbench__gov_report__row000096,longbench__2wikimqa__row000134,0.9945818066804498,0.9902739424377623,0.006217103280569458,-0.003069627149856702
kvzap-predictor-trace-20260818T071940Z::longbench__gov_report__row000096,kvzap-predictor-trace-20260818T072514Z::longbench__2wikimqa__row000055,longbench__gov_report__row000096,longbench__2wikimqa__row000055,0.9940493286998896,0.9912071527128142,0.006174890549052292,-0.006670436977261884
kvzap-predictor-trace-20260818T071940Z::longbench__gov_report__row000096,kvzap-predictor-trace-20260818T072530Z::longbench__2wikimqa__row000167,longbench__gov_report__row000096,longbench__2wikimqa__row000167,0.9919566552183132,0.9883449147490894,0.01502191216147264,0.0012796257965312918
kvzap-predictor-trace-20260818T071940Z::longbench__gov_report__row000096,kvzap-predictor-trace-20260818T072546Z::longbench__musique__row000068,longbench__gov_report__row000096,longbench__musique__row000068,0.9829591269125342,0.9776385621851905,0.0035811967238130737,-0.01659843147908102
kvzap-predictor-trace-20260818T071940Z::longbench__gov_report__row000096,kvzap-predictor-trace-20260818T072604Z::longbench__musique__row000135,longbench__gov_report__row000096,longbench__musique__row000135,0.9785810275460846,0.9781881382117504,-7.344940656861532e-05,-0.02198107800512994
kvzap-predictor-trace-20260818T071940Z::longbench__gov_report__row000096,kvzap-predictor-trace-20260818T072622Z::longbench__musique__row000191,longbench__gov_report__row000096,longbench__musique__row000191,0.977671125068158,0.9771153126464267,0.00036631135967002404,-0.022078841292134443
kvzap-predictor-trace-20260818T071940Z::longbench__gov_report__row000096,kvzap-predictor-trace-20260818T072640Z::longbench__2wikimqa__row000017,longbench__gov_report__row000096,longbench__2wikimqa__row000017,0.9871455844963344,0.988134396312839,-0.0017995482027460818,-0.024774862367836104
kvzap-predictor-trace-20260818T071940Z::longbench__gov_report__row000096,kvzap-predictor-trace-20260818T072657Z::longbench__2wikimqa__row000083,longbench__gov_report__row000096,longbench__2wikimqa__row000083,0.9830555700655188,0.9886755422831354,0.001695586482017064,-0.021045054081435977
kvzap-predictor-trace-20260818T071940Z::longbench__gov_report__row000096,kvzap-predictor-trace-20260818T072715Z::longbench__2wikimqa__row000124,longbench__gov_report__row000096,longbench__2wikimqa__row000124,0.9885280936197632,0.9891186969423614,-0.008695651831014173,-0.03138456127781075
kvzap-predictor-trace-20260818T071940Z::longbench__gov_report__row000096,kvzap-predictor-trace-20260818T072733Z::longbench__musique__row000052,longbench__gov_report__row000096,longbench__musique__row000052,0.9755157306547159,0.9780850839755441,0.005665881485373614,-0.01917986447545561
kvzap-predictor-trace-20260818T071940Z::longbench__gov_report__row000096,kvzap-predictor-trace-20260818T072754Z::longbench__musique__row000155,longbench__gov_report__row000096,longbench__musique__row000155,0.9471676338070981,0.9729843809889894,-0.019951626053709703,-0.047764444892975044
kvzap-predictor-trace-20260818T071955Z::longbench__gov_report__row000109,kvzap-predictor-trace-20260818T072011Z::longbench__multi_news__row000054,longbench__gov_report__row000109,longbench__multi_news__row000054,0.9932882905932833,0.9923652660329412,0.0032184398268053638,0.010182943118262622
kvzap-predictor-trace-20260818T071955Z::longbench__gov_report__row000109,kvzap-predictor-trace-20260818T072026Z::longbench__multi_news__row000127,longbench__gov_report__row000109,longbench__multi_news__row000127,0.9941641017567927,0.9886393084705678,0.009608575938316655,0.011720601021275256
kvzap-predictor-trace-20260818T071955Z::longbench__gov_report__row000109,kvzap-predictor-trace-20260818T072041Z::longbench__qmsum__row000042,longbench__gov_report__row000109,longbench__qmsum__row000042,0.9791448248750559,0.9714183519005405,0.04647447060308785,0.05202720905172409
kvzap-predictor-trace-20260818T071955Z::longbench__gov_report__row000109,kvzap-predictor-trace-20260818T072057Z::longbench__gov_report__row000180,longbench__gov_report__row000109,longbench__gov_report__row000180,0.9926420184635475,0.9937365761984869,0.011009282743927984,-0.0014203432053275789
kvzap-predictor-trace-20260818T071955Z::longbench__gov_report__row000109,kvzap-predictor-trace-20260818T072113Z::longbench__multi_news__row000129,longbench__gov_report__row000109,longbench__multi_news__row000129,0.9891934792813546,0.9897766639352369,0.005237069867092825,-0.008580153498052412
kvzap-predictor-trace-20260818T071955Z::longbench__gov_report__row000109,kvzap-predictor-trace-20260818T072129Z::longbench__multi_news__row000144,longbench__gov_report__row000109,longbench__multi_news__row000144,0.9868347484878011,0.9894144534566819,0.009836718482838847,-0.004269114875911417
kvzap-predictor-trace-20260818T071955Z::longbench__gov_report__row000109,kvzap-predictor-trace-20260818T072147Z::longbench__qmsum__row000016,longbench__gov_report__row000109,longbench__qmsum__row000016,0.967066204211023,0.9745653423536711,0.02586811664573796,0.00855406801676839
kvzap-predictor-trace-20260818T071955Z::longbench__gov_report__row000109,kvzap-predictor-trace-20260818T072204Z::longbench__qmsum__row000044,longbench__gov_report__row000109,longbench__qmsum__row000044,0.9563578634243982,0.9544212758877797,0.06408781435084421,0.05167434049845132
kvzap-predictor-trace-20260818T071955Z::longbench__gov_report__row000109,kvzap-predictor-trace-20260818T072221Z::longbench__gov_report__row000003,longbench__gov_report__row000109,longbench__gov_report__row000003,0.9696663500230027,0.9832706670042431,0.0004136475395807304,-0.020421845311635156
kvzap-predictor-trace-20260818T071955Z::longbench__gov_report__row000109,kvzap-predictor-trace-20260818T072239Z::longbench__gov_report__row000057,longbench__gov_report__row000109,longbench__gov_report__row000057,0.9717068246403051,0.9837846592536587,0.011106630271833229,-0.00888829396939994
kvzap-predictor-trace-20260818T071955Z::longbench__gov_report__row000109,kvzap-predictor-trace-20260818T072258Z::longbench__multi_news__row000073,longbench__gov_report__row000109,longbench__multi_news__row000073,0.9316804796350474,0.9673133059788666,0.00680592314706896,-0.01780613209978954
kvzap-predictor-trace-20260818T071955Z::longbench__gov_report__row000109,kvzap-predictor-trace-20260818T072318Z::longbench__qmsum__row000010,longbench__gov_report__row000109,longbench__qmsum__row000010,0.8124647420226435,0.9018555029955261,0.002375744307823613,-0.022858805454830988
kvzap-predictor-trace-20260818T071955Z::longbench__gov_report__row000109,kvzap-predictor-trace-20260818T072338Z::longbench__qmsum__row000036,longbench__gov_report__row000109,longbench__qmsum__row000036,0.9084698672811709,0.9475716155806387,0.01635466531237062,-0.00623663890764059
kvzap-predictor-trace-20260818T071955Z::longbench__gov_report__row000109,kvzap-predictor-trace-20260818T072355Z::longbench__2wikimqa__row000062,longbench__gov_report__row000109,longbench__2wikimqa__row000062,0.9915089131744781,0.9890705833848196,0.0038994639794854846,-0.0005824907749527597
kvzap-predictor-trace-20260818T071955Z::longbench__gov_report__row000109,kvzap-predictor-trace-20260818T072412Z::longbench__2wikimqa__row000089,longbench__gov_report__row000109,longbench__2wikimqa__row000089,0.9934475915415161,0.9916028068182511,0.0017175263153611509,-0.006426624309022744
kvzap-predictor-trace-20260818T071955Z::longbench__gov_report__row000109,kvzap-predictor-trace-20260818T072428Z::longbench__2wikimqa__row000106,longbench__gov_report__row000109,longbench__2wikimqa__row000106,0.9840512171685933,0.9847623847800657,0.00668761718592914,0.008372050311903911
kvzap-predictor-trace-20260818T071955Z::longbench__gov_report__row000109,kvzap-predictor-trace-20260818T072443Z::longbench__2wikimqa__row000118,longbench__gov_report__row000109,longbench__2wikimqa__row000118,0.9781742630289212,0.9776888252533592,0.0007268778210568483,0.011972295207215211
kvzap-predictor-trace-20260818T071955Z::longbench__gov_report__row000109,kvzap-predictor-trace-20260818T072458Z::longbench__2wikimqa__row000134,longbench__gov_report__row000109,longbench__2wikimqa__row000134,0.9914692109071211,0.987444338102637,0.010038497829229165,0.003110469281210393
kvzap-predictor-trace-20260818T071955Z::longbench__gov_report__row000109,kvzap-predictor-trace-20260818T072514Z::longbench__2wikimqa__row000055,longbench__gov_report__row000109,longbench__2wikimqa__row000055,0.9912913942489227,0.988968838914673,0.009996285097711999,-0.0004903405461947896
kvzap-predictor-trace-20260818T071955Z::longbench__gov_report__row000109,kvzap-predictor-trace-20260818T072530Z::longbench__2wikimqa__row000167,longbench__gov_report__row000109,longbench__2wikimqa__row000167,0.9881847145088135,0.9851432453489711,0.018843306710132346,0.0074597222275983865
kvzap-predictor-trace-20260818T071955Z::longbench__gov_report__row000109,kvzap-predictor-trace-20260818T072546Z::longbench__musique__row000068,longbench__gov_report__row000109,longbench__musique__row000068,0.979605296220133,0.9739593728591243,0.0074025912724727805,-0.010418335048013927
kvzap-predictor-trace-20260818T071955Z::longbench__gov_report__row000109,kvzap-predictor-trace-20260818T072604Z::longbench__musique__row000135,longbench__gov_report__row000109,longbench__musique__row000135,0.9752905690980728,0.9747633791719769,0.0037479451420910914,-0.015800981574062845
kvzap-predictor-trace-20260818T071955Z::longbench__gov_report__row000109,kvzap-predictor-trace-20260818T072622Z::longbench__musique__row000191,longbench__gov_report__row000109,longbench__musique__row000191,0.9742951783723532,0.9737382272018856,0.004187705908329731,-0.01589874486106735
kvzap-predictor-trace-20260818T071955Z::longbench__gov_report__row000109,kvzap-predictor-trace-20260818T072640Z::longbench__2wikimqa__row000017,longbench__gov_report__row000109,longbench__2wikimqa__row000017,0.9844208422565607,0.9862630656959286,0.002021846345913625,-0.01859476593676901
kvzap-predictor-trace-20260818T071955Z::longbench__gov_report__row000109,kvzap-predictor-trace-20260818T072657Z::longbench__2wikimqa__row000083,longbench__gov_report__row000109,longbench__2wikimqa__row000083,0.979813838402919,0.9862231445570137,0.005516981030676771,-0.014864957650368882
kvzap-predictor-trace-20260818T071955Z::longbench__gov_report__row000109,kvzap-predictor-trace-20260818T072715Z::longbench__2wikimqa__row000124,longbench__gov_report__row000109,longbench__2wikimqa__row000124,0.9863947109761264,0.9880058092088124,-0.004874257282354466,-0.025204464846743657
kvzap-predictor-trace-20260818T071955Z::longbench__gov_report__row000109,kvzap-predictor-trace-20260818T072733Z::longbench__musique__row000052,longbench__gov_report__row000109,longbench__musique__row000052,0.9720674663992781,0.9743630503285178,0.00948727603403332,-0.012999768044388516
kvzap-predictor-trace-20260818T071955Z::longbench__gov_report__row000109,kvzap-predictor-trace-20260818T072754Z::longbench__musique__row000155,longbench__gov_report__row000109,longbench__musique__row000155,0.944464841799952,0.9714464509662051,-0.016130231505049997,-0.04158434846190795
kvzap-predictor-trace-20260818T072011Z::longbench__multi_news__row000054,kvzap-predictor-trace-20260818T072026Z::longbench__multi_news__row000127,longbench__multi_news__row000054,longbench__multi_news__row000127,0.9954759538478118,0.9939976099239587,0.006390136111511291,0.0015376579030126347
kvzap-predictor-trace-20260818T072011Z::longbench__multi_news__row000054,kvzap-predictor-trace-20260818T072041Z::longbench__qmsum__row000042,longbench__multi_news__row000054,longbench__qmsum__row000042,0.9869113627073337,0.9816414464061258,0.043256030776282484,0.041844265933461466
kvzap-predictor-trace-20260818T072011Z::longbench__multi_news__row000054,kvzap-predictor-trace-20260818T072057Z::longbench__gov_report__row000180,longbench__multi_news__row000054,longbench__gov_report__row000180,0.9932229717278652,0.9909868296388968,0.00779084291712262,-0.0116032863235902
kvzap-predictor-trace-20260818T072011Z::longbench__multi_news__row000054,kvzap-predictor-trace-20260818T072113Z::longbench__multi_news__row000129,longbench__multi_news__row000054,longbench__multi_news__row000129,0.9907569769902702,0.9926294330605503,0.0020186300402874613,-0.018763096616315034
kvzap-predictor-trace-20260818T072011Z::longbench__multi_news__row000054,kvzap-predictor-trace-20260818T072129Z::longbench__multi_news__row000144,longbench__multi_news__row000054,longbench__multi_news__row000144,0.9910124879910576,0.9938821570708495,0.006618278656033483,-0.014452057994174039
kvzap-predictor-trace-20260818T072011Z::longbench__multi_news__row000054,kvzap-predictor-trace-20260818T072147Z::longbench__qmsum__row000016,longbench__multi_news__row000054,longbench__qmsum__row000016,0.9814039808048483,0.9832256796934951,0.022649676818932596,-0.0016288751014942315
kvzap-predictor-trace-20260818T072011Z::longbench__multi_news__row000054,kvzap-predictor-trace-20260818T072204Z::longbench__qmsum__row000044,longbench__multi_news__row000054,longbench__qmsum__row000044,0.9723427055655063,0.9690874401153792,0.060869374524038844,0.0414913973801887
kvzap-predictor-trace-20260818T072011Z::longbench__multi_news__row000054,kvzap-predictor-trace-20260818T072221Z::longbench__gov_report__row000003,longbench__multi_news__row000054,longbench__gov_report__row000003,0.9737626646163505,0.9765567287907635,-0.0028047922872246334,-0.030604788429897778
kvzap-predictor-trace-20260818T072011Z::longbench__multi_news__row000054,kvzap-predictor-trace-20260818T072239Z::longbench__gov_report__row000057,longbench__multi_news__row000054,longbench__gov_report__row000057,0.9777684896608094,0.982134979225651,0.007888190445027865,-0.019071237087662563
kvzap-predictor-trace-20260818T072011Z::longbench__multi_news__row000054,kvzap-predictor-trace-20260818T072258Z::longbench__multi_news__row000073,longbench__multi_news__row000054,longbench__multi_news__row000073,0.9491655643749327,0.9725871770103366,0.003587483320263596,-0.027989075218052162
kvzap-predictor-trace-20260818T072011Z::longbench__multi_news__row000054,kvzap-predictor-trace-20260818T072318Z::longbench__qmsum__row000010,longbench__multi_news__row000054,longbench__qmsum__row000010,0.8497622390648685,0.917172875523003,-0.0008426955189817509,-0.03304174857309361
kvzap-predictor-trace-20260818T072011Z::longbench__multi_news__row000054,kvzap-predictor-trace-20260818T072338Z::longbench__qmsum__row000036,longbench__multi_news__row000054,longbench__qmsum__row000036,0.9337148480259839,0.9586485694837007,0.013136225485565256,-0.016419582025903212
kvzap-predictor-trace-20260818T072011Z::longbench__multi_news__row000054,kvzap-predictor-trace-20260818T072355Z::longbench__2wikimqa__row000062,longbench__multi_news__row000054,longbench__2wikimqa__row000062,0.9886958806567028,0.9899382609256356,0.0006810241526801208,-0.010765433893215381
kvzap-predictor-trace-20260818T072011Z::longbench__multi_news__row000054,kvzap-predictor-trace-20260818T072412Z::longbench__2wikimqa__row000089,longbench__multi_news__row000054,longbench__2wikimqa__row000089,0.9909825866767376,0.9916494150520532,-0.001500913511444213,-0.016609567427285366
kvzap-predictor-trace-20260818T072011Z::longbench__multi_news__row000054,kvzap-predictor-trace-20260818T072428Z::longbench__2wikimqa__row000106,longbench__multi_news__row000054,longbench__2wikimqa__row000106,0.9833113582411457,0.9878275035211252,0.0034691773591237762,-0.0018108928063587104
kvzap-predictor-trace-20260818T072011Z::longbench__multi_news__row000054,kvzap-predictor-trace-20260818T072443Z::longbench__2wikimqa__row000118,longbench__multi_news__row000054,longbench__2wikimqa__row000118,0.978690028256344,0.982329335583939,-0.0024915620057485155,0.0017893520889525893
kvzap-predictor-trace-20260818T072011Z::longbench__multi_news__row000054,kvzap-predictor-trace-20260818T072458Z::longbench__2wikimqa__row000134,longbench__multi_news__row000054,longbench__2wikimqa__row000134,0.9907904585301106,0.9900313974889038,0.006820058002423801,-0.007072473837052229
kvzap-predictor-trace-20260818T072011Z::longbench__multi_news__row000054,kvzap-predictor-trace-20260818T072514Z::longbench__2wikimqa__row000055,longbench__multi_news__row000054,longbench__2wikimqa__row000055,0.9934841290821385,0.992026638982418,0.006777845270906635,-0.010673283664457411
kvzap-predictor-trace-20260818T072011Z::longbench__multi_news__row000054,kvzap-predictor-trace-20260818T072530Z::longbench__2wikimqa__row000167,longbench__multi_news__row000054,longbench__2wikimqa__row000167,0.9893922433073806,0.9883943159536571,0.015624866883326982,-0.0027232208906642352
kvzap-predictor-trace-20260818T072011Z::longbench__multi_news__row000054,kvzap-predictor-trace-20260818T072546Z::longbench__musique__row000068,longbench__multi_news__row000054,longbench__musique__row000068,0.9879322588518568,0.9803355860381878,0.004184151445667417,-0.02060127816627655
kvzap-predictor-trace-20260818T072011Z::longbench__multi_news__row000054,kvzap-predictor-trace-20260818T072604Z::longbench__musique__row000135,longbench__multi_news__row000054,longbench__musique__row000135,0.9850866374584129,0.9813405406881528,0.0005295053152857276,-0.025983924692325466
kvzap-predictor-trace-20260818T072011Z::longbench__multi_news__row000054,kvzap-predictor-trace-20260818T072622Z::longbench__musique__row000191,longbench__multi_news__row000054,longbench__musique__row000191,0.9838124072241732,0.9797941351375647,0.000969266081524367,-0.02608168797932997
kvzap-predictor-trace-20260818T072011Z::longbench__multi_news__row000054,kvzap-predictor-trace-20260818T072640Z::longbench__2wikimqa__row000017,longbench__multi_news__row000054,longbench__2wikimqa__row000017,0.9871995680330595,0.9866486748179168,-0.001196593480891739,-0.02877770905503163
kvzap-predictor-trace-20260818T072011Z::longbench__multi_news__row000054,kvzap-predictor-trace-20260818T072657Z::longbench__2wikimqa__row000083,longbench__multi_news__row000054,longbench__2wikimqa__row000083,0.9829042979892041,0.9862213198425421,0.002298541203871407,-0.025047900768631504
kvzap-predictor-trace-20260818T072011Z::longbench__multi_news__row000054,kvzap-predictor-trace-20260818T072715Z::longbench__2wikimqa__row000124,longbench__multi_news__row000054,longbench__2wikimqa__row000124,0.9863774006715927,0.9867757713300213,-0.00809269710915983,-0.03538740796500628
kvzap-predictor-trace-20260818T072011Z::longbench__multi_news__row000054,kvzap-predictor-trace-20260818T072733Z::longbench__musique__row000052,longbench__multi_news__row000054,longbench__musique__row000052,0.9794786027950851,0.9775807836842616,0.006268836207227957,-0.023182711162651137
kvzap-predictor-trace-20260818T072011Z::longbench__multi_news__row000054,kvzap-predictor-trace-20260818T072754Z::longbench__musique__row000155,longbench__multi_news__row000054,longbench__musique__row000155,0.9539868797126818,0.9707767740450823,-0.01934867133185536,-0.05176729158017057
kvzap-predictor-trace-20260818T072026Z::longbench__multi_news__row000127,kvzap-predictor-trace-20260818T072041Z::longbench__qmsum__row000042,longbench__multi_news__row000127,longbench__qmsum__row000042,0.9818488499569837,0.9759867856850067,0.03686589466477119,0.04030660803044883
kvzap-predictor-trace-20260818T072026Z::longbench__multi_news__row000127,kvzap-predictor-trace-20260818T072057Z::longbench__gov_report__row000180,longbench__multi_news__row000127,longbench__gov_report__row000180,0.9948919741742535,0.9919336389424341,0.0014007068056113292,-0.013140944226602835
kvzap-predictor-trace-20260818T072026Z::longbench__multi_news__row000127,kvzap-predictor-trace-20260818T072113Z::longbench__multi_news__row000129,longbench__multi_news__row000127,longbench__multi_news__row000129,0.992949855515887,0.9927665590808393,-0.00437150607122383,-0.02030075451932767
kvzap-predictor-trace-20260818T072026Z::longbench__multi_news__row000127,kvzap-predictor-trace-20260818T072129Z::longbench__multi_news__row000144,longbench__multi_news__row000127,longbench__multi_news__row000144,0.9925501792246781,0.9933477036817331,0.00022814254452219185,-0.015989715897186674
kvzap-predictor-trace-20260818T072026Z::longbench__multi_news__row000127,kvzap-predictor-trace-20260818T072147Z::longbench__qmsum__row000016,longbench__multi_news__row000127,longbench__qmsum__row000016,0.9765321540120036,0.977670196976489,0.016259540707421305,-0.0031665330045068663
kvzap-predictor-trace-20260818T072026Z::longbench__multi_news__row000127,kvzap-predictor-trace-20260818T072204Z::longbench__qmsum__row000044,longbench__multi_news__row000127,longbench__qmsum__row000044,0.9673279026751482,0.965156584264616,0.05447923841252755,0.039953739477176065
kvzap-predictor-trace-20260818T072026Z::longbench__multi_news__row000127,kvzap-predictor-trace-20260818T072221Z::longbench__gov_report__row000003,longbench__multi_news__row000127,longbench__gov_report__row000003,0.975456836258094,0.9755372605100412,-0.009194928398735924,-0.03214244633291041
kvzap-predictor-trace-20260818T072026Z::longbench__multi_news__row000127,kvzap-predictor-trace-20260818T072239Z::longbench__gov_report__row000057,longbench__multi_news__row000127,longbench__gov_report__row000057,0.9787378840491973,0.9819969341769899,0.0014980543335165741,-0.020608894990675197
kvzap-predictor-trace-20260818T072026Z::longbench__multi_news__row000127,kvzap-predictor-trace-20260818T072258Z::longbench__multi_news__row000073,longbench__multi_news__row000127,longbench__multi_news__row000073,0.9469928941402084,0.9719429461396031,-0.002802652791247695,-0.029526733121064797
kvzap-predictor-trace-20260818T072026Z::longbench__multi_news__row000127,kvzap-predictor-trace-20260818T072318Z::longbench__qmsum__row000010,longbench__multi_news__row000127,longbench__qmsum__row000010,0.8400667488253238,0.9163025298284985,-0.007232831630493042,-0.034579406476106245
kvzap-predictor-trace-20260818T072026Z::longbench__multi_news__row000127,kvzap-predictor-trace-20260818T072338Z::longbench__qmsum__row000036,longbench__multi_news__row000127,longbench__qmsum__row000036,0.9273573911255337,0.9560184498997102,0.006746089374053965,-0.017957239928915847
kvzap-predictor-trace-20260818T072026Z::longbench__multi_news__row000127,kvzap-predictor-trace-20260818T072355Z::longbench__2wikimqa__row000062,longbench__multi_news__row000127,longbench__2wikimqa__row000062,0.9889677676194,0.9887172250653978,-0.00570911195883117,-0.012303091796228016
kvzap-predictor-trace-20260818T072026Z::longbench__multi_news__row000127,kvzap-predictor-trace-20260818T072412Z::longbench__2wikimqa__row000089,longbench__multi_news__row000127,longbench__2wikimqa__row000089,0.9914089663062033,0.9889272260884377,-0.007891049622955504,-0.018147225330298
kvzap-predictor-trace-20260818T072026Z::longbench__multi_news__row000127,kvzap-predictor-trace-20260818T072428Z::longbench__2wikimqa__row000106,longbench__multi_news__row000127,longbench__2wikimqa__row000106,0.9813445717726151,0.985829919238941,-0.0029209587523875147,-0.003348550709371345
kvzap-predictor-trace-20260818T072026Z::longbench__multi_news__row000127,kvzap-predictor-trace-20260818T072443Z::longbench__2wikimqa__row000118,longbench__multi_news__row000127,longbench__2wikimqa__row000118,0.9771935099124369,0.9819165270870281,-0.008881698117259806,0.00025169418593995463
kvzap-predictor-trace-20260818T072026Z::longbench__multi_news__row000127,kvzap-predictor-trace-20260818T072458Z::longbench__2wikimqa__row000134,longbench__multi_news__row000127,longbench__2wikimqa__row000134,0.9915886796453535,0.9899054578871719,0.0004299218909125102,-0.008610131740064864
kvzap-predictor-trace-20260818T072026Z::longbench__multi_news__row000127,kvzap-predictor-trace-20260818T072514Z::longbench__2wikimqa__row000055,longbench__multi_news__row000127,longbench__2wikimqa__row000055,0.9925733674294493,0.9902044665700869,0.0003877091593953441,-0.012210941567470046
kvzap-predictor-trace-20260818T072026Z::longbench__multi_news__row000127,kvzap-predictor-trace-20260818T072530Z::longbench__2wikimqa__row000167,longbench__multi_news__row000127,longbench__2wikimqa__row000167,0.9892572617021388,0.9875036945745068,0.009234730771815691,-0.00426087879367687
kvzap-predictor-trace-20260818T072026Z::longbench__multi_news__row000127,kvzap-predictor-trace-20260818T072546Z::longbench__musique__row000068,longbench__multi_news__row000127,longbench__musique__row000068,0.9881025858982905,0.9841051147903886,-0.002205984665843874,-0.022138936069289183
kvzap-predictor-trace-20260818T072026Z::longbench__multi_news__row000127,kvzap-predictor-trace-20260818T072604Z::longbench__musique__row000135,longbench__multi_news__row000127,longbench__musique__row000135,0.984732500594357,0.983880891588823,-0.005860630796225563,-0.0275215825953381
kvzap-predictor-trace-20260818T072026Z::longbench__multi_news__row000127,kvzap-predictor-trace-20260818T072622Z::longbench__musique__row000191,longbench__multi_news__row000127,longbench__musique__row000191,0.9839922324748533,0.9829445982123,-0.005420870029986924,-0.027619345882342605
kvzap-predictor-trace-20260818T072026Z::longbench__multi_news__row000127,kvzap-predictor-trace-20260818T072640Z::longbench__2wikimqa__row000017,longbench__multi_news__row000127,longbench__2wikimqa__row000017,0.9885075727456079,0.9865814796161697,-0.00758672959240303,-0.030315366958044265
kvzap-predictor-trace-20260818T072026Z::longbench__multi_news__row000127,kvzap-predictor-trace-20260818T072657Z::longbench__2wikimqa__row000083,longbench__multi_news__row000127,longbench__2wikimqa__row000083,0.9839841881071222,0.9854963881349889,-0.004091594907639884,-0.02658555867164414
kvzap-predictor-trace-20260818T072026Z::longbench__multi_news__row000127,kvzap-predictor-trace-20260818T072715Z::longbench__2wikimqa__row000124,longbench__multi_news__row000127,longbench__2wikimqa__row000124,0.9888095376751969,0.9865580448502559,-0.01448283322067112,-0.036925065868018914
kvzap-predictor-trace-20260818T072026Z::longbench__multi_news__row000127,kvzap-predictor-trace-20260818T072733Z::longbench__musique__row000052,longbench__multi_news__row000127,longbench__musique__row000052,0.9808819732822033,0.9822067381140488,-0.00012129990428333404,-0.024720369065663772
kvzap-predictor-trace-20260818T072026Z::longbench__multi_news__row000127,kvzap-predictor-trace-20260818T072754Z::longbench__musique__row000155,longbench__multi_news__row000127,longbench__musique__row000155,0.9540505461854093,0.9698715133523841,-0.02573880744336665,-0.053304949483183206
kvzap-predictor-trace-20260818T072041Z::longbench__qmsum__row000042,kvzap-predictor-trace-20260818T072057Z::longbench__gov_report__row000180,longbench__qmsum__row000042,longbench__gov_report__row000180,0.9803335094341149,0.9740032611722926,-0.035465187859159863,-0.05344755225705167
kvzap-predictor-trace-20260818T072041Z::longbench__qmsum__row000042,kvzap-predictor-trace-20260818T072113Z::longbench__multi_news__row000129,longbench__qmsum__row000042,longbench__multi_news__row000129,0.9774434528260038,0.9731662375470548,-0.04123740073599502,-0.0606073625497765
kvzap-predictor-trace-20260818T072041Z::longbench__qmsum__row000042,kvzap-predictor-trace-20260818T072129Z::longbench__multi_news__row000144,longbench__qmsum__row000042,longbench__multi_news__row000144,0.9780917063898737,0.9752479134486424,-0.036637752120249,-0.056296323927635505
kvzap-predictor-trace-20260818T072041Z::longbench__qmsum__row000042,kvzap-predictor-trace-20260818T072147Z::longbench__qmsum__row000016,longbench__qmsum__row000042,longbench__qmsum__row000016,0.9803670575328328,0.9875638443983488,-0.020606353957349888,-0.0434731410349557
kvzap-predictor-trace-20260818T072041Z::longbench__qmsum__row000042,kvzap-predictor-trace-20260818T072204Z::longbench__qmsum__row000044,longbench__qmsum__row000042,longbench__qmsum__row000044,0.9891230590363637,0.9935571724671058,0.01761334374775636,-0.0003528685532727671
kvzap-predictor-trace-20260818T072041Z::longbench__qmsum__row000042,kvzap-predictor-trace-20260818T072221Z::longbench__gov_report__row000003,longbench__qmsum__row000042,longbench__gov_report__row000003,0.9592992684480512,0.9586755606949028,-0.04606082306350712,-0.07244905436335924
kvzap-predictor-trace-20260818T072041Z::longbench__qmsum__row000042,kvzap-predictor-trace-20260818T072239Z::longbench__gov_report__row000057,longbench__qmsum__row000042,longbench__gov_report__row000057,0.96482284077316,0.9673771255496431,-0.03536784033125462,-0.06091550302112403
kvzap-predictor-trace-20260818T072041Z::longbench__qmsum__row000042,kvzap-predictor-trace-20260818T072258Z::longbench__multi_news__row000073,longbench__qmsum__row000042,longbench__multi_news__row000073,0.9364362107970983,0.9591692414168417,-0.03966854745601889,-0.06983334115151363
kvzap-predictor-trace-20260818T072041Z::longbench__qmsum__row000042,kvzap-predictor-trace-20260818T072318Z::longbench__qmsum__row000010,longbench__qmsum__row000042,longbench__qmsum__row000010,0.8496926500204123,0.9302393077757148,-0.044098726295264234,-0.07488601450655508
kvzap-predictor-trace-20260818T072041Z::longbench__qmsum__row000042,kvzap-predictor-trace-20260818T072338Z::longbench__qmsum__row000036,longbench__qmsum__row000042,longbench__qmsum__row000036,0.9340105114213474,0.9682852599894253,-0.030119805290717228,-0.05826384795936468
kvzap-predictor-trace-20260818T072041Z::longbench__qmsum__row000042,kvzap-predictor-trace-20260818T072355Z::longbench__2wikimqa__row000062,longbench__qmsum__row000042,longbench__2wikimqa__row000062,0.976934147993859,0.9741355816812148,-0.04257500662360236,-0.05260969982667685
kvzap-predictor-trace-20260818T072041Z::longbench__qmsum__row000042,kvzap-predictor-trace-20260818T072412Z::longbench__2wikimqa__row000089,longbench__qmsum__row000042,longbench__2wikimqa__row000089,0.9773595612737611,0.9737070533311041,-0.044756944287726697,-0.05845383336074683
kvzap-predictor-trace-20260818T072041Z::longbench__qmsum__row000042,kvzap-predictor-trace-20260818T072428Z::longbench__2wikimqa__row000106,longbench__qmsum__row000042,longbench__2wikimqa__row000106,0.971554135925299,0.9740241474202885,-0.03978685341715871,-0.04365515873982018
kvzap-predictor-trace-20260818T072041Z::longbench__qmsum__row000042,kvzap-predictor-trace-20260818T072443Z::longbench__2wikimqa__row000118,longbench__qmsum__row000042,longbench__2wikimqa__row000118,0.9667913011614013,0.9693038698099822,-0.045747592782031,-0.04005491384450888
kvzap-predictor-trace-20260818T072041Z::longbench__qmsum__row000042,kvzap-predictor-trace-20260818T072458Z::longbench__2wikimqa__row000134,longbench__qmsum__row000042,longbench__2wikimqa__row000134,0.9796221497413713,0.975683258197829,-0.03643597277385868,-0.048916739770513695
kvzap-predictor-trace-20260818T072041Z::longbench__qmsum__row000042,kvzap-predictor-trace-20260818T072514Z::longbench__2wikimqa__row000055,longbench__qmsum__row000042,longbench__2wikimqa__row000055,0.9810083114256667,0.975968250232452,-0.03647818550537585,-0.05251754959791888
kvzap-predictor-trace-20260818T072041Z::longbench__qmsum__row000042,kvzap-predictor-trace-20260818T072530Z::longbench__2wikimqa__row000167,longbench__qmsum__row000042,longbench__2wikimqa__row000167,0.9792291566077191,0.9760402048401797,-0.0276311638929555,-0.0445674868241257
kvzap-predictor-trace-20260818T072041Z::longbench__qmsum__row000042,kvzap-predictor-trace-20260818T072546Z::longbench__musique__row000068,longbench__qmsum__row000042,longbench__musique__row000068,0.9789657584176639,0.97197305787779,-0.03907187933061507,-0.062445544099738015
kvzap-predictor-trace-20260818T072041Z::longbench__qmsum__row000042,kvzap-predictor-trace-20260818T072604Z::longbench__musique__row000135,longbench__qmsum__row000042,longbench__musique__row000135,0.9744059891819349,0.9714065445075254,-0.042726525460996756,-0.06782819062578693
kvzap-predictor-trace-20260818T072041Z::longbench__qmsum__row000042,kvzap-predictor-trace-20260818T072622Z::longbench__musique__row000191,longbench__qmsum__row000042,longbench__musique__row000191,0.9729210048422327,0.9698406371662224,-0.04228676469475812,-0.06792595391279144
kvzap-predictor-trace-20260818T072041Z::longbench__qmsum__row000042,kvzap-predictor-trace-20260818T072640Z::longbench__2wikimqa__row000017,longbench__qmsum__row000042,longbench__2wikimqa__row000017,0.9740405078181436,0.9698809068180039,-0.04445262425717422,-0.0706219749884931
kvzap-predictor-trace-20260818T072041Z::longbench__qmsum__row000042,kvzap-predictor-trace-20260818T072657Z::longbench__2wikimqa__row000083,longbench__qmsum__row000042,longbench__2wikimqa__row000083,0.9695837752246489,0.9712977228138939,-0.04095748957241108,-0.06689216670209297
kvzap-predictor-trace-20260818T072041Z::longbench__qmsum__row000042,kvzap-predictor-trace-20260818T072715Z::longbench__2wikimqa__row000124,longbench__qmsum__row000042,longbench__2wikimqa__row000124,0.969973920024668,0.9656755670193855,-0.051348727885442313,-0.07723167389846775
kvzap-predictor-trace-20260818T072041Z::longbench__qmsum__row000042,kvzap-predictor-trace-20260818T072733Z::longbench__musique__row000052,longbench__qmsum__row000042,longbench__musique__row000052,0.9674507248446235,0.9654601657423306,-0.03698719456905453,-0.0650269770961126
kvzap-predictor-trace-20260818T072041Z::longbench__qmsum__row000042,kvzap-predictor-trace-20260818T072754Z::longbench__musique__row000155,longbench__qmsum__row000042,longbench__musique__row000155,0.9378558840448746,0.9525963890488043,-0.06260470210813784,-0.09361155751363204
kvzap-predictor-trace-20260818T072057Z::longbench__gov_report__row000180,kvzap-predictor-trace-20260818T072113Z::longbench__multi_news__row000129,longbench__gov_report__row000180,longbench__multi_news__row000129,0.9943393732436775,0.9929224034194271,-0.005772212876835159,-0.007159810292724833
kvzap-predictor-trace-20260818T072057Z::longbench__gov_report__row000180,kvzap-predictor-trace-20260818T072129Z::longbench__multi_news__row000144,longbench__gov_report__row000180,longbench__multi_news__row000144,0.9965972782900403,0.9945556986778816,-0.0011725642610891374,-0.0028487716705838384
kvzap-predictor-trace-20260818T072057Z::longbench__gov_report__row000180,kvzap-predictor-trace-20260818T072147Z::longbench__qmsum__row000016,longbench__gov_report__row000180,longbench__qmsum__row000016,0.981410968632453,0.9814392285615402,0.014858833901809976,0.009974411222095969
kvzap-predictor-trace-20260818T072057Z::longbench__gov_report__row000180,kvzap-predictor-trace-20260818T072204Z::longbench__qmsum__row000044,longbench__gov_report__row000180,longbench__qmsum__row000044,0.9714744115447205,0.9647288113470273,0.053078531606916224,0.0530946837037789
kvzap-predictor-trace-20260818T072057Z::longbench__gov_report__row000180,kvzap-predictor-trace-20260818T072221Z::longbench__gov_report__row000003,longbench__gov_report__row000180,longbench__gov_report__row000003,0.9844237340025642,0.9896073083101398,-0.010595635204347253,-0.019001502106307577
kvzap-predictor-trace-20260818T072057Z::longbench__gov_report__row000180,kvzap-predictor-trace-20260818T072239Z::longbench__gov_report__row000057,longbench__gov_report__row000180,longbench__gov_report__row000057,0.9878336738185279,0.9924890113361549,9.734752790524492e-05,-0.007467950764072362
kvzap-predictor-trace-20260818T072057Z::longbench__gov_report__row000180,kvzap-predictor-trace-20260818T072258Z::longbench__multi_news__row000073,longbench__gov_report__row000180,longbench__multi_news__row000073,0.9608124277842028,0.9819543528848759,-0.004203359596859024,-0.01638578889446196
kvzap-predictor-trace-20260818T072057Z::longbench__gov_report__row000180,kvzap-predictor-trace-20260818T072318Z::longbench__qmsum__row000010,longbench__gov_report__row000180,longbench__qmsum__row000010,0.8576196752543277,0.9261903896167896,-0.008633538436104371,-0.02143846224950341
kvzap-predictor-trace-20260818T072057Z::longbench__gov_report__row000180,kvzap-predictor-trace-20260818T072338Z::longbench__qmsum__row000036,longbench__gov_report__row000180,longbench__qmsum__row000036,0.9402342199140642,0.9641565991414035,0.005345382568442636,-0.0048162957023130115
kvzap-predictor-trace-20260818T072057Z::longbench__gov_report__row000180,kvzap-predictor-trace-20260818T072355Z::longbench__2wikimqa__row000062,longbench__gov_report__row000180,longbench__2wikimqa__row000062,0.9833788409505965,0.9869430032299855,-0.007109818764442499,0.0008378524303748192
kvzap-predictor-trace-20260818T072057Z::longbench__gov_report__row000180,kvzap-predictor-trace-20260818T072412Z::longbench__2wikimqa__row000089,longbench__gov_report__row000180,longbench__2wikimqa__row000089,0.9879771901748012,0.9887962028327373,-0.009291756428566833,-0.005006281103695165
kvzap-predictor-trace-20260818T072057Z::longbench__gov_report__row000180,kvzap-predictor-trace-20260818T072428Z::longbench__2wikimqa__row000106,longbench__gov_report__row000180,longbench__2wikimqa__row000106,0.9724168938185738,0.9816747143565144,-0.004321665557998844,0.00979239351723149
kvzap-predictor-trace-20260818T072057Z::longbench__gov_report__row000180,kvzap-predictor-trace-20260818T072443Z::longbench__2wikimqa__row000118,longbench__gov_report__row000180,longbench__2wikimqa__row000118,0.9661537464598591,0.9759359786813033,-0.010282404922871136,0.01339263841254279
kvzap-predictor-trace-20260818T072057Z::longbench__gov_report__row000180,kvzap-predictor-trace-20260818T072458Z::longbench__2wikimqa__row000134,longbench__gov_report__row000180,longbench__2wikimqa__row000134,0.9868339495296827,0.9878461368884548,-0.000970784914698819,0.004530812486537972
kvzap-predictor-trace-20260818T072057Z::longbench__gov_report__row000180,kvzap-predictor-trace-20260818T072514Z::longbench__2wikimqa__row000055,longbench__gov_report__row000180,longbench__2wikimqa__row000055,0.9892713957220033,0.989180860139114,-0.001012997646215985,0.0009300026591327892
kvzap-predictor-trace-20260818T072057Z::longbench__gov_report__row000180,kvzap-predictor-trace-20260818T072530Z::longbench__2wikimqa__row000167,longbench__gov_report__row000180,longbench__2wikimqa__row000167,0.9841850563784206,0.985654777300011,0.007834023966204362,0.008880065432925965
kvzap-predictor-trace-20260818T072057Z::longbench__gov_report__row000180,kvzap-predictor-trace-20260818T072546Z::longbench__musique__row000068,longbench__gov_report__row000180,longbench__musique__row000068,0.9885654361386933,0.9841637970145112,-0.0036066914714552034,-0.008997991842686348
kvzap-predictor-trace-20260818T072057Z::longbench__gov_report__row000180,kvzap-predictor-trace-20260818T072604Z::longbench__musique__row000135,longbench__gov_report__row000180,longbench__musique__row000135,0.9864800803475956,0.9850461027075706,-0.0072613376018368925,-0.014380638368735266
kvzap-predictor-trace-20260818T072057Z::longbench__gov_report__row000180,kvzap-predictor-trace-20260818T072622Z::longbench__musique__row000191,longbench__gov_report__row000180,longbench__musique__row000191,0.9858504475240087,0.9844310659221306,-0.006821576835598253,-0.01447840165573977
kvzap-predictor-trace-20260818T072057Z::longbench__gov_report__row000180,kvzap-predictor-trace-20260818T072640Z::longbench__2wikimqa__row000017,longbench__gov_report__row000180,longbench__2wikimqa__row000017,0.9921202602409754,0.9915635123808015,-0.008987436398014359,-0.01717442273144143
kvzap-predictor-trace-20260818T072057Z::longbench__gov_report__row000180,kvzap-predictor-trace-20260818T072657Z::longbench__2wikimqa__row000083,longbench__gov_report__row000180,longbench__2wikimqa__row000083,0.9887851052176174,0.9918296439095015,-0.005492301713251213,-0.013444614445041303
kvzap-predictor-trace-20260818T072057Z::longbench__gov_report__row000180,kvzap-predictor-trace-20260818T072715Z::longbench__2wikimqa__row000124,longbench__gov_report__row000180,longbench__2wikimqa__row000124,0.9924345369567151,0.9917714866417086,-0.01588354002628245,-0.02378412164141608
kvzap-predictor-trace-20260818T072057Z::longbench__gov_report__row000180,kvzap-predictor-trace-20260818T072733Z::longbench__musique__row000052,longbench__gov_report__row000180,longbench__musique__row000052,0.986078634187815,0.9865425550408741,-0.0015220067098946632,-0.011579424839060937
kvzap-predictor-trace-20260818T072057Z::longbench__gov_report__row000180,kvzap-predictor-trace-20260818T072754Z::longbench__musique__row000155,longbench__gov_report__row000180,longbench__musique__row000155,0.9670099008652295,0.9818048211093947,-0.02713951424897798,-0.04016400525658037
kvzap-predictor-trace-20260818T072113Z::longbench__multi_news__row000129,kvzap-predictor-trace-20260818T072129Z::longbench__multi_news__row000144,longbench__multi_news__row000129,longbench__multi_news__row000144,0.9967801665016021,0.9973189233861105,0.0045996486157460215,0.004311038622140995
kvzap-predictor-trace-20260818T072113Z::longbench__multi_news__row000129,kvzap-predictor-trace-20260818T072147Z::longbench__qmsum__row000016,longbench__multi_news__row000129,longbench__qmsum__row000016,0.9826455856655745,0.9812219827463757,0.020631046778645135,0.017134221514820802
kvzap-predictor-trace-20260818T072113Z::longbench__multi_news__row000129,kvzap-predictor-trace-20260818T072204Z::longbench__qmsum__row000044,longbench__multi_news__row000129,longbench__qmsum__row000044,0.9714159326950784,0.9655861518709726,0.05885074448375138,0.06025449399650373
kvzap-predictor-trace-20260818T072113Z::longbench__multi_news__row000129,kvzap-predictor-trace-20260818T072221Z::longbench__gov_report__row000003,longbench__multi_news__row000129,longbench__gov_report__row000003,0.9882224941417942,0.9861507941435746,-0.004823422327512095,-0.011841691813582744
kvzap-predictor-trace-20260818T072113Z::longbench__multi_news__row000129,kvzap-predictor-trace-20260818T072239Z::longbench__gov_report__row000057,longbench__multi_news__row000129,longbench__gov_report__row000057,0.9907171245588942,0.9912700296623134,0.005869560404740404,-0.00030814047134752887
kvzap-predictor-trace-20260818T072113Z::longbench__multi_news__row000129,kvzap-predictor-trace-20260818T072258Z::longbench__multi_news__row000073,longbench__multi_news__row000129,longbench__multi_news__row000073,0.9640528235702316,0.982804904490672,0.0015688532799761346,-0.009225978601737128
kvzap-predictor-trace-20260818T072113Z::longbench__multi_news__row000129,kvzap-predictor-trace-20260818T072318Z::longbench__qmsum__row000010,longbench__multi_news__row000129,longbench__qmsum__row000010,0.8673599348541173,0.9273398974776995,-0.002861325559269212,-0.014278651956778576
kvzap-predictor-trace-20260818T072113Z::longbench__multi_news__row000129,kvzap-predictor-trace-20260818T072338Z::longbench__qmsum__row000036,longbench__multi_news__row000129,longbench__qmsum__row000036,0.9444915677954843,0.9637093474728398,0.011117595445277795,0.0023435145904118215
kvzap-predictor-trace-20260818T072113Z::longbench__multi_news__row000129,kvzap-predictor-trace-20260818T072355Z::longbench__2wikimqa__row000062,longbench__multi_news__row000129,longbench__2wikimqa__row000062,0.988175525652076,0.9924055949982767,-0.0013376058876073404,0.007997662723099652
kvzap-predictor-trace-20260818T072113Z::longbench__multi_news__row000129,kvzap-predictor-trace-20260818T072412Z::longbench__2wikimqa__row000089,longbench__multi_news__row000129,longbench__2wikimqa__row000089,0.98947118922765,0.9928697896263913,-0.003519543551731674,0.002153529189029668
kvzap-predictor-trace-20260818T072113Z::longbench__multi_news__row000129,kvzap-predictor-trace-20260818T072428Z::longbench__2wikimqa__row000106,longbench__multi_news__row000129,longbench__2wikimqa__row000106,0.9779286077958486,0.987238433648065,0.001450547318836315,0.016952203809956323
kvzap-predictor-trace-20260818T072113Z::longbench__multi_news__row000129,kvzap-predictor-trace-20260818T072443Z::longbench__2wikimqa__row000118,longbench__multi_news__row000129,longbench__2wikimqa__row000118,0.9724524522730196,0.9823043287522606,-0.004510192046035977,0.020552448705267623
kvzap-predictor-trace-20260818T072113Z::longbench__multi_news__row000129,kvzap-predictor-trace-20260818T072458Z::longbench__2wikimqa__row000134,longbench__multi_news__row000129,longbench__2wikimqa__row000134,0.9903282045261567,0.9925540848447434,0.00480142796213634,0.011690622779262805
kvzap-predictor-trace-20260818T072113Z::longbench__multi_news__row000129,kvzap-predictor-trace-20260818T072514Z::longbench__2wikimqa__row000055,longbench__multi_news__row000129,longbench__2wikimqa__row000055,0.9920475434669487,0.9940669934025547,0.004759215230619174,0.008089812951857622
kvzap-predictor-trace-20260818T072113Z::longbench__multi_news__row000129,kvzap-predictor-trace-20260818T072530Z::longbench__2wikimqa__row000167,longbench__multi_news__row000129,longbench__2wikimqa__row000167,0.9896036388026767,0.9914985924707238,0.01360623684303952,0.0160398757256508
kvzap-predictor-trace-20260818T072113Z::longbench__multi_news__row000129,kvzap-predictor-trace-20260818T072546Z::longbench__musique__row000068,longbench__multi_news__row000129,longbench__musique__row000068,0.9945012379350584,0.9903513525844548,0.0021655214053799554,-0.001838181549961515
kvzap-predictor-trace-20260818T072113Z::longbench__multi_news__row000129,kvzap-predictor-trace-20260818T072604Z::longbench__musique__row000135,longbench__multi_news__row000129,longbench__musique__row000135,0.9924633901059927,0.9908890791166516,-0.0014891247250017337,-0.007220828076010433
kvzap-predictor-trace-20260818T072113Z::longbench__multi_news__row000129,kvzap-predictor-trace-20260818T072622Z::longbench__musique__row000191,longbench__multi_news__row000129,longbench__musique__row000191,0.9924163574577373,0.9905082309388445,-0.0010493639587630943,-0.007318591363014937
kvzap-predictor-trace-20260818T072113Z::longbench__multi_news__row000129,kvzap-predictor-trace-20260818T072640Z::longbench__2wikimqa__row000017,longbench__multi_news__row000129,longbench__2wikimqa__row000017,0.9957756724723357,0.9951662715232961,-0.0032152235211792,-0.010014612438716597
kvzap-predictor-trace-20260818T072113Z::longbench__multi_news__row000129,kvzap-predictor-trace-20260818T072657Z::longbench__2wikimqa__row000083,longbench__multi_news__row000129,longbench__2wikimqa__row000083,0.9930643848569545,0.9937164738803861,0.00027991116358394574,-0.00628480415231647
kvzap-predictor-trace-20260818T072113Z::longbench__multi_news__row000129,kvzap-predictor-trace-20260818T072715Z::longbench__2wikimqa__row000124,longbench__multi_news__row000129,longbench__2wikimqa__row000124,0.9953348911201746,0.9951762937973802,-0.010111327149447291,-0.016624311348691245
kvzap-predictor-trace-20260818T072113Z::longbench__multi_news__row000129,kvzap-predictor-trace-20260818T072733Z::longbench__musique__row000052,longbench__multi_news__row000129,longbench__musique__row000052,0.9911083847133437,0.9897795490086363,0.004250206166940496,-0.004419614546336104
kvzap-predictor-trace-20260818T072113Z::longbench__multi_news__row000129,kvzap-predictor-trace-20260818T072754Z::longbench__musique__row000155,longbench__multi_news__row000129,longbench__musique__row000155,0.9734920210761823,0.9839733953200447,-0.021367301372142822,-0.03300419496385554
kvzap-predictor-trace-20260818T072129Z::longbench__multi_news__row000144,kvzap-predictor-trace-20260818T072147Z::longbench__qmsum__row000016,longbench__multi_news__row000144,longbench__qmsum__row000016,0.9877996730197517,0.9852312259058867,0.016031398162899113,0.012823182892679807
kvzap-predictor-trace-20260818T072129Z::longbench__multi_news__row000144,kvzap-predictor-trace-20260818T072204Z::longbench__qmsum__row000044,longbench__multi_news__row000144,longbench__qmsum__row000044,0.9752809664140651,0.9688937501904145,0.05425109586800536,0.05594345537436274
kvzap-predictor-trace-20260818T072129Z::longbench__multi_news__row000144,kvzap-predictor-trace-20260818T072221Z::longbench__gov_report__row000003,longbench__multi_news__row000144,longbench__gov_report__row000003,0.9889482505214646,0.9861530133035358,-0.009423070943258116,-0.01615273043572374
kvzap-predictor-trace-20260818T072129Z::longbench__multi_news__row000144,kvzap-predictor-trace-20260818T072239Z::longbench__gov_report__row000057,longbench__multi_news__row000144,longbench__gov_report__row000057,0.9923447224699357,0.991472244461663,0.0012699117889943823,-0.0046191790934885235
kvzap-predictor-trace-20260818T072129Z::longbench__multi_news__row000144,kvzap-predictor-trace-20260818T072258Z::longbench__multi_news__row000073,longbench__multi_news__row000144,longbench__multi_news__row000073,0.9706508722312176,0.9847611171967814,-0.003030795335769887,-0.013537017223878123
kvzap-predictor-trace-20260818T072129Z::longbench__multi_news__row000144,kvzap-predictor-trace-20260818T072318Z::longbench__qmsum__row000010,longbench__multi_news__row000144,longbench__qmsum__row000010,0.8816544957166309,0.9342864291712422,-0.007460974175015234,-0.01858969057891957
kvzap-predictor-trace-20260818T072129Z::longbench__multi_news__row000144,kvzap-predictor-trace-20260818T072338Z::longbench__qmsum__row000036,longbench__multi_news__row000144,longbench__qmsum__row000036,0.9550149433852846,0.9692298979501812,0.006517946829531773,-0.001967524031729173
kvzap-predictor-trace-20260818T072129Z::longbench__multi_news__row000144,kvzap-predictor-trace-20260818T072355Z::longbench__2wikimqa__row000062,longbench__multi_news__row000144,longbench__2wikimqa__row000062,0.9798473339901657,0.9882524884457877,-0.005937254503353362,0.0036866241009586576
kvzap-predictor-trace-20260818T072129Z::longbench__multi_news__row000144,kvzap-predictor-trace-20260818T072412Z::longbench__2wikimqa__row000089,longbench__multi_news__row000144,longbench__2wikimqa__row000089,0.984436794126212,0.9899318591721858,-0.008119192167477696,-0.0021575094331113265
kvzap-predictor-trace-20260818T072129Z::longbench__multi_news__row000144,kvzap-predictor-trace-20260818T072428Z::longbench__2wikimqa__row000106,longbench__multi_news__row000144,longbench__2wikimqa__row000106,0.9675204369519252,0.9822121343859869,-0.0031491012969097065,0.012641165187815329
kvzap-predictor-trace-20260818T072129Z::longbench__multi_news__row000144,kvzap-predictor-trace-20260818T072443Z::longbench__2wikimqa__row000118,longbench__multi_news__row000144,longbench__2wikimqa__row000118,0.9609134775320474,0.9763118097923621,-0.009109840661781998,0.01624141008312663
kvzap-predictor-trace-20260818T072129Z::longbench__multi_news__row000144,kvzap-predictor-trace-20260818T072458Z::longbench__2wikimqa__row000134,longbench__multi_news__row000144,longbench__2wikimqa__row000134,0.9840325490139255,0.989004662123038,0.00020177934639031836,0.00737958415712181
kvzap-predictor-trace-20260818T072129Z::longbench__multi_news__row000144,kvzap-predictor-trace-20260818T072514Z::longbench__2wikimqa__row000055,longbench__multi_news__row000144,longbench__2wikimqa__row000055,0.9873573611142448,0.9910508792129209,0.00015956661487315227,0.0037787743297166276
kvzap-predictor-trace-20260818T072129Z::longbench__multi_news__row000144,kvzap-predictor-trace-20260818T072530Z::longbench__2wikimqa__row000167,longbench__multi_news__row000144,longbench__2wikimqa__row000167,0.9821018026687286,0.9870208910050836,0.0090065882272935,0.011728837103509804
kvzap-predictor-trace-20260818T072129Z::longbench__multi_news__row000144,kvzap-predictor-trace-20260818T072546Z::longbench__musique__row000068,longbench__multi_news__row000144,longbench__musique__row000068,0.9915192129216082,0.9868523782729989,-0.002434127210366066,-0.00614922017210251
kvzap-predictor-trace-20260818T072129Z::longbench__multi_news__row000144,kvzap-predictor-trace-20260818T072604Z::longbench__musique__row000135,longbench__multi_news__row000144,longbench__musique__row000135,0.9901276200956004,0.9879381833488802,-0.006088773340747755,-0.011531866698151427
kvzap-predictor-trace-20260818T072129Z::longbench__multi_news__row000144,kvzap-predictor-trace-20260818T072622Z::longbench__musique__row000191,longbench__multi_news__row000144,longbench__musique__row000191,0.9898479569332161,0.9873808341154974,-0.005649012574509116,-0.011629629985155931
kvzap-predictor-trace-20260818T072129Z::longbench__multi_news__row000144,kvzap-predictor-trace-20260818T072640Z::longbench__2wikimqa__row000017,longbench__multi_news__row000144,longbench__2wikimqa__row000017,0.9936663650851656,0.9930948732571487,-0.007814872136925222,-0.014325651060857592
kvzap-predictor-trace-20260818T072129Z::longbench__multi_news__row000144,kvzap-predictor-trace-20260818T072657Z::longbench__2wikimqa__row000083,longbench__multi_news__row000144,longbench__2wikimqa__row000083,0.9899124343153672,0.9920383888702574,-0.004319737452162076,-0.010595842774457465
kvzap-predictor-trace-20260818T072129Z::longbench__multi_news__row000144,kvzap-predictor-trace-20260818T072715Z::longbench__2wikimqa__row000124,longbench__multi_news__row000144,longbench__2wikimqa__row000124,0.9932642546405896,0.9933526763685303,-0.014710975765193313,-0.02093534997083224
kvzap-predictor-trace-20260818T072129Z::longbench__multi_news__row000144,kvzap-predictor-trace-20260818T072733Z::longbench__musique__row000052,longbench__multi_news__row000144,longbench__musique__row000052,0.988679602633154,0.9865351379355658,-0.0003494424488055259,-0.008730653168477098
kvzap-predictor-trace-20260818T072129Z::longbench__multi_news__row000144,kvzap-predictor-trace-20260818T072754Z::longbench__musique__row000155,longbench__multi_news__row000144,longbench__musique__row000155,0.9752453689488472,0.9838009116778119,-0.025966949987888843,-0.03731523358599653
kvzap-predictor-trace-20260818T072147Z::longbench__qmsum__row000016,kvzap-predictor-trace-20260818T072204Z::longbench__qmsum__row000044,longbench__qmsum__row000016,longbench__qmsum__row000044,0.990610909310907,0.9889610755769054,0.03821969770510625,0.04312027248168293
kvzap-predictor-trace-20260818T072147Z::longbench__qmsum__row000016,kvzap-predictor-trace-20260818T072221Z::longbench__gov_report__row000003,longbench__qmsum__row000016,longbench__gov_report__row000003,0.9812491901499284,0.9773720484613032,-0.02545446910615723,-0.028975913328403546
kvzap-predictor-trace-20260818T072147Z::longbench__qmsum__row000016,kvzap-predictor-trace-20260818T072239Z::longbench__gov_report__row000057,longbench__qmsum__row000016,longbench__gov_report__row000057,0.9864962248350096,0.9839452990389954,-0.01476148637390473,-0.01744236198616833
kvzap-predictor-trace-20260818T072147Z::longbench__qmsum__row000016,kvzap-predictor-trace-20260818T072258Z::longbench__multi_news__row000073,longbench__qmsum__row000016,longbench__multi_news__row000073,0.9777766726451026,0.9810492276512789,-0.019062193498669,-0.02636020011655793
kvzap-predictor-trace-20260818T072147Z::longbench__qmsum__row000016,kvzap-predictor-trace-20260818T072318Z::longbench__qmsum__row000010,longbench__qmsum__row000016,longbench__qmsum__row000010,0.9250723114321199,0.9617451727916054,-0.023492372337914347,-0.03141287347159938
kvzap-predictor-trace-20260818T072147Z::longbench__qmsum__row000016,kvzap-predictor-trace-20260818T072338Z::longbench__qmsum__row000036,longbench__qmsum__row000016,longbench__qmsum__row000036,0.9815417975919158,0.9904133397804373,-0.00951345133336734,-0.01479070692440898
kvzap-predictor-trace-20260818T072147Z::longbench__qmsum__row000016,kvzap-predictor-trace-20260818T072355Z::longbench__2wikimqa__row000062,longbench__qmsum__row000016,longbench__2wikimqa__row000062,0.9614464897597548,0.9724681373686653,-0.021968652666252475,-0.00913655879172115
kvzap-predictor-trace-20260818T072147Z::longbench__qmsum__row000016,kvzap-predictor-trace-20260818T072412Z::longbench__2wikimqa__row000089,longbench__qmsum__row000016,longbench__2wikimqa__row000089,0.967201376255066,0.9746909240626342,-0.02415059033037681,-0.014980692325791134
kvzap-predictor-trace-20260818T072147Z::longbench__qmsum__row000016,kvzap-predictor-trace-20260818T072428Z::longbench__2wikimqa__row000106,longbench__qmsum__row000016,longbench__2wikimqa__row000106,0.9495913100517287,0.9688794794641449,-0.01918049945980882,-0.00018201770486447888
kvzap-predictor-trace-20260818T072147Z::longbench__qmsum__row000016,kvzap-predictor-trace-20260818T072443Z::longbench__2wikimqa__row000118,longbench__qmsum__row000016,longbench__2wikimqa__row000118,0.9443491264064757,0.9628247353419033,-0.02514123882468111,0.003418227190446821
kvzap-predictor-trace-20260818T072147Z::longbench__qmsum__row000016,kvzap-predictor-trace-20260818T072458Z::longbench__2wikimqa__row000134,longbench__qmsum__row000016,longbench__2wikimqa__row000134,0.9658974657204182,0.9736456468825296,-0.015829618816508795,-0.005443598735557997
kvzap-predictor-trace-20260818T072147Z::longbench__qmsum__row000016,kvzap-predictor-trace-20260818T072514Z::longbench__2wikimqa__row000055,longbench__qmsum__row000016,longbench__2wikimqa__row000055,0.9739217604109558,0.977065861545729,-0.01587183154802596,-0.00904440856296318
kvzap-predictor-trace-20260818T072147Z::longbench__qmsum__row000016,kvzap-predictor-trace-20260818T072530Z::longbench__2wikimqa__row000167,longbench__qmsum__row000016,longbench__2wikimqa__row000167,0.9672346940815864,0.9740459288312053,-0.007024809935605614,-0.0010943457891700037
kvzap-predictor-trace-20260818T072147Z::longbench__qmsum__row000016,kvzap-predictor-trace-20260818T072546Z::longbench__musique__row000068,longbench__qmsum__row000016,longbench__musique__row000068,0.9856213810835343,0.9772341288887489,-0.01846552537326518,-0.018972403064782317
kvzap-predictor-trace-20260818T072147Z::longbench__qmsum__row000016,kvzap-predictor-trace-20260818T072604Z::longbench__musique__row000135,longbench__qmsum__row000016,longbench__musique__row000135,0.9859234737235679,0.9789751394974348,-0.022120171503646868,-0.024355049590831235
kvzap-predictor-trace-20260818T072147Z::longbench__qmsum__row000016,kvzap-predictor-trace-20260818T072622Z::longbench__musique__row000191,longbench__qmsum__row000016,longbench__musique__row000191,0.9852657829293533,0.9781201832457179,-0.02168041073740823,-0.02445281287783574
kvzap-predictor-trace-20260818T072147Z::longbench__qmsum__row000016,kvzap-predictor-trace-20260818T072640Z::longbench__2wikimqa__row000017,longbench__qmsum__row000016,longbench__2wikimqa__row000017,0.9816327408489397,0.9785712171786672,-0.023846270299824335,-0.0271488339535374
kvzap-predictor-trace-20260818T072147Z::longbench__qmsum__row000016,kvzap-predictor-trace-20260818T072657Z::longbench__2wikimqa__row000083,longbench__qmsum__row000016,longbench__2wikimqa__row000083,0.9793571626459698,0.9811317827946057,-0.02035113561506119,-0.023419025667137272
kvzap-predictor-trace-20260818T072147Z::longbench__qmsum__row000016,kvzap-predictor-trace-20260818T072715Z::longbench__2wikimqa__row000124,longbench__qmsum__row000016,longbench__2wikimqa__row000124,0.9773466229230329,0.9757387233532849,-0.030742373928092426,-0.03375853286351205
kvzap-predictor-trace-20260818T072147Z::longbench__qmsum__row000016,kvzap-predictor-trace-20260818T072733Z::longbench__musique__row000052,longbench__qmsum__row000016,longbench__musique__row000052,0.9825582707554255,0.974712367640414,-0.01638084061170464,-0.021553836061156906
kvzap-predictor-trace-20260818T072147Z::longbench__qmsum__row000016,kvzap-predictor-trace-20260818T072754Z::longbench__musique__row000155,longbench__qmsum__row000016,longbench__musique__row000155,0.974948746274931,0.9745074297979098,-0.041998348150787956,-0.05013841647867634
kvzap-predictor-trace-20260818T072204Z::longbench__qmsum__row000044,kvzap-predictor-trace-20260818T072221Z::longbench__gov_report__row000003,longbench__qmsum__row000044,longbench__gov_report__row000003,0.9668728603895508,0.9552419362863288,-0.06367416681126348,-0.07209618581008648
kvzap-predictor-trace-20260818T072204Z::longbench__qmsum__row000044,kvzap-predictor-trace-20260818T072239Z::longbench__gov_report__row000057,longbench__qmsum__row000044,longbench__gov_report__row000057,0.9733292415431282,0.9664473702037105,-0.05298118407901098,-0.06056263446785126
kvzap-predictor-trace-20260818T072204Z::longbench__qmsum__row000044,kvzap-predictor-trace-20260818T072258Z::longbench__multi_news__row000073,longbench__qmsum__row000044,longbench__multi_news__row000073,0.9631005691612624,0.9646944748150368,-0.05728189120377525,-0.06948047259824086
kvzap-predictor-trace-20260818T072204Z::longbench__qmsum__row000044,kvzap-predictor-trace-20260818T072318Z::longbench__qmsum__row000010,longbench__qmsum__row000044,longbench__qmsum__row000010,0.9103248126316663,0.95432878868381,-0.061712070043020595,-0.07453314595328231
kvzap-predictor-trace-20260818T072204Z::longbench__qmsum__row000044,kvzap-predictor-trace-20260818T072338Z::longbench__qmsum__row000036,longbench__qmsum__row000044,longbench__qmsum__row000036,0.9703508616738225,0.9816253494385533,-0.04773314903847359,-0.05791097940609191
kvzap-predictor-trace-20260818T072204Z::longbench__qmsum__row000044,kvzap-predictor-trace-20260818T072355Z::longbench__2wikimqa__row000062,longbench__qmsum__row000044,longbench__2wikimqa__row000062,0.9541711960694687,0.9589657647599967,-0.06018835037135872,-0.05225683127340408
kvzap-predictor-trace-20260818T072204Z::longbench__qmsum__row000044,kvzap-predictor-trace-20260818T072412Z::longbench__2wikimqa__row000089,longbench__qmsum__row000044,longbench__2wikimqa__row000089,0.9566433652929672,0.9580994658010856,-0.06237028803548306,-0.058100964807474065
kvzap-predictor-trace-20260818T072204Z::longbench__qmsum__row000044,kvzap-predictor-trace-20260818T072428Z::longbench__2wikimqa__row000106,longbench__qmsum__row000044,longbench__2wikimqa__row000106,0.9442513861155893,0.9573528156433871,-0.05740019716491507,-0.04330229018654741
kvzap-predictor-trace-20260818T072204Z::longbench__qmsum__row000044,kvzap-predictor-trace-20260818T072443Z::longbench__2wikimqa__row000118,longbench__qmsum__row000044,longbench__2wikimqa__row000118,0.9398555969353561,0.9533227680888033,-0.06336093652978736,-0.03970204529123611
kvzap-predictor-trace-20260818T072204Z::longbench__qmsum__row000044,kvzap-predictor-trace-20260818T072458Z::longbench__2wikimqa__row000134,longbench__qmsum__row000044,longbench__2wikimqa__row000134,0.9590566649599626,0.9617462751860644,-0.05404931652161504,-0.04856387121724093
kvzap-predictor-trace-20260818T072204Z::longbench__qmsum__row000044,kvzap-predictor-trace-20260818T072514Z::longbench__2wikimqa__row000055,longbench__qmsum__row000044,longbench__2wikimqa__row000055,0.9652376939130012,0.9635467331262544,-0.05409152925313221,-0.05216468104464611
kvzap-predictor-trace-20260818T072204Z::longbench__qmsum__row000044,kvzap-predictor-trace-20260818T072530Z::longbench__2wikimqa__row000167,longbench__qmsum__row000044,longbench__2wikimqa__row000167,0.961487496755553,0.9634990395040169,-0.04524450764071186,-0.044214618270852935
kvzap-predictor-trace-20260818T072204Z::longbench__qmsum__row000044,kvzap-predictor-trace-20260818T072546Z::longbench__musique__row000068,longbench__qmsum__row000044,longbench__musique__row000068,0.9783924486068997,0.9695415176793383,-0.05668522307837143,-0.06209267554646525
kvzap-predictor-trace-20260818T072204Z::longbench__qmsum__row000044,kvzap-predictor-trace-20260818T072604Z::longbench__musique__row000135,longbench__qmsum__row000044,longbench__musique__row000135,0.9768774567052502,0.9693575208328402,-0.060339869208753116,-0.06747532207251417
kvzap-predictor-trace-20260818T072204Z::longbench__qmsum__row000044,kvzap-predictor-trace-20260818T072622Z::longbench__musique__row000191,longbench__qmsum__row000044,longbench__musique__row000191,0.9764179588506116,0.9685205026560043,-0.05990010844251448,-0.06757308535951867
kvzap-predictor-trace-20260818T072204Z::longbench__qmsum__row000044,kvzap-predictor-trace-20260818T072640Z::longbench__2wikimqa__row000017,longbench__qmsum__row000044,longbench__2wikimqa__row000017,0.9704344796171498,0.962654345258609,-0.06206596800493058,-0.07026910643522033
kvzap-predictor-trace-20260818T072204Z::longbench__qmsum__row000044,kvzap-predictor-trace-20260818T072657Z::longbench__2wikimqa__row000083,longbench__qmsum__row000044,longbench__2wikimqa__row000083,0.9683470978504976,0.964762496141426,-0.05857083332016744,-0.0665392981488202
kvzap-predictor-trace-20260818T072204Z::longbench__qmsum__row000044,kvzap-predictor-trace-20260818T072715Z::longbench__2wikimqa__row000124,longbench__qmsum__row000044,longbench__2wikimqa__row000124,0.9637863380147305,0.9566884052858438,-0.06896207163319867,-0.07687880534519498
kvzap-predictor-trace-20260818T072204Z::longbench__qmsum__row000044,kvzap-predictor-trace-20260818T072733Z::longbench__musique__row000052,longbench__qmsum__row000044,longbench__musique__row000052,0.9725062949363102,0.9636876564727718,-0.05460053831681089,-0.06467410854283984
kvzap-predictor-trace-20260818T072204Z::longbench__qmsum__row000044,kvzap-predictor-trace-20260818T072754Z::longbench__musique__row000155,longbench__qmsum__row000044,longbench__musique__row000155,0.9571259481718328,0.952938801834506,-0.0802180458558942,-0.09325868896035927
kvzap-predictor-trace-20260818T072221Z::longbench__gov_report__row000003,kvzap-predictor-trace-20260818T072239Z::longbench__gov_report__row000057,longbench__gov_report__row000003,longbench__gov_report__row000057,0.9983025592264549,0.9964973668151075,0.010692982732252498,0.011533551342235215
kvzap-predictor-trace-20260818T072221Z::longbench__gov_report__row000003,kvzap-predictor-trace-20260818T072258Z::longbench__multi_news__row000073,longbench__gov_report__row000003,longbench__multi_news__row000073,0.9874854121997,0.9907639709111109,0.006392275607488229,0.002615713211845616
kvzap-predictor-trace-20260818T072221Z::longbench__gov_report__row000003,kvzap-predictor-trace-20260818T072318Z::longbench__qmsum__row000010,longbench__gov_report__row000003,longbench__qmsum__row000010,0.8999225021813969,0.9409657635815912,0.0019620967682428825,-0.002436960143195832
kvzap-predictor-trace-20260818T072221Z::longbench__gov_report__row000003,kvzap-predictor-trace-20260818T072338Z::longbench__qmsum__row000036,longbench__gov_report__row000003,longbench__qmsum__row000036,0.9617240646586631,0.9702790663072824,0.01594101777278989,0.014185206403994566
kvzap-predictor-trace-20260818T072221Z::longbench__gov_report__row000003,kvzap-predictor-trace-20260818T072355Z::longbench__2wikimqa__row000062,longbench__gov_report__row000003,longbench__2wikimqa__row000062,0.9668354150801008,0.9753135608472762,0.003485816439904754,0.019839354536682396
kvzap-predictor-trace-20260818T072221Z::longbench__gov_report__row000003,kvzap-predictor-trace-20260818T072412Z::longbench__2wikimqa__row000089,longbench__gov_report__row000003,longbench__2wikimqa__row000089,0.9714122341457151,0.9784322471060659,0.0013038787757804204,0.013995221002612412
kvzap-predictor-trace-20260818T072221Z::longbench__gov_report__row000003,kvzap-predictor-trace-20260818T072428Z::longbench__2wikimqa__row000106,longbench__gov_report__row000003,longbench__2wikimqa__row000106,0.9541780252414488,0.968416751089038,0.00627396964634841,0.028793895623539068
kvzap-predictor-trace-20260818T072221Z::longbench__gov_report__row000003,kvzap-predictor-trace-20260818T072443Z::longbench__2wikimqa__row000118,longbench__gov_report__row000003,longbench__2wikimqa__row000118,0.9474973092505685,0.9611517904900938,0.00031323028147611787,0.03239414051885037
kvzap-predictor-trace-20260818T072221Z::longbench__gov_report__row000003,kvzap-predictor-trace-20260818T072458Z::longbench__2wikimqa__row000134,longbench__gov_report__row000003,longbench__2wikimqa__row000134,0.9704245626138485,0.9754946608147511,0.009624850289648434,0.02353231459284555
kvzap-predictor-trace-20260818T072221Z::longbench__gov_report__row000003,kvzap-predictor-trace-20260818T072514Z::longbench__2wikimqa__row000055,longbench__gov_report__row000003,longbench__2wikimqa__row000055,0.9761420576612556,0.9788928055424175,0.009582637558131268,0.019931504765440367
kvzap-predictor-trace-20260818T072221Z::longbench__gov_report__row000003,kvzap-predictor-trace-20260818T072530Z::longbench__2wikimqa__row000167,longbench__gov_report__row000003,longbench__2wikimqa__row000167,0.9722283180760677,0.9753950481269039,0.018429659170551616,0.027881567539233543
kvzap-predictor-trace-20260818T072221Z::longbench__gov_report__row000003,kvzap-predictor-trace-20260818T072546Z::longbench__musique__row000068,longbench__gov_report__row000003,longbench__musique__row000068,0.9878055018139166,0.9778103024697108,0.00698894373289205,0.01000351026362123
kvzap-predictor-trace-20260818T072221Z::longbench__gov_report__row000003,kvzap-predictor-trace-20260818T072604Z::longbench__musique__row000135,longbench__gov_report__row000003,longbench__musique__row000135,0.9899443065081601,0.9808140462592593,0.003334297602510361,0.004620863737572312
kvzap-predictor-trace-20260818T072221Z::longbench__gov_report__row000003,kvzap-predictor-trace-20260818T072622Z::longbench__musique__row000191,longbench__gov_report__row000003,longbench__musique__row000191,0.9905832550110719,0.9812783886822382,0.0037740583687490004,0.004523100450567807
kvzap-predictor-trace-20260818T072221Z::longbench__gov_report__row000003,kvzap-predictor-trace-20260818T072640Z::longbench__2wikimqa__row000017,longbench__gov_report__row000003,longbench__2wikimqa__row000017,0.9933904959355805,0.9899331557928485,0.0016081988063328945,0.0018270793748661474
kvzap-predictor-trace-20260818T072221Z::longbench__gov_report__row000003,kvzap-predictor-trace-20260818T072657Z::longbench__2wikimqa__row000083,longbench__gov_report__row000003,longbench__2wikimqa__row000083,0.993959249534109,0.9915550974641537,0.00510333349109604,0.005556887661266274
kvzap-predictor-trace-20260818T072221Z::longbench__gov_report__row000003,kvzap-predictor-trace-20260818T072715Z::longbench__2wikimqa__row000124,longbench__gov_report__row000003,longbench__2wikimqa__row000124,0.9925668979843418,0.9903688222793707,-0.0052879048219351965,-0.004782619535108501
kvzap-predictor-trace-20260818T072221Z::longbench__gov_report__row000003,kvzap-predictor-trace-20260818T072733Z::longbench__musique__row000052,longbench__gov_report__row000003,longbench__musique__row000052,0.9949558957695213,0.9850155280278087,0.00907362849445259,0.007422077267246641
kvzap-predictor-trace-20260818T072221Z::longbench__gov_report__row000003,kvzap-predictor-trace-20260818T072754Z::longbench__musique__row000155,longbench__gov_report__row000003,longbench__musique__row000155,0.9933975943763438,0.9933399038950258,-0.016543879044630727,-0.021162503150272793
kvzap-predictor-trace-20260818T072239Z::longbench__gov_report__row000057,kvzap-predictor-trace-20260818T072258Z::longbench__multi_news__row000073,longbench__gov_report__row000057,longbench__multi_news__row000073,0.9881459297053088,0.9936152989853986,-0.004300707124764269,-0.0089178381303896
kvzap-predictor-trace-20260818T072239Z::longbench__gov_report__row000057,kvzap-predictor-trace-20260818T072318Z::longbench__qmsum__row000010,longbench__gov_report__row000057,longbench__qmsum__row000010,0.9066183926834214,0.9488569892927861,-0.008730885964009616,-0.013970511485431047
kvzap-predictor-trace-20260818T072239Z::longbench__gov_report__row000057,kvzap-predictor-trace-20260818T072338Z::longbench__qmsum__row000036,longbench__gov_report__row000057,longbench__qmsum__row000036,0.9674765760238201,0.9771582813524521,0.005248035040537391,0.0026516550617593504
kvzap-predictor-trace-20260818T072239Z::longbench__gov_report__row000057,kvzap-predictor-trace-20260818T072355Z::longbench__2wikimqa__row000062,longbench__gov_report__row000057,longbench__2wikimqa__row000062,0.9674141077241544,0.9796735110814915,-0.007207166292347744,0.008305803194447181
kvzap-predictor-trace-20260818T072239Z::longbench__gov_report__row000057,kvzap-predictor-trace-20260818T072412Z::longbench__2wikimqa__row000089,longbench__gov_report__row000057,longbench__2wikimqa__row000089,0.9719999096429336,0.9816135335123226,-0.009389103956472078,0.002461669660377197
kvzap-predictor-trace-20260818T072239Z::longbench__gov_report__row000057,kvzap-predictor-trace-20260818T072428Z::longbench__2wikimqa__row000106,longbench__gov_report__row000057,longbench__2wikimqa__row000106,0.9538729100535706,0.9728589526484933,-0.004419013085904089,0.017260344281303852
kvzap-predictor-trace-20260818T072239Z::longbench__gov_report__row000057,kvzap-predictor-trace-20260818T072443Z::longbench__2wikimqa__row000118,longbench__gov_report__row000057,longbench__2wikimqa__row000118,0.9467447218298507,0.9665420533034652,-0.01037975245077638,0.020860589176615152
kvzap-predictor-trace-20260818T072239Z::longbench__gov_report__row000057,kvzap-predictor-trace-20260818T072458Z::longbench__2wikimqa__row000134,longbench__gov_report__row000057,longbench__2wikimqa__row000134,0.9713334647100299,0.9804572766758235,-0.001068132442604064,0.011998763250610334
kvzap-predictor-trace-20260818T072239Z::longbench__gov_report__row000057,kvzap-predictor-trace-20260818T072514Z::longbench__2wikimqa__row000055,longbench__gov_report__row000057,longbench__2wikimqa__row000055,0.9772307816882939,0.983675598952993,-0.00111034517412123,0.008397953423205151
kvzap-predictor-trace-20260818T072239Z::longbench__gov_report__row000057,kvzap-predictor-trace-20260818T072530Z::longbench__2wikimqa__row000167,longbench__gov_report__row000057,longbench__2wikimqa__row000167,0.9727736164421705,0.9806706054892455,0.007736676438299117,0.016348016196998327
kvzap-predictor-trace-20260818T072239Z::longbench__gov_report__row000057,kvzap-predictor-trace-20260818T072546Z::longbench__musique__row000068,longbench__gov_report__row000057,longbench__musique__row000068,0.9902635235111009,0.9859145771011915,-0.0037040389993604483,-0.0015300410786139862
kvzap-predictor-trace-20260818T072239Z::longbench__gov_report__row000057,kvzap-predictor-trace-20260818T072604Z::longbench__musique__row000135,longbench__gov_report__row000057,longbench__musique__row000135,0.9916703186757834,0.9879955568344835,-0.007358685129742137,-0.006912687604662904
kvzap-predictor-trace-20260818T072239Z::longbench__gov_report__row000057,kvzap-predictor-trace-20260818T072622Z::longbench__musique__row000191,longbench__gov_report__row000057,longbench__musique__row000191,0.9924194577766038,0.98842125130822,-0.006918924363503498,-0.007010450891667408
kvzap-predictor-trace-20260818T072239Z::longbench__gov_report__row000057,kvzap-predictor-trace-20260818T072640Z::longbench__2wikimqa__row000017,longbench__gov_report__row000057,longbench__2wikimqa__row000017,0.993336715145107,0.9927614064161522,-0.009084783925919604,-0.009706471967369068
kvzap-predictor-trace-20260818T072239Z::longbench__gov_report__row000057,kvzap-predictor-trace-20260818T072657Z::longbench__2wikimqa__row000083,longbench__gov_report__row000057,longbench__2wikimqa__row000083,0.993357020863657,0.9935525490120378,-0.005589649241156458,-0.005976663680968941
kvzap-predictor-trace-20260818T072239Z::longbench__gov_report__row000057,kvzap-predictor-trace-20260818T072715Z::longbench__2wikimqa__row000124,longbench__gov_report__row000057,longbench__2wikimqa__row000124,0.9920521931850638,0.991932648029165,-0.015980887554187695,-0.016316170877343716
kvzap-predictor-trace-20260818T072239Z::longbench__gov_report__row000057,kvzap-predictor-trace-20260818T072733Z::longbench__musique__row000052,longbench__gov_report__row000057,longbench__musique__row000052,0.9952008521672406,0.9904224041566824,-0.0016193542377999082,-0.004111474074988575
kvzap-predictor-trace-20260818T072239Z::longbench__gov_report__row000057,kvzap-predictor-trace-20260818T072754Z::longbench__musique__row000155,longbench__gov_report__row000057,longbench__musique__row000155,0.9916370320199334,0.9926976946093076,-0.027236861776883226,-0.03269605449250801
kvzap-predictor-trace-20260818T072258Z::longbench__multi_news__row000073,kvzap-predictor-trace-20260818T072318Z::longbench__qmsum__row000010,longbench__multi_news__row000073,longbench__qmsum__row000010,0.9477691985575408,0.9649070693404156,-0.004430178839245347,-0.005052673355041448
kvzap-predictor-trace-20260818T072258Z::longbench__multi_news__row000073,kvzap-predictor-trace-20260818T072338Z::longbench__qmsum__row000036,longbench__multi_news__row000073,longbench__qmsum__row000036,0.984068429529139,0.9836748341821309,0.00954874216530166,0.01156949319214895
kvzap-predictor-trace-20260818T072258Z::longbench__multi_news__row000073,kvzap-predictor-trace-20260818T072355Z::longbench__2wikimqa__row000062,longbench__multi_news__row000073,longbench__2wikimqa__row000062,0.9266515857052443,0.966140974273334,-0.002906459167583475,0.01722364132483678
kvzap-predictor-trace-20260818T072258Z::longbench__multi_news__row000073,kvzap-predictor-trace-20260818T072412Z::longbench__2wikimqa__row000089,longbench__multi_news__row000073,longbench__2wikimqa__row000089,0.9341569230970982,0.9686813948642032,-0.005088396831707809,0.011379507790766796
kvzap-predictor-trace-20260818T072258Z::longbench__multi_news__row000073,kvzap-predictor-trace-20260818T072428Z::longbench__2wikimqa__row000106,longbench__multi_news__row000073,longbench__2wikimqa__row000106,0.9108414993654718,0.9594960655680557,-0.00011830596113981962,0.02617818241169345
kvzap-predictor-trace-20260818T072258Z::longbench__multi_news__row000073,kvzap-predictor-trace-20260818T072443Z::longbench__2wikimqa__row000118,longbench__multi_news__row000073,longbench__2wikimqa__row000118,0.9041914154989419,0.9536731387564596,-0.006079045326012111,0.02977842730700475
kvzap-predictor-trace-20260818T072258Z::longbench__multi_news__row000073,kvzap-predictor-trace-20260818T072458Z::longbench__2wikimqa__row000134,longbench__multi_news__row000073,longbench__2wikimqa__row000134,0.9333600763819082,0.9684388894565782,0.0032325746821602053,0.020916601380999933
kvzap-predictor-trace-20260818T072258Z::longbench__multi_news__row000073,kvzap-predictor-trace-20260818T072514Z::longbench__2wikimqa__row000055,longbench__multi_news__row000073,longbench__2wikimqa__row000055,0.9444696587404461,0.9730628374495967,0.003190361950643039,0.01731579155359475
kvzap-predictor-trace-20260818T072258Z::longbench__multi_news__row000073,kvzap-predictor-trace-20260818T072530Z::longbench__2wikimqa__row000167,longbench__multi_news__row000073,longbench__2wikimqa__row000167,0.9372749982646907,0.9695359503661677,0.012037383563063386,0.025265854327387927
kvzap-predictor-trace-20260818T072258Z::longbench__multi_news__row000073,kvzap-predictor-trace-20260818T072546Z::longbench__musique__row000068,longbench__multi_news__row000073,longbench__musique__row000068,0.9701625623074468,0.9801363650405357,0.0005966681254038209,0.007387797051775613
kvzap-predictor-trace-20260818T072258Z::longbench__multi_news__row000073,kvzap-predictor-trace-20260818T072604Z::longbench__musique__row000135,longbench__multi_news__row000073,longbench__musique__row000135,0.9754318499234088,0.9836269308669001,-0.003057978004977868,0.0020051505257266955
kvzap-predictor-trace-20260818T072258Z::longbench__multi_news__row000073,kvzap-predictor-trace-20260818T072622Z::longbench__musique__row000191,longbench__multi_news__row000073,longbench__musique__row000191,0.9764953289782938,0.9842444061374972,-0.002618217238739229,0.0019073872387221913
kvzap-predictor-trace-20260818T072258Z::longbench__multi_news__row000073,kvzap-predictor-trace-20260818T072640Z::longbench__2wikimqa__row000017,longbench__multi_news__row000073,longbench__2wikimqa__row000017,0.9714385166456528,0.9858866947586078,-0.004784076801155335,-0.0007886338369794688
kvzap-predictor-trace-20260818T072258Z::longbench__multi_news__row000073,kvzap-predictor-trace-20260818T072657Z::longbench__2wikimqa__row000083,longbench__multi_news__row000073,longbench__2wikimqa__row000083,0.973805795873361,0.987265289488031,-0.0012889421163921888,0.002941174449420658
kvzap-predictor-trace-20260818T072258Z::longbench__multi_news__row000073,kvzap-predictor-trace-20260818T072715Z::longbench__2wikimqa__row000124,longbench__multi_news__row000073,longbench__2wikimqa__row000124,0.9676275934043649,0.9841033670601745,-0.011680180429423426,-0.007398332746954117
kvzap-predictor-trace-20260818T072258Z::longbench__multi_news__row000073,kvzap-predictor-trace-20260818T072733Z::longbench__musique__row000052,longbench__multi_news__row000073,longbench__musique__row000052,0.9820530958509155,0.9871640408624505,0.002681352886964361,0.0048063640554010245
kvzap-predictor-trace-20260818T072258Z::longbench__multi_news__row000073,kvzap-predictor-trace-20260818T072754Z::longbench__musique__row000155,longbench__multi_news__row000073,longbench__musique__row000155,0.9934599531881311,0.9937747593701272,-0.022936154652118956,-0.02377821636211841
kvzap-predictor-trace-20260818T072318Z::longbench__qmsum__row000010,kvzap-predictor-trace-20260818T072338Z::longbench__qmsum__row000036,longbench__qmsum__row000010,longbench__qmsum__row000036,0.9790121681469812,0.9885042236435626,0.013978921004547007,0.016622166547190398
kvzap-predictor-trace-20260818T072318Z::longbench__qmsum__row000010,kvzap-predictor-trace-20260818T072355Z::longbench__2wikimqa__row000062,longbench__qmsum__row000010,longbench__2wikimqa__row000062,0.8018916077558539,0.9015998323575576,0.0015237196716618717,0.02227631467987823
kvzap-predictor-trace-20260818T072318Z::longbench__qmsum__row000010,kvzap-predictor-trace-20260818T072412Z::longbench__2wikimqa__row000089,longbench__qmsum__row000010,longbench__2wikimqa__row000089,0.811716572663295,0.9034153869000755,-0.000658217992462462,0.016432181145808245
kvzap-predictor-trace-20260818T072318Z::longbench__qmsum__row000010,kvzap-predictor-trace-20260818T072428Z::longbench__2wikimqa__row000106,longbench__qmsum__row000010,longbench__2wikimqa__row000106,0.7793454288994227,0.8950648636945562,0.004311872878105527,0.0312308557667349
kvzap-predictor-trace-20260818T072318Z::longbench__qmsum__row000010,kvzap-predictor-trace-20260818T072443Z::longbench__2wikimqa__row000118,longbench__qmsum__row000010,longbench__2wikimqa__row000118,0.7733965630687919,0.8898756073280657,-0.0016488664867667646,0.0348311006620462
kvzap-predictor-trace-20260818T072318Z::longbench__qmsum__row000010,kvzap-predictor-trace-20260818T072458Z::longbench__2wikimqa__row000134,longbench__qmsum__row000010,longbench__2wikimqa__row000134,0.81122412536184,0.9067038832327113,0.007662753521405552,0.02596927473604138
kvzap-predictor-trace-20260818T072318Z::longbench__qmsum__row000010,kvzap-predictor-trace-20260818T072514Z::longbench__2wikimqa__row000055,longbench__qmsum__row000010,longbench__2wikimqa__row000055,0.8306866647357289,0.9124623209516962,0.007620540789888386,0.0223684649086362
kvzap-predictor-trace-20260818T072318Z::longbench__qmsum__row000010,kvzap-predictor-trace-20260818T072530Z::longbench__2wikimqa__row000167,longbench__qmsum__row000010,longbench__2wikimqa__row000167,0.8186176128400113,0.9097464694380609,0.016467562402308733,0.030318527682429375
kvzap-predictor-trace-20260818T072318Z::longbench__qmsum__row000010,kvzap-predictor-trace-20260818T072546Z::longbench__musique__row000068,longbench__qmsum__row000010,longbench__musique__row000068,0.8800241075084076,0.9355286072092356,0.005026846964649168,0.012440470406817061
kvzap-predictor-trace-20260818T072318Z::longbench__qmsum__row000010,kvzap-predictor-trace-20260818T072604Z::longbench__musique__row000135,longbench__qmsum__row000010,longbench__musique__row000135,0.8881132713217614,0.9386514273655928,0.0013722008342674785,0.007057823880768144
kvzap-predictor-trace-20260818T072318Z::longbench__qmsum__row000010,kvzap-predictor-trace-20260818T072622Z::longbench__musique__row000191,longbench__qmsum__row000010,longbench__musique__row000191,0.8900037146433173,0.9399637097972725,0.0018119616005061179,0.0069600605937636395
kvzap-predictor-trace-20260818T072318Z::longbench__qmsum__row000010,kvzap-predictor-trace-20260818T072640Z::longbench__2wikimqa__row000017,longbench__qmsum__row000010,longbench__2wikimqa__row000017,0.8683835290115104,0.929355682523585,-0.000353897961909988,0.0042640395180619795
kvzap-predictor-trace-20260818T072318Z::longbench__qmsum__row000010,kvzap-predictor-trace-20260818T072657Z::longbench__2wikimqa__row000083,longbench__qmsum__row000010,longbench__2wikimqa__row000083,0.8696290518451696,0.9321792677306354,0.003141236722853158,0.007993847804462106
kvzap-predictor-trace-20260818T072318Z::longbench__qmsum__row000010,kvzap-predictor-trace-20260818T072715Z::longbench__2wikimqa__row000124,longbench__qmsum__row000010,longbench__2wikimqa__row000124,0.8587920412937333,0.9230078405091489,-0.007250001590178079,-0.002345659391912669
kvzap-predictor-trace-20260818T072318Z::longbench__qmsum__row000010,kvzap-predictor-trace-20260818T072733Z::longbench__musique__row000052,longbench__qmsum__row000010,longbench__musique__row000052,0.8898551166146441,0.9387092616377496,0.007111531726209708,0.009859037410442473
kvzap-predictor-trace-20260818T072318Z::longbench__qmsum__row000010,kvzap-predictor-trace-20260818T072754Z::longbench__musique__row000155,longbench__qmsum__row000010,longbench__musique__row000155,0.9214170737120717,0.9489292499161898,-0.01850597581287361,-0.01872554300707696
kvzap-predictor-trace-20260818T072338Z::longbench__qmsum__row000036,kvzap-predictor-trace-20260818T072355Z::longbench__2wikimqa__row000062,longbench__qmsum__row000036,longbench__2wikimqa__row000062,0.8999908813351066,0.9458139008498705,-0.012455201332885135,0.005654148132687831
kvzap-predictor-trace-20260818T072338Z::longbench__qmsum__row000036,kvzap-predictor-trace-20260818T072412Z::longbench__2wikimqa__row000089,longbench__qmsum__row000036,longbench__2wikimqa__row000089,0.9084280798817888,0.9479559500075203,-0.014637138997009469,-0.00018998540138215336
kvzap-predictor-trace-20260818T072338Z::longbench__qmsum__row000036,kvzap-predictor-trace-20260818T072428Z::longbench__2wikimqa__row000106,longbench__qmsum__row000036,longbench__2wikimqa__row000106,0.8817975325784608,0.9400547935840592,-0.00966704812644148,0.014608689219544502
kvzap-predictor-trace-20260818T072338Z::longbench__qmsum__row000036,kvzap-predictor-trace-20260818T072443Z::longbench__2wikimqa__row000118,longbench__qmsum__row000036,longbench__2wikimqa__row000118,0.875860095708902,0.9341149522610936,-0.01562778749131377,0.0182089341148558
kvzap-predictor-trace-20260818T072338Z::longbench__qmsum__row000036,kvzap-predictor-trace-20260818T072458Z::longbench__2wikimqa__row000134,longbench__qmsum__row000036,longbench__2wikimqa__row000134,0.9072648577776787,0.9488383148047308,-0.006316167483141455,0.009347108188850983
kvzap-predictor-trace-20260818T072338Z::longbench__qmsum__row000036,kvzap-predictor-trace-20260818T072514Z::longbench__2wikimqa__row000055,longbench__qmsum__row000036,longbench__2wikimqa__row000055,0.9211092586078324,0.9534864918503896,-0.006358380214658621,0.005746298361445801
kvzap-predictor-trace-20260818T072338Z::longbench__qmsum__row000036,kvzap-predictor-trace-20260818T072530Z::longbench__2wikimqa__row000167,longbench__qmsum__row000036,longbench__2wikimqa__row000167,0.9114808353615437,0.9504656035874838,0.002488641397761726,0.013696361135238977
kvzap-predictor-trace-20260818T072338Z::longbench__qmsum__row000036,kvzap-predictor-trace-20260818T072546Z::longbench__musique__row000068,longbench__qmsum__row000036,longbench__musique__row000068,0.9525523700855211,0.9661158856266027,-0.00895207403989784,-0.004181696140373337
kvzap-predictor-trace-20260818T072338Z::longbench__qmsum__row000036,kvzap-predictor-trace-20260818T072604Z::longbench__musique__row000135,longbench__qmsum__row000036,longbench__musique__row000135,0.957172435196304,0.9687752590402708,-0.012606720170279528,-0.009564342666422254
kvzap-predictor-trace-20260818T072338Z::longbench__qmsum__row000036,kvzap-predictor-trace-20260818T072622Z::longbench__musique__row000191,longbench__qmsum__row000036,longbench__musique__row000191,0.9576819456588886,0.9691373539652607,-0.012166959404040889,-0.009662105953426758
kvzap-predictor-trace-20260818T072338Z::longbench__qmsum__row000036,kvzap-predictor-trace-20260818T072640Z::longbench__2wikimqa__row000017,longbench__qmsum__row000036,longbench__2wikimqa__row000017,0.9459160102578149,0.9642550450877586,-0.014332818966456995,-0.012358127029128418
kvzap-predictor-trace-20260818T072338Z::longbench__qmsum__row000036,kvzap-predictor-trace-20260818T072657Z::longbench__2wikimqa__row000083,longbench__qmsum__row000036,longbench__2wikimqa__row000083,0.9456393665835333,0.9669559879305983,-0.010837684281693849,-0.008628318742728291
kvzap-predictor-trace-20260818T072338Z::longbench__qmsum__row000036,kvzap-predictor-trace-20260818T072715Z::longbench__2wikimqa__row000124,longbench__qmsum__row000036,longbench__2wikimqa__row000124,0.939051426326261,0.9597234984275483,-0.021228922594725086,-0.018967825939103067
kvzap-predictor-trace-20260818T072338Z::longbench__qmsum__row000036,kvzap-predictor-trace-20260818T072733Z::longbench__musique__row000052,longbench__qmsum__row000036,longbench__musique__row000052,0.957306524945499,0.9671583373326217,-0.006867389278337299,-0.006763129136747925
kvzap-predictor-trace-20260818T072338Z::longbench__qmsum__row000036,kvzap-predictor-trace-20260818T072754Z::longbench__musique__row000155,longbench__qmsum__row000036,longbench__musique__row000155,0.970364649832737,0.9727725813293133,-0.032484896817420617,-0.03534770955426736
kvzap-predictor-trace-20260818T072355Z::longbench__2wikimqa__row000062,kvzap-predictor-trace-20260818T072412Z::longbench__2wikimqa__row000089,longbench__2wikimqa__row000062,longbench__2wikimqa__row000089,0.9978104345862057,0.9976472182843483,-0.0021819376641243338,-0.005844133534069984
kvzap-predictor-trace-20260818T072355Z::longbench__2wikimqa__row000062,kvzap-predictor-trace-20260818T072428Z::longbench__2wikimqa__row000106,longbench__2wikimqa__row000062,longbench__2wikimqa__row000106,0.9973083153691165,0.997642989988047,0.0027881532064436554,0.008954541086856671
kvzap-predictor-trace-20260818T072355Z::longbench__2wikimqa__row000062,kvzap-predictor-trace-20260818T072443Z::longbench__2wikimqa__row000118,longbench__2wikimqa__row000062,longbench__2wikimqa__row000118,0.9941862187608113,0.9947529169625149,-0.0031725861584286363,0.01255478598216797
kvzap-predictor-trace-20260818T072355Z::longbench__2wikimqa__row000062,kvzap-predictor-trace-20260818T072458Z::longbench__2wikimqa__row000134,longbench__2wikimqa__row000062,longbench__2wikimqa__row000134,0.998907517223536,0.9984915434728592,0.00613903384974368,0.0036929600561631526
kvzap-predictor-trace-20260818T072355Z::longbench__2wikimqa__row000062,kvzap-predictor-trace-20260818T072514Z::longbench__2wikimqa__row000055,longbench__2wikimqa__row000062,longbench__2wikimqa__row000055,0.9972328292223341,0.9980138012607315,0.006096821118226514,9.215022875797008e-05
kvzap-predictor-trace-20260818T072355Z::longbench__2wikimqa__row000062,kvzap-predictor-trace-20260818T072530Z::longbench__2wikimqa__row000167,longbench__2wikimqa__row000062,longbench__2wikimqa__row000167,0.9983546157500739,0.9977276090897906,0.014943842730646861,0.008042213002551146
kvzap-predictor-trace-20260818T072355Z::longbench__2wikimqa__row000062,kvzap-predictor-trace-20260818T072546Z::longbench__musique__row000068,longbench__2wikimqa__row000062,longbench__musique__row000068,0.9865582959215213,0.988522757977716,0.003503127292987296,-0.009835844273061167
kvzap-predictor-trace-20260818T072355Z::longbench__2wikimqa__row000062,kvzap-predictor-trace-20260818T072604Z::longbench__musique__row000135,longbench__2wikimqa__row000062,longbench__musique__row000135,0.9826313810937456,0.9883975601596502,-0.0001515188373943932,-0.015218490799110085
kvzap-predictor-trace-20260818T072355Z::longbench__2wikimqa__row000062,kvzap-predictor-trace-20260818T072622Z::longbench__musique__row000191,longbench__2wikimqa__row000062,longbench__musique__row000191,0.9816477010515801,0.9874189844348015,0.00028824192884424615,-0.015316254086114589
kvzap-predictor-trace-20260818T072355Z::longbench__2wikimqa__row000062,kvzap-predictor-trace-20260818T072640Z::longbench__2wikimqa__row000017,longbench__2wikimqa__row000062,longbench__2wikimqa__row000017,0.9874161630257443,0.9927725479714878,-0.0018776176335718597,-0.01801227516181625
kvzap-predictor-trace-20260818T072355Z::longbench__2wikimqa__row000062,kvzap-predictor-trace-20260818T072657Z::longbench__2wikimqa__row000083,longbench__2wikimqa__row000062,longbench__2wikimqa__row000083,0.984870785853349,0.9917757648438023,0.0016175170511912862,-0.014282466875416122
kvzap-predictor-trace-20260818T072355Z::longbench__2wikimqa__row000062,kvzap-predictor-trace-20260818T072715Z::longbench__2wikimqa__row000124,longbench__2wikimqa__row000062,longbench__2wikimqa__row000124,0.9876380538611997,0.9923967658124131,-0.00877372126183995,-0.024621974071790897
kvzap-predictor-trace-20260818T072355Z::longbench__2wikimqa__row000062,kvzap-predictor-trace-20260818T072733Z::longbench__musique__row000052,longbench__2wikimqa__row000062,longbench__musique__row000052,0.9771652489341283,0.9862238613763799,0.005587812054547836,-0.012417277269435756
kvzap-predictor-trace-20260818T072355Z::longbench__2wikimqa__row000062,kvzap-predictor-trace-20260818T072754Z::longbench__musique__row000155,longbench__2wikimqa__row000062,longbench__musique__row000155,0.9455784345154211,0.9737631970066828,-0.02002969548453548,-0.04100185768695519
kvzap-predictor-trace-20260818T072412Z::longbench__2wikimqa__row000089,kvzap-predictor-trace-20260818T072428Z::longbench__2wikimqa__row000106,longbench__2wikimqa__row000089,longbench__2wikimqa__row000106,0.9942076205517342,0.9958757709571624,0.004970090870567989,0.014798674620926655
kvzap-predictor-trace-20260818T072412Z::longbench__2wikimqa__row000089,kvzap-predictor-trace-20260818T072443Z::longbench__2wikimqa__row000118,longbench__2wikimqa__row000089,longbench__2wikimqa__row000118,0.9907695455318692,0.991774786074574,-0.0009906484943043026,0.018398919516237955
kvzap-predictor-trace-20260818T072412Z::longbench__2wikimqa__row000089,kvzap-predictor-trace-20260818T072458Z::longbench__2wikimqa__row000134,longbench__2wikimqa__row000089,longbench__2wikimqa__row000134,0.9982738629739925,0.9975725430704158,0.008320971513868014,0.009537093590233137
kvzap-predictor-trace-20260818T072412Z::longbench__2wikimqa__row000089,kvzap-predictor-trace-20260818T072514Z::longbench__2wikimqa__row000055,longbench__2wikimqa__row000089,longbench__2wikimqa__row000055,0.9986109880165318,0.9985698868060681,0.008278758782350848,0.005936283762827954
kvzap-predictor-trace-20260818T072412Z::longbench__2wikimqa__row000089,kvzap-predictor-trace-20260818T072530Z::longbench__2wikimqa__row000167,longbench__2wikimqa__row000089,longbench__2wikimqa__row000167,0.9974637997632664,0.9969306049483916,0.017125780394771195,0.01388634653662113
kvzap-predictor-trace-20260818T072412Z::longbench__2wikimqa__row000089,kvzap-predictor-trace-20260818T072546Z::longbench__musique__row000068,longbench__2wikimqa__row000089,longbench__musique__row000068,0.9875415252654465,0.9863130959206237,0.00568506495711163,-0.003991710738991183
kvzap-predictor-trace-20260818T072412Z::longbench__2wikimqa__row000089,kvzap-predictor-trace-20260818T072604Z::longbench__musique__row000135,longbench__2wikimqa__row000089,longbench__musique__row000135,0.9845614753759694,0.9869198700814378,0.0020304188267299406,-0.0093743572650401
kvzap-predictor-trace-20260818T072412Z::longbench__2wikimqa__row000089,kvzap-predictor-trace-20260818T072622Z::longbench__musique__row000191,longbench__2wikimqa__row000089,longbench__musique__row000191,0.9829767696607327,0.9855482300461824,0.00247017959296858,-0.009472120552044605
kvzap-predictor-trace-20260818T072412Z::longbench__2wikimqa__row000089,kvzap-predictor-trace-20260818T072640Z::longbench__2wikimqa__row000017,longbench__2wikimqa__row000089,longbench__2wikimqa__row000017,0.9904145772744918,0.9939483571345515,0.00030432003055247403,-0.012168141627746265
kvzap-predictor-trace-20260818T072412Z::longbench__2wikimqa__row000089,kvzap-predictor-trace-20260818T072657Z::longbench__2wikimqa__row000083,longbench__2wikimqa__row000089,longbench__2wikimqa__row000083,0.987415324078663,0.9928334484185591,0.00379945471531562,-0.008438333341346138
kvzap-predictor-trace-20260818T072412Z::longbench__2wikimqa__row000089,kvzap-predictor-trace-20260818T072715Z::longbench__2wikimqa__row000124,longbench__2wikimqa__row000089,longbench__2wikimqa__row000124,0.9907578347012044,0.9938006381737402,-0.006591783597715617,-0.018777840537720913
kvzap-predictor-trace-20260818T072412Z::longbench__2wikimqa__row000089,kvzap-predictor-trace-20260818T072733Z::longbench__musique__row000052,longbench__2wikimqa__row000089,longbench__musique__row000052,0.9797991673845906,0.9844638543249207,0.00776974971867217,-0.006573143735365772
kvzap-predictor-trace-20260818T072412Z::longbench__2wikimqa__row000089,kvzap-predictor-trace-20260818T072754Z::longbench__musique__row000155,longbench__2wikimqa__row000089,longbench__musique__row000155,0.9513125284895949,0.9763487527029258,-0.017847757820411148,-0.035157724152885206
kvzap-predictor-trace-20260818T072428Z::longbench__2wikimqa__row000106,kvzap-predictor-trace-20260818T072443Z::longbench__2wikimqa__row000118,longbench__2wikimqa__row000106,longbench__2wikimqa__row000118,0.9981524065032761,0.9979748186064111,-0.005960739364872292,0.0036002448953112998
kvzap-predictor-trace-20260818T072428Z::longbench__2wikimqa__row000106,kvzap-predictor-trace-20260818T072458Z::longbench__2wikimqa__row000134,longbench__2wikimqa__row000106,longbench__2wikimqa__row000134,0.9958932281596012,0.9978042344453839,0.003350880643300025,-0.0052615810306935185
kvzap-predictor-trace-20260818T072428Z::longbench__2wikimqa__row000106,kvzap-predictor-trace-20260818T072514Z::longbench__2wikimqa__row000055,longbench__2wikimqa__row000106,longbench__2wikimqa__row000055,0.9940783629868782,0.9968453949161709,0.003308667911782859,-0.008862390858098701
kvzap-predictor-trace-20260818T072428Z::longbench__2wikimqa__row000106,kvzap-predictor-trace-20260818T072530Z::longbench__2wikimqa__row000167,longbench__2wikimqa__row000106,longbench__2wikimqa__row000167,0.99671755381542,0.9979220721957304,0.012155689524203206,-0.0009123280843055248
kvzap-predictor-trace-20260818T072428Z::longbench__2wikimqa__row000106,kvzap-predictor-trace-20260818T072546Z::longbench__musique__row000068,longbench__2wikimqa__row000106,longbench__musique__row000068,0.9792310998057483,0.9854137231453348,0.0007149740865436405,-0.01879038535991784
kvzap-predictor-trace-20260818T072428Z::longbench__2wikimqa__row000106,kvzap-predictor-trace-20260818T072604Z::longbench__musique__row000135,longbench__2wikimqa__row000106,longbench__musique__row000135,0.9751408199330469,0.9851744415221239,-0.0029396720438380486,-0.024173031885966756
kvzap-predictor-trace-20260818T072428Z::longbench__2wikimqa__row000106,kvzap-predictor-trace-20260818T072622Z::longbench__musique__row000191,longbench__2wikimqa__row000106,longbench__musique__row000191,0.9735179424454276,0.9838389934717622,-0.0024999112775994092,-0.02427079517297126
kvzap-predictor-trace-20260818T072428Z::longbench__2wikimqa__row000106,kvzap-predictor-trace-20260818T072640Z::longbench__2wikimqa__row000017,longbench__2wikimqa__row000106,longbench__2wikimqa__row000017,0.9785295466201979,0.9882450086854417,-0.004665770840015515,-0.02696681624867292
kvzap-predictor-trace-20260818T072428Z::longbench__2wikimqa__row000106,kvzap-predictor-trace-20260818T072657Z::longbench__2wikimqa__row000083,longbench__2wikimqa__row000106,longbench__2wikimqa__row000083,0.9760901437429153,0.9874158430483706,-0.0011706361552523692,-0.023237007962272793
kvzap-predictor-trace-20260818T072428Z::longbench__2wikimqa__row000106,kvzap-predictor-trace-20260818T072715Z::longbench__2wikimqa__row000124,longbench__2wikimqa__row000106,longbench__2wikimqa__row000124,0.9779608357836295,0.9869968813156692,-0.011561874468283606,-0.03357651515864757
kvzap-predictor-trace-20260818T072428Z::longbench__2wikimqa__row000106,kvzap-predictor-trace-20260818T072733Z::longbench__musique__row000052,longbench__2wikimqa__row000106,longbench__musique__row000052,0.9673439094804206,0.9821917645754094,0.0027996588481041806,-0.021371818356292427
kvzap-predictor-trace-20260818T072428Z::longbench__2wikimqa__row000106,kvzap-predictor-trace-20260818T072754Z::longbench__musique__row000155,longbench__2wikimqa__row000106,longbench__musique__row000155,0.930524924239926,0.9659783869853628,-0.022817848690979137,-0.04995639877381186
kvzap-predictor-trace-20260818T072443Z::longbench__2wikimqa__row000118,kvzap-predictor-trace-20260818T072458Z::longbench__2wikimqa__row000134,longbench__2wikimqa__row000118,longbench__2wikimqa__row000134,0.9934332571595207,0.9958793280104858,0.009311620008172317,-0.008861825926004818
kvzap-predictor-trace-20260818T072443Z::longbench__2wikimqa__row000118,kvzap-predictor-trace-20260818T072514Z::longbench__2wikimqa__row000055,longbench__2wikimqa__row000118,longbench__2wikimqa__row000055,0.9913712540407221,0.9942234864318614,0.00926940727665515,-0.01246263575341
kvzap-predictor-trace-20260818T072443Z::longbench__2wikimqa__row000118,kvzap-predictor-trace-20260818T072530Z::longbench__2wikimqa__row000167,longbench__2wikimqa__row000118,longbench__2wikimqa__row000167,0.9943462919661598,0.996335921079104,0.018116428889075498,-0.004512572979616825
kvzap-predictor-trace-20260818T072443Z::longbench__2wikimqa__row000118,kvzap-predictor-trace-20260818T072546Z::longbench__musique__row000068,longbench__2wikimqa__row000118,longbench__musique__row000068,0.9761506645733689,0.9835335655046782,0.006675713451415932,-0.022390630255229138
kvzap-predictor-trace-20260818T072443Z::longbench__2wikimqa__row000118,kvzap-predictor-trace-20260818T072604Z::longbench__musique__row000135,longbench__2wikimqa__row000118,longbench__musique__row000135,0.9721077512658769,0.9826857099465591,0.003021067321034243,-0.027773276781278056
kvzap-predictor-trace-20260818T072443Z::longbench__2wikimqa__row000118,kvzap-predictor-trace-20260818T072622Z::longbench__musique__row000191,longbench__2wikimqa__row000118,longbench__musique__row000191,0.9701648555902425,0.9813254483316252,0.0034608280872728825,-0.02787104006828256
kvzap-predictor-trace-20260818T072443Z::longbench__2wikimqa__row000118,kvzap-predictor-trace-20260818T072640Z::longbench__2wikimqa__row000017,longbench__2wikimqa__row000118,longbench__2wikimqa__row000017,0.974097336065633,0.9839924811528641,0.0012949685248567766,-0.03056706114398422
kvzap-predictor-trace-20260818T072443Z::longbench__2wikimqa__row000118,kvzap-predictor-trace-20260818T072657Z::longbench__2wikimqa__row000083,longbench__2wikimqa__row000118,longbench__2wikimqa__row000083,0.9716251104898224,0.982686111806485,0.0047901032096199225,-0.026837252857584093
kvzap-predictor-trace-20260818T072443Z::longbench__2wikimqa__row000118,kvzap-predictor-trace-20260818T072715Z::longbench__2wikimqa__row000124,longbench__2wikimqa__row000118,longbench__2wikimqa__row000124,0.9729413976841336,0.9818973688374343,-0.005601135103411314,-0.03717676005395887
kvzap-predictor-trace-20260818T072443Z::longbench__2wikimqa__row000118,kvzap-predictor-trace-20260818T072733Z::longbench__musique__row000052,longbench__2wikimqa__row000118,longbench__musique__row000052,0.9635578071110242,0.9802702108468826,0.008760398212976472,-0.024972063251603727
kvzap-predictor-trace-20260818T072443Z::longbench__2wikimqa__row000118,kvzap-predictor-trace-20260818T072754Z::longbench__musique__row000155,longbench__2wikimqa__row000118,longbench__musique__row000155,0.9249373027040023,0.9595893476742587,-0.016857109326106845,-0.05355664366912316
kvzap-predictor-trace-20260818T072458Z::longbench__2wikimqa__row000134,kvzap-predictor-trace-20260818T072514Z::longbench__2wikimqa__row000055,longbench__2wikimqa__row000134,longbench__2wikimqa__row000055,0.9985095345122131,0.9987926393738269,-4.221273151716609e-05,-0.0036008098274051825
kvzap-predictor-trace-20260818T072458Z::longbench__2wikimqa__row000134,kvzap-predictor-trace-20260818T072530Z::longbench__2wikimqa__row000167,longbench__2wikimqa__row000134,longbench__2wikimqa__row000167,0.9988997074793561,0.9990104900875715,0.008804808880903181,0.004349252946387994
kvzap-predictor-trace-20260818T072458Z::longbench__2wikimqa__row000134,kvzap-predictor-trace-20260818T072546Z::longbench__musique__row000068,longbench__2wikimqa__row000134,longbench__musique__row000068,0.9895898542820364,0.9907736576175957,-0.0026359065567563844,-0.01352880432922432
kvzap-predictor-trace-20260818T072458Z::longbench__2wikimqa__row000134,kvzap-predictor-trace-20260818T072604Z::longbench__musique__row000135,longbench__2wikimqa__row000134,longbench__musique__row000135,0.9859022291281166,0.9903925965281131,-0.0062905526871380735,-0.018911450855273237
kvzap-predictor-trace-20260818T072458Z::longbench__2wikimqa__row000134,kvzap-predictor-trace-20260818T072622Z::longbench__musique__row000191,longbench__2wikimqa__row000134,longbench__musique__row000191,0.9847443060695422,0.9893502102226033,-0.005850791920899434,-0.01900921414227774
kvzap-predictor-trace-20260818T072458Z::longbench__2wikimqa__row000134,kvzap-predictor-trace-20260818T072640Z::longbench__2wikimqa__row000017,longbench__2wikimqa__row000134,longbench__2wikimqa__row000017,0.9902431374342806,0.9938869898077896,-0.00801665148331554,-0.0217052352179794
kvzap-predictor-trace-20260818T072458Z::longbench__2wikimqa__row000134,kvzap-predictor-trace-20260818T072657Z::longbench__2wikimqa__row000083,longbench__2wikimqa__row000134,longbench__2wikimqa__row000083,0.9870153536622978,0.9920863544963423,-0.004521516798552394,-0.017975426931579275
kvzap-predictor-trace-20260818T072458Z::longbench__2wikimqa__row000134,kvzap-predictor-trace-20260818T072715Z::longbench__2wikimqa__row000124,longbench__2wikimqa__row000134,longbench__2wikimqa__row000124,0.989972061850726,0.9926332633619935,-0.014912755111583631,-0.02831493412795405
kvzap-predictor-trace-20260818T072458Z::longbench__2wikimqa__row000134,kvzap-predictor-trace-20260818T072733Z::longbench__musique__row000052,longbench__2wikimqa__row000134,longbench__musique__row000052,0.9804812245010216,0.9882627621037006,-0.0005512217951958442,-0.01611023732559891
kvzap-predictor-trace-20260818T072458Z::longbench__2wikimqa__row000134,kvzap-predictor-trace-20260818T072754Z::longbench__musique__row000155,longbench__2wikimqa__row000134,longbench__musique__row000155,0.9498833277646348,0.9741619003494976,-0.02616872933427916,-0.04469481774311834
kvzap-predictor-trace-20260818T072514Z::longbench__2wikimqa__row000055,kvzap-predictor-trace-20260818T072530Z::longbench__2wikimqa__row000167,longbench__2wikimqa__row000055,longbench__2wikimqa__row000167,0.9988007498534293,0.998842033159386,0.008847021612420347,0.007950062773793176
kvzap-predictor-trace-20260818T072514Z::longbench__2wikimqa__row000055,kvzap-predictor-trace-20260818T072546Z::longbench__musique__row000068,longbench__2wikimqa__row000055,longbench__musique__row000068,0.9928555343602505,0.991285327829463,-0.0025936938252392183,-0.009927994501819137
kvzap-predictor-trace-20260818T072514Z::longbench__2wikimqa__row000055,kvzap-predictor-trace-20260818T072604Z::longbench__musique__row000135,longbench__2wikimqa__row000055,longbench__musique__row000135,0.9904493846303111,0.9914929217157535,-0.006248339955620907,-0.015310641027868055
kvzap-predictor-trace-20260818T072514Z::longbench__2wikimqa__row000055,kvzap-predictor-trace-20260818T072622Z::longbench__musique__row000191,longbench__2wikimqa__row000055,longbench__musique__row000191,0.9891329705059582,0.9903992998068576,-0.005808579189382268,-0.015408404314872559
kvzap-predictor-trace-20260818T072514Z::longbench__2wikimqa__row000055,kvzap-predictor-trace-20260818T072640Z::longbench__2wikimqa__row000017,longbench__2wikimqa__row000055,longbench__2wikimqa__row000017,0.9932139919681372,0.9952985714339075,-0.007974438751798374,-0.01810442539057422
kvzap-predictor-trace-20260818T072514Z::longbench__2wikimqa__row000055,kvzap-predictor-trace-20260818T072657Z::longbench__2wikimqa__row000083,longbench__2wikimqa__row000055,longbench__2wikimqa__row000083,0.9906844996197044,0.9939815458038062,-0.004479304067035228,-0.014374617104174092
kvzap-predictor-trace-20260818T072514Z::longbench__2wikimqa__row000055,kvzap-predictor-trace-20260818T072715Z::longbench__2wikimqa__row000124,longbench__2wikimqa__row000055,longbench__2wikimqa__row000124,0.992416673282188,0.9941792731442776,-0.014870542380066465,-0.024714124300548868
kvzap-predictor-trace-20260818T072514Z::longbench__2wikimqa__row000055,kvzap-predictor-trace-20260818T072733Z::longbench__musique__row000052,longbench__2wikimqa__row000055,longbench__musique__row000052,0.9851739843650743,0.9889551753109468,-0.0005090090636786782,-0.012509427498193726
kvzap-predictor-trace-20260818T072514Z::longbench__2wikimqa__row000055,kvzap-predictor-trace-20260818T072754Z::longbench__musique__row000155,longbench__2wikimqa__row000055,longbench__musique__row000155,0.9586196581945122,0.9781071108809523,-0.026126516602761996,-0.04109400791571316
kvzap-predictor-trace-20260818T072530Z::longbench__2wikimqa__row000167,kvzap-predictor-trace-20260818T072546Z::longbench__musique__row000068,longbench__2wikimqa__row000167,longbench__musique__row000068,0.9913896040644254,0.9914071379809849,-0.011440715437659565,-0.017878057275612314
kvzap-predictor-trace-20260818T072530Z::longbench__2wikimqa__row000167,kvzap-predictor-trace-20260818T072604Z::longbench__musique__row000135,longbench__2wikimqa__row000167,longbench__musique__row000135,0.9884490262863213,0.9911027118904288,-0.015095361568041255,-0.02326070380166123
kvzap-predictor-trace-20260818T072530Z::longbench__2wikimqa__row000167,kvzap-predictor-trace-20260818T072622Z::longbench__musique__row000191,longbench__2wikimqa__row000167,longbench__musique__row000191,0.9873435475675684,0.990150974174906,-0.014655600801802615,-0.023358467088665735
kvzap-predictor-trace-20260818T072530Z::longbench__2wikimqa__row000167,kvzap-predictor-trace-20260818T072640Z::longbench__2wikimqa__row000017,longbench__2wikimqa__row000167,longbench__2wikimqa__row000017,0.9908440201997004,0.9936546477420115,-0.01682146036421872,-0.026054488164367395
kvzap-predictor-trace-20260818T072530Z::longbench__2wikimqa__row000167,kvzap-predictor-trace-20260818T072657Z::longbench__2wikimqa__row000083,longbench__2wikimqa__row000167,longbench__2wikimqa__row000083,0.9887291998508536,0.9921655864950202,-0.013326325679455575,-0.02232467987796727
kvzap-predictor-trace-20260818T072530Z::longbench__2wikimqa__row000167,kvzap-predictor-trace-20260818T072715Z::longbench__2wikimqa__row000124,longbench__2wikimqa__row000167,longbench__2wikimqa__row000124,0.9897545530523248,0.9916619909825002,-0.023717563992486812,-0.032664187074342044
kvzap-predictor-trace-20260818T072530Z::longbench__2wikimqa__row000167,kvzap-predictor-trace-20260818T072733Z::longbench__musique__row000052,longbench__2wikimqa__row000167,longbench__musique__row000052,0.9830670677131333,0.989141766913218,-0.009356030676099025,-0.020459490271986902
kvzap-predictor-trace-20260818T072530Z::longbench__2wikimqa__row000167,kvzap-predictor-trace-20260818T072754Z::longbench__musique__row000155,longbench__2wikimqa__row000167,longbench__musique__row000155,0.9533340153593373,0.9747378066131097,-0.03497353821518234,-0.049044070689506336
kvzap-predictor-trace-20260818T072546Z::longbench__musique__row000068,kvzap-predictor-trace-20260818T072604Z::longbench__musique__row000135,longbench__musique__row000068,longbench__musique__row000135,0.9993943644003878,0.9994453741350041,-0.003654646130381689,-0.005382646526048918
kvzap-predictor-trace-20260818T072546Z::longbench__musique__row000068,kvzap-predictor-trace-20260818T072622Z::longbench__musique__row000191,longbench__musique__row000068,longbench__musique__row000191,0.9992010327157921,0.9993539051379678,-0.0032148853641430497,-0.005480409813053422
kvzap-predictor-trace-20260818T072546Z::longbench__musique__row000068,kvzap-predictor-trace-20260818T072640Z::longbench__2wikimqa__row000017,longbench__musique__row000068,longbench__2wikimqa__row000017,0.9965161598372035,0.9931626907021348,-0.005380744926559156,-0.008176430888755082
kvzap-predictor-trace-20260818T072546Z::longbench__musique__row000068,kvzap-predictor-trace-20260818T072657Z::longbench__2wikimqa__row000083,longbench__musique__row000068,longbench__2wikimqa__row000083,0.9954299239804186,0.9912041922375161,-0.0018856102417960097,-0.004446622602354955
kvzap-predictor-trace-20260818T072546Z::longbench__musique__row000068,kvzap-predictor-trace-20260818T072715Z::longbench__2wikimqa__row000124,longbench__musique__row000068,longbench__2wikimqa__row000124,0.9936962585735394,0.9898453457122706,-0.012276848554827247,-0.01478612979872973
kvzap-predictor-trace-20260818T072546Z::longbench__musique__row000068,kvzap-predictor-trace-20260818T072733Z::longbench__musique__row000052,longbench__musique__row000068,longbench__musique__row000052,0.9954790525344722,0.9951567351286206,0.00208468476156054,-0.0025814329963745886
kvzap-predictor-trace-20260818T072546Z::longbench__musique__row000068,kvzap-predictor-trace-20260818T072754Z::longbench__musique__row000155,longbench__musique__row000068,longbench__musique__row000155,0.9781668954633279,0.9811739708683198,-0.023532822777522777,-0.031166013413894023
kvzap-predictor-trace-20260818T072604Z::longbench__musique__row000135,kvzap-predictor-trace-20260818T072622Z::longbench__musique__row000191,longbench__musique__row000135,longbench__musique__row000191,0.9997710366977034,0.9997415050616969,0.00043976076623863936,-9.776328700450421e-05
kvzap-predictor-trace-20260818T072604Z::longbench__musique__row000135,kvzap-predictor-trace-20260818T072640Z::longbench__2wikimqa__row000017,longbench__musique__row000135,longbench__2wikimqa__row000017,0.9964535411677579,0.9946125407937771,-0.0017260987961774665,-0.0027937843627061643
kvzap-predictor-trace-20260818T072604Z::longbench__musique__row000135,kvzap-predictor-trace-20260818T072657Z::longbench__2wikimqa__row000083,longbench__musique__row000135,longbench__2wikimqa__row000083,0.9961097066905745,0.993264959694616,0.0017690358885856794,0.0009360239236939627
kvzap-predictor-trace-20260818T072604Z::longbench__musique__row000135,kvzap-predictor-trace-20260818T072715Z::longbench__2wikimqa__row000124,longbench__musique__row000135,longbench__2wikimqa__row000124,0.9934418958629596,0.99167512637226,-0.008622202424445558,-0.009403483272680813
kvzap-predictor-trace-20260818T072604Z::longbench__musique__row000135,kvzap-predictor-trace-20260818T072733Z::longbench__musique__row000052,longbench__musique__row000135,longbench__musique__row000052,0.9968804852439666,0.9959900823747069,0.005739330891942229,0.002801213529674329
kvzap-predictor-trace-20260818T072604Z::longbench__musique__row000135,kvzap-predictor-trace-20260818T072754Z::longbench__musique__row000155,longbench__musique__row000135,longbench__musique__row000155,0.9830654450070507,0.9850729171086269,-0.019878176647141088,-0.025783366887845105
kvzap-predictor-trace-20260818T072622Z::longbench__musique__row000191,kvzap-predictor-trace-20260818T072640Z::longbench__2wikimqa__row000017,longbench__musique__row000191,longbench__2wikimqa__row000017,0.996096048980045,0.9943203229186889,-0.002165859562416106,-0.00269602107570166
kvzap-predictor-trace-20260818T072622Z::longbench__musique__row000191,kvzap-predictor-trace-20260818T072657Z::longbench__2wikimqa__row000083,longbench__musique__row000191,longbench__2wikimqa__row000083,0.9959910159899898,0.9928208053113134,0.00132927512234704,0.001033787210698467
kvzap-predictor-trace-20260818T072622Z::longbench__musique__row000191,kvzap-predictor-trace-20260818T072715Z::longbench__2wikimqa__row000124,longbench__musique__row000191,longbench__2wikimqa__row000124,0.9932663332152961,0.9914344159184761,-0.009061963190684197,-0.009305719985676308
kvzap-predictor-trace-20260818T072622Z::longbench__musique__row000191,kvzap-predictor-trace-20260818T072733Z::longbench__musique__row000052,longbench__musique__row000191,longbench__musique__row000052,0.997169559983504,0.9964238834638536,0.00529957012570359,0.0028989768166788332
kvzap-predictor-trace-20260818T072622Z::longbench__musique__row000191,kvzap-predictor-trace-20260818T072754Z::longbench__musique__row000155,longbench__musique__row000191,longbench__musique__row000155,0.983965082074697,0.9855461917991974,-0.020317937413379727,-0.0256856036008406
kvzap-predictor-trace-20260818T072640Z::longbench__2wikimqa__row000017,kvzap-predictor-trace-20260818T072657Z::longbench__2wikimqa__row000083,longbench__2wikimqa__row000017,longbench__2wikimqa__row000083,0.9990626496501444,0.9986135264425497,0.003495134684763146,0.003729808286400127
kvzap-predictor-trace-20260818T072640Z::longbench__2wikimqa__row000017,kvzap-predictor-trace-20260818T072715Z::longbench__2wikimqa__row000124,longbench__2wikimqa__row000017,longbench__2wikimqa__row000124,0.9992035161785315,0.9990010795799186,-0.006896103628268091,-0.006609698909974648
kvzap-predictor-trace-20260818T072640Z::longbench__2wikimqa__row000017,kvzap-predictor-trace-20260818T072733Z::longbench__musique__row000052,longbench__2wikimqa__row000017,longbench__musique__row000052,0.9966833654842726,0.9950661405993347,0.007465429688119696,0.005594997892380493
kvzap-predictor-trace-20260818T072640Z::longbench__2wikimqa__row000017,kvzap-predictor-trace-20260818T072754Z::longbench__musique__row000155,longbench__2wikimqa__row000017,longbench__musique__row000155,0.983245033098266,0.9918287268873851,-0.01815207785096362,-0.02298958252513894
kvzap-predictor-trace-20260818T072657Z::longbench__2wikimqa__row000083,kvzap-predictor-trace-20260818T072715Z::longbench__2wikimqa__row000124,longbench__2wikimqa__row000083,longbench__2wikimqa__row000124,0.9981698140062976,0.99784515615498,-0.010391238313031237,-0.010339507196374775
kvzap-predictor-trace-20260818T072657Z::longbench__2wikimqa__row000083,kvzap-predictor-trace-20260818T072733Z::longbench__musique__row000052,longbench__2wikimqa__row000083,longbench__musique__row000052,0.9978597673549964,0.9945513596327515,0.00397029500335655,0.0018651896059803663
kvzap-predictor-trace-20260818T072657Z::longbench__2wikimqa__row000083,kvzap-predictor-trace-20260818T072754Z::longbench__musique__row000155,longbench__2wikimqa__row000083,longbench__musique__row000155,0.9863457030005605,0.9931530410993058,-0.021647212535726768,-0.026719390811539068
kvzap-predictor-trace-20260818T072715Z::longbench__2wikimqa__row000124,kvzap-predictor-trace-20260818T072733Z::longbench__musique__row000052,longbench__2wikimqa__row000124,longbench__musique__row000052,0.9946630453253398,0.9926742086938458,0.014361533316387787,0.012204696802355142
kvzap-predictor-trace-20260818T072715Z::longbench__2wikimqa__row000124,kvzap-predictor-trace-20260818T072754Z::longbench__musique__row000155,longbench__2wikimqa__row000124,longbench__musique__row000155,0.9815569551227755,0.9915371023013303,-0.01125597422269553,-0.016379883615164292
kvzap-predictor-trace-20260818T072733Z::longbench__musique__row000052,kvzap-predictor-trace-20260818T072754Z::longbench__musique__row000155,longbench__musique__row000052,longbench__musique__row000155,0.9900216311306348,0.989303302387612,-0.025617507539083317,-0.028584580417519434
